ISO-10303-21;
HEADER;
FILE_DESCRIPTION(('convert3d faceted mesh'),'2;1');
FILE_NAME('7314858-RYK0018A.stp','2024-01-01',(''),(''),'','convert3d','');
FILE_SCHEMA(('AUTOMOTIVE_DESIGN { 1 0 10303 214 1 1 1 1 }'));
ENDSEC;
DATA;
#1=APPLICATION_PROTOCOL_DEFINITION('international standard','automotive_design',2000,#2);
#2=APPLICATION_CONTEXT('core data for automotive mechanical design processes');
#3=SHAPE_DEFINITION_REPRESENTATION(#4,#18289);
#4=PRODUCT_DEFINITION_SHAPE('','',#5);
#5=PRODUCT_DEFINITION('design','',#6,#9);
#6=PRODUCT_DEFINITION_FORMATION('','',#7);
#7=PRODUCT('7314858-RYK0018A','7314858-RYK0018A','',(#8));
#8=PRODUCT_CONTEXT('',#2,'mechanical');
#9=PRODUCT_DEFINITION_CONTEXT('part definition',#2,'design');
#18280=CARTESIAN_POINT('',(0.,0.,0.));
#18281=DIRECTION('',(0.,0.,1.));
#18282=DIRECTION('',(1.,0.,0.));
#18283=AXIS2_PLACEMENT_3D('',#18280,#18281,#18282);
#18284=(LENGTH_UNIT() NAMED_UNIT(*) SI_UNIT($,.METRE.));
#18285=(NAMED_UNIT(*) PLANE_ANGLE_UNIT() SI_UNIT($,.RADIAN.));
#18286=(NAMED_UNIT(*) SI_UNIT($,.STERADIAN.) SOLID_ANGLE_UNIT());
#18287=UNCERTAINTY_MEASURE_WITH_UNIT(LENGTH_MEASURE(1.E-07),#18284,'distance_accuracy_value','confusion accuracy');
#18288=(GEOMETRIC_REPRESENTATION_CONTEXT(3) GLOBAL_UNCERTAINTY_ASSIGNED_CONTEXT((#18287)) GLOBAL_UNIT_ASSIGNED_CONTEXT((#18284,#18285,#18286)) REPRESENTATION_CONTEXT('','3D'));
#20=CARTESIAN_POINT('',(-0.001125,0.00095,0.));
#21=CARTESIAN_POINT('',(-0.0015,0.00095,0.));
#22=CARTESIAN_POINT('',(-0.0015,0.00075,0.));
#23=CARTESIAN_POINT('',(-0.001075195,0.00075,0.));
#24=CARTESIAN_POINT('',(-0.000925,0.0009,0.));
#25=CARTESIAN_POINT('',(-0.000925,0.00125,0.));
#26=CARTESIAN_POINT('',(-0.001125,0.00125,0.));
#27=DIRECTION('',(0.,0.,-1.));
#32=AXIS2_PLACEMENT_3D('',#20,#27,$);
#37=PLANE('',#32);
#42=POLY_LOOP('',(#20,#22,#21));
#47=FACE_OUTER_BOUND('',#42,.T.);
#52=FACE_SURFACE('',(#47),#37,.T.);
#28=DIRECTION('',(0.,0.,-1.));
#33=AXIS2_PLACEMENT_3D('',#20,#28,$);
#38=PLANE('',#33);
#43=POLY_LOOP('',(#20,#23,#22));
#48=FACE_OUTER_BOUND('',#43,.T.);
#53=FACE_SURFACE('',(#48),#38,.T.);
#29=DIRECTION('',(0.,0.,-1.));
#34=AXIS2_PLACEMENT_3D('',#24,#29,$);
#39=PLANE('',#34);
#44=POLY_LOOP('',(#24,#23,#20));
#49=FACE_OUTER_BOUND('',#44,.T.);
#54=FACE_SURFACE('',(#49),#39,.T.);
#30=DIRECTION('',(0.,0.,-1.));
#35=AXIS2_PLACEMENT_3D('',#25,#30,$);
#40=PLANE('',#35);
#45=POLY_LOOP('',(#25,#20,#26));
#50=FACE_OUTER_BOUND('',#45,.T.);
#55=FACE_SURFACE('',(#50),#40,.T.);
#31=DIRECTION('',(0.,0.,-1.));
#36=AXIS2_PLACEMENT_3D('',#25,#31,$);
#41=PLANE('',#36);
#46=POLY_LOOP('',(#25,#24,#20));
#51=FACE_OUTER_BOUND('',#46,.T.);
#56=FACE_SURFACE('',(#51),#41,.T.);
#57=CLOSED_SHELL('',(#52,#53,#54,#55,#56));
#58=FACETED_BREP('',#57);
#59=CARTESIAN_POINT('',(-0.0015,0.00095,0.));
#60=CARTESIAN_POINT('',(-0.0015,0.00095,0.0001));
#61=CARTESIAN_POINT('',(-0.001125,0.00095,0.0001));
#62=CARTESIAN_POINT('',(-0.001125,0.00095,0.));
#63=DIRECTION('',(0.,1.,0.));
#65=AXIS2_PLACEMENT_3D('',#60,#63,$);
#67=PLANE('',#65);
#69=POLY_LOOP('',(#60,#61,#62));
#71=FACE_OUTER_BOUND('',#69,.T.);
#73=FACE_SURFACE('',(#71),#67,.T.);
#64=DIRECTION('',(0.,1.,0.));
#66=AXIS2_PLACEMENT_3D('',#60,#64,$);
#68=PLANE('',#66);
#70=POLY_LOOP('',(#60,#62,#59));
#72=FACE_OUTER_BOUND('',#70,.T.);
#74=FACE_SURFACE('',(#72),#68,.T.);
#75=CLOSED_SHELL('',(#73,#74));
#76=FACETED_BREP('',#75);
#77=CARTESIAN_POINT('',(-0.001125,0.00095,0.));
#78=CARTESIAN_POINT('',(-0.001125,0.00095,0.0001));
#79=CARTESIAN_POINT('',(-0.001125,0.00125,0.0001));
#80=CARTESIAN_POINT('',(-0.001125,0.00125,0.));
#81=DIRECTION('',(-1.,0.,0.));
#83=AXIS2_PLACEMENT_3D('',#78,#81,$);
#85=PLANE('',#83);
#87=POLY_LOOP('',(#78,#79,#80));
#89=FACE_OUTER_BOUND('',#87,.T.);
#91=FACE_SURFACE('',(#89),#85,.T.);
#82=DIRECTION('',(-1.,0.,0.));
#84=AXIS2_PLACEMENT_3D('',#78,#82,$);
#86=PLANE('',#84);
#88=POLY_LOOP('',(#78,#80,#77));
#90=FACE_OUTER_BOUND('',#88,.T.);
#92=FACE_SURFACE('',(#90),#86,.T.);
#93=CLOSED_SHELL('',(#91,#92));
#94=FACETED_BREP('',#93);
#95=CARTESIAN_POINT('',(-0.001125,0.00125,0.));
#96=CARTESIAN_POINT('',(-0.001125,0.00125,0.0001));
#97=CARTESIAN_POINT('',(-0.000925,0.00125,0.0001));
#98=CARTESIAN_POINT('',(-0.000925,0.00125,0.));
#99=DIRECTION('',(0.,1.,0.));
#101=AXIS2_PLACEMENT_3D('',#96,#99,$);
#103=PLANE('',#101);
#105=POLY_LOOP('',(#96,#97,#98));
#107=FACE_OUTER_BOUND('',#105,.T.);
#109=FACE_SURFACE('',(#107),#103,.T.);
#100=DIRECTION('',(0.,1.,0.));
#102=AXIS2_PLACEMENT_3D('',#96,#100,$);
#104=PLANE('',#102);
#106=POLY_LOOP('',(#96,#98,#95));
#108=FACE_OUTER_BOUND('',#106,.T.);
#110=FACE_SURFACE('',(#108),#104,.T.);
#111=CLOSED_SHELL('',(#109,#110));
#112=FACETED_BREP('',#111);
#113=CARTESIAN_POINT('',(-0.000925,0.00125,0.));
#114=CARTESIAN_POINT('',(-0.000925,0.00125,0.0001));
#115=CARTESIAN_POINT('',(-0.000925,0.0009,0.0001));
#116=CARTESIAN_POINT('',(-0.000925,0.0009,0.));
#117=DIRECTION('',(1.,0.,0.));
#119=AXIS2_PLACEMENT_3D('',#114,#117,$);
#121=PLANE('',#119);
#123=POLY_LOOP('',(#114,#115,#116));
#125=FACE_OUTER_BOUND('',#123,.T.);
#127=FACE_SURFACE('',(#125),#121,.T.);
#118=DIRECTION('',(1.,0.,0.));
#120=AXIS2_PLACEMENT_3D('',#114,#118,$);
#122=PLANE('',#120);
#124=POLY_LOOP('',(#114,#116,#113));
#126=FACE_OUTER_BOUND('',#124,.T.);
#128=FACE_SURFACE('',(#126),#122,.T.);
#129=CLOSED_SHELL('',(#127,#128));
#130=FACETED_BREP('',#129);
#131=CARTESIAN_POINT('',(-0.000925,0.0009,0.));
#132=CARTESIAN_POINT('',(-0.000925,0.0009,0.0001));
#133=CARTESIAN_POINT('',(-0.001075195,0.00075,0.0001));
#134=CARTESIAN_POINT('',(-0.001075195,0.00075,0.));
#135=DIRECTION('',(0.7066472,-0.7075661,0.));
#137=AXIS2_PLACEMENT_3D('',#132,#135,$);
#139=PLANE('',#137);
#141=POLY_LOOP('',(#132,#133,#134));
#143=FACE_OUTER_BOUND('',#141,.T.);
#145=FACE_SURFACE('',(#143),#139,.T.);
#136=DIRECTION('',(0.7066472,-0.7075661,0.));
#138=AXIS2_PLACEMENT_3D('',#132,#136,$);
#140=PLANE('',#138);
#142=POLY_LOOP('',(#132,#134,#131));
#144=FACE_OUTER_BOUND('',#142,.T.);
#146=FACE_SURFACE('',(#144),#140,.T.);
#147=CLOSED_SHELL('',(#145,#146));
#148=FACETED_BREP('',#147);
#149=CARTESIAN_POINT('',(-0.001075195,0.00075,0.));
#150=CARTESIAN_POINT('',(-0.001075195,0.00075,0.0001));
#151=CARTESIAN_POINT('',(-0.0015,0.00075,0.0001));
#152=CARTESIAN_POINT('',(-0.0015,0.00075,0.));
#153=DIRECTION('',(0.,-1.,0.));
#155=AXIS2_PLACEMENT_3D('',#150,#153,$);
#157=PLANE('',#155);
#159=POLY_LOOP('',(#150,#151,#152));
#161=FACE_OUTER_BOUND('',#159,.T.);
#163=FACE_SURFACE('',(#161),#157,.T.);
#154=DIRECTION('',(0.,-1.,0.));
#156=AXIS2_PLACEMENT_3D('',#150,#154,$);
#158=PLANE('',#156);
#160=POLY_LOOP('',(#150,#152,#149));
#162=FACE_OUTER_BOUND('',#160,.T.);
#164=FACE_SURFACE('',(#162),#158,.T.);
#165=CLOSED_SHELL('',(#163,#164));
#166=FACETED_BREP('',#165);
#167=CARTESIAN_POINT('',(-0.0015,0.00075,0.));
#168=CARTESIAN_POINT('',(-0.0015,0.00075,0.0001));
#169=CARTESIAN_POINT('',(-0.0015,0.00095,0.0001));
#170=CARTESIAN_POINT('',(-0.0015,0.00095,0.));
#171=DIRECTION('',(-1.,0.,0.));
#173=AXIS2_PLACEMENT_3D('',#168,#171,$);
#175=PLANE('',#173);
#177=POLY_LOOP('',(#168,#169,#170));
#179=FACE_OUTER_BOUND('',#177,.T.);
#181=FACE_SURFACE('',(#179),#175,.T.);
#172=DIRECTION('',(-1.,0.,0.));
#174=AXIS2_PLACEMENT_3D('',#168,#172,$);
#176=PLANE('',#174);
#178=POLY_LOOP('',(#168,#170,#167));
#180=FACE_OUTER_BOUND('',#178,.T.);
#182=FACE_SURFACE('',(#180),#176,.T.);
#183=CLOSED_SHELL('',(#181,#182));
#184=FACETED_BREP('',#183);
#185=CARTESIAN_POINT('',(-0.0015,0.00095,0.0001));
#186=CARTESIAN_POINT('',(-0.0015,0.00075,0.0001));
#187=CARTESIAN_POINT('',(-0.001075195,0.00075,0.0001));
#188=CARTESIAN_POINT('',(-0.000925,0.0009,0.0001));
#189=CARTESIAN_POINT('',(-0.000925,0.00125,0.0001));
#190=CARTESIAN_POINT('',(-0.001125,0.00125,0.0001));
#191=CARTESIAN_POINT('',(-0.001125,0.00095,0.0001));
#192=DIRECTION('',(0.,0.,1.));
#197=AXIS2_PLACEMENT_3D('',#191,#192,$);
#202=PLANE('',#197);
#207=POLY_LOOP('',(#191,#185,#186));
#212=FACE_OUTER_BOUND('',#207,.T.);
#217=FACE_SURFACE('',(#212),#202,.T.);
#193=DIRECTION('',(0.,0.,1.));
#198=AXIS2_PLACEMENT_3D('',#191,#193,$);
#203=PLANE('',#198);
#208=POLY_LOOP('',(#191,#186,#187));
#213=FACE_OUTER_BOUND('',#208,.T.);
#218=FACE_SURFACE('',(#213),#203,.T.);
#194=DIRECTION('',(0.,0.,1.));
#199=AXIS2_PLACEMENT_3D('',#188,#194,$);
#204=PLANE('',#199);
#209=POLY_LOOP('',(#188,#191,#187));
#214=FACE_OUTER_BOUND('',#209,.T.);
#219=FACE_SURFACE('',(#214),#204,.T.);
#195=DIRECTION('',(0.,0.,1.));
#200=AXIS2_PLACEMENT_3D('',#189,#195,$);
#205=PLANE('',#200);
#210=POLY_LOOP('',(#189,#190,#191));
#215=FACE_OUTER_BOUND('',#210,.T.);
#220=FACE_SURFACE('',(#215),#205,.T.);
#196=DIRECTION('',(0.,0.,1.));
#201=AXIS2_PLACEMENT_3D('',#189,#196,$);
#206=PLANE('',#201);
#211=POLY_LOOP('',(#189,#191,#188));
#216=FACE_OUTER_BOUND('',#211,.T.);
#221=FACE_SURFACE('',(#216),#206,.T.);
#222=CLOSED_SHELL('',(#217,#218,#219,#220,#221));
#223=FACETED_BREP('',#222);
#224=CARTESIAN_POINT('',(-0.001175,0.000293485,0.));
#225=CARTESIAN_POINT('',(-0.001157635,0.0002950042,0.));
#226=CARTESIAN_POINT('',(-0.001140798,0.0002995157,0.));
#227=CARTESIAN_POINT('',(-0.001125,0.0003068825,0.));
#228=CARTESIAN_POINT('',(-0.001110721,0.0003168806,0.));
#229=CARTESIAN_POINT('',(-0.001098396,0.0003292062,0.));
#230=CARTESIAN_POINT('',(-0.001088397,0.000343485,0.));
#231=CARTESIAN_POINT('',(-0.001081031,0.000359283,0.));
#232=CARTESIAN_POINT('',(-0.001076519,0.0003761202,0.));
#233=CARTESIAN_POINT('',(-0.001075,0.000393485,0.));
#234=CARTESIAN_POINT('',(-0.001076519,0.0004108498,0.));
#235=CARTESIAN_POINT('',(-0.001081031,0.000427687,0.));
#236=CARTESIAN_POINT('',(-0.001088397,0.000443485,0.));
#237=CARTESIAN_POINT('',(-0.001098396,0.0004577638,0.));
#238=CARTESIAN_POINT('',(-0.001110721,0.0004700894,0.));
#239=CARTESIAN_POINT('',(-0.001125,0.0004800875,0.));
#240=CARTESIAN_POINT('',(-0.001140798,0.0004874543,0.));
#241=CARTESIAN_POINT('',(-0.001157635,0.0004919658,0.));
#242=CARTESIAN_POINT('',(-0.001175,0.000493485,0.));
#243=CARTESIAN_POINT('',(-0.0015,0.000493485,0.));
#244=CARTESIAN_POINT('',(-0.0015,0.000293485,0.));
#245=DIRECTION('',(0.,0.,-1.));
#264=AXIS2_PLACEMENT_3D('',#228,#245,$);
#283=PLANE('',#264);
#302=POLY_LOOP('',(#228,#227,#226));
#321=FACE_OUTER_BOUND('',#302,.T.);
#340=FACE_SURFACE('',(#321),#283,.T.);
#246=DIRECTION('',(0.,0.,-1.));
#265=AXIS2_PLACEMENT_3D('',#229,#246,$);
#284=PLANE('',#265);
#303=POLY_LOOP('',(#229,#228,#226));
#322=FACE_OUTER_BOUND('',#303,.T.);
#341=FACE_SURFACE('',(#322),#284,.T.);
#247=DIRECTION('',(0.,0.,-1.));
#266=AXIS2_PLACEMENT_3D('',#233,#247,$);
#285=PLANE('',#266);
#304=POLY_LOOP('',(#233,#232,#231));
#323=FACE_OUTER_BOUND('',#304,.T.);
#342=FACE_SURFACE('',(#323),#285,.T.);
#248=DIRECTION('',(0.,0.,-1.));
#267=AXIS2_PLACEMENT_3D('',#242,#248,$);
#286=PLANE('',#267);
#305=POLY_LOOP('',(#242,#244,#243));
#324=FACE_OUTER_BOUND('',#305,.T.);
#343=FACE_SURFACE('',(#324),#286,.T.);
#249=DIRECTION('',(0.,0.,-1.));
#268=AXIS2_PLACEMENT_3D('',#242,#249,$);
#287=PLANE('',#268);
#306=POLY_LOOP('',(#242,#224,#244));
#325=FACE_OUTER_BOUND('',#306,.T.);
#344=FACE_SURFACE('',(#325),#287,.T.);
#250=DIRECTION('',(0.,0.,-1.));
#269=AXIS2_PLACEMENT_3D('',#241,#250,$);
#288=PLANE('',#269);
#307=POLY_LOOP('',(#241,#225,#224));
#326=FACE_OUTER_BOUND('',#307,.T.);
#345=FACE_SURFACE('',(#326),#288,.T.);
#251=DIRECTION('',(0.,0.,-1.));
#270=AXIS2_PLACEMENT_3D('',#241,#251,$);
#289=PLANE('',#270);
#308=POLY_LOOP('',(#241,#224,#242));
#327=FACE_OUTER_BOUND('',#308,.T.);
#346=FACE_SURFACE('',(#327),#289,.T.);
#252=DIRECTION('',(0.,0.,-1.));
#271=AXIS2_PLACEMENT_3D('',#235,#252,$);
#290=PLANE('',#271);
#309=POLY_LOOP('',(#235,#234,#233));
#328=FACE_OUTER_BOUND('',#309,.T.);
#347=FACE_SURFACE('',(#328),#290,.T.);
#253=DIRECTION('',(0.,0.,-1.));
#272=AXIS2_PLACEMENT_3D('',#236,#253,$);
#291=PLANE('',#272);
#310=POLY_LOOP('',(#236,#235,#233));
#329=FACE_OUTER_BOUND('',#310,.T.);
#348=FACE_SURFACE('',(#329),#291,.T.);
#254=DIRECTION('',(0.,0.,-1.));
#273=AXIS2_PLACEMENT_3D('',#238,#254,$);
#292=PLANE('',#273);
#311=POLY_LOOP('',(#238,#226,#225));
#330=FACE_OUTER_BOUND('',#311,.T.);
#349=FACE_SURFACE('',(#330),#292,.T.);
#255=DIRECTION('',(0.,0.,-1.));
#274=AXIS2_PLACEMENT_3D('',#238,#255,$);
#293=PLANE('',#274);
#312=POLY_LOOP('',(#238,#230,#229));
#331=FACE_OUTER_BOUND('',#312,.T.);
#350=FACE_SURFACE('',(#331),#293,.T.);
#256=DIRECTION('',(0.,0.,-1.));
#275=AXIS2_PLACEMENT_3D('',#238,#256,$);
#294=PLANE('',#275);
#313=POLY_LOOP('',(#238,#231,#230));
#332=FACE_OUTER_BOUND('',#313,.T.);
#351=FACE_SURFACE('',(#332),#294,.T.);
#257=DIRECTION('',(0.,0.,-1.));
#276=AXIS2_PLACEMENT_3D('',#238,#257,$);
#295=PLANE('',#276);
#314=POLY_LOOP('',(#238,#237,#236));
#333=FACE_OUTER_BOUND('',#314,.T.);
#352=FACE_SURFACE('',(#333),#295,.T.);
#258=DIRECTION('',(0.,0.,-1.));
#277=AXIS2_PLACEMENT_3D('',#238,#258,$);
#296=PLANE('',#277);
#315=POLY_LOOP('',(#238,#240,#239));
#334=FACE_OUTER_BOUND('',#315,.T.);
#353=FACE_SURFACE('',(#334),#296,.T.);
#259=DIRECTION('',(0.,0.,-1.));
#278=AXIS2_PLACEMENT_3D('',#238,#259,$);
#297=PLANE('',#278);
#316=POLY_LOOP('',(#238,#241,#240));
#335=FACE_OUTER_BOUND('',#316,.T.);
#354=FACE_SURFACE('',(#335),#297,.T.);
#260=DIRECTION('',(0.,0.,-1.));
#279=AXIS2_PLACEMENT_3D('',#238,#260,$);
#298=PLANE('',#279);
#317=POLY_LOOP('',(#238,#229,#226));
#336=FACE_OUTER_BOUND('',#317,.T.);
#355=FACE_SURFACE('',(#336),#298,.T.);
#261=DIRECTION('',(0.,0.,-1.));
#280=AXIS2_PLACEMENT_3D('',#238,#261,$);
#299=PLANE('',#280);
#318=POLY_LOOP('',(#238,#233,#231));
#337=FACE_OUTER_BOUND('',#318,.T.);
#356=FACE_SURFACE('',(#337),#299,.T.);
#262=DIRECTION('',(0.,0.,-1.));
#281=AXIS2_PLACEMENT_3D('',#238,#262,$);
#300=PLANE('',#281);
#319=POLY_LOOP('',(#238,#225,#241));
#338=FACE_OUTER_BOUND('',#319,.T.);
#357=FACE_SURFACE('',(#338),#300,.T.);
#263=DIRECTION('',(0.,0.,-1.));
#282=AXIS2_PLACEMENT_3D('',#238,#263,$);
#301=PLANE('',#282);
#320=POLY_LOOP('',(#238,#236,#233));
#339=FACE_OUTER_BOUND('',#320,.T.);
#358=FACE_SURFACE('',(#339),#301,.T.);
#359=CLOSED_SHELL('',(#340,#341,#342,#343,#344,#345,#346,#347,#348,#349,#350,#351,#352,#353,#354,#355,#356,#357,#358));
#360=FACETED_BREP('',#359);
#361=CARTESIAN_POINT('',(-0.001175,0.000493485,0.));
#362=CARTESIAN_POINT('',(-0.001175,0.000493485,0.0001));
#363=CARTESIAN_POINT('',(-0.001175,0.000293485,0.0001));
#364=CARTESIAN_POINT('',(-0.001157635,0.0002950042,0.0001));
#365=CARTESIAN_POINT('',(-0.001140798,0.0002995157,0.0001));
#366=CARTESIAN_POINT('',(-0.001125,0.0003068825,0.0001));
#367=CARTESIAN_POINT('',(-0.001110721,0.0003168806,0.0001));
#368=CARTESIAN_POINT('',(-0.001098396,0.0003292062,0.0001));
#369=CARTESIAN_POINT('',(-0.001088397,0.000343485,0.0001));
#370=CARTESIAN_POINT('',(-0.001081031,0.000359283,0.0001));
#371=CARTESIAN_POINT('',(-0.001076519,0.0003761202,0.0001));
#372=CARTESIAN_POINT('',(-0.001075,0.000393485,0.0001));
#373=CARTESIAN_POINT('',(-0.001076519,0.0004108498,0.0001));
#374=CARTESIAN_POINT('',(-0.001081031,0.000427687,0.0001));
#375=CARTESIAN_POINT('',(-0.001088397,0.000443485,0.0001));
#376=CARTESIAN_POINT('',(-0.001098396,0.0004577638,0.0001));
#377=CARTESIAN_POINT('',(-0.001110721,0.0004700894,0.0001));
#378=CARTESIAN_POINT('',(-0.001125,0.0004800875,0.0001));
#379=CARTESIAN_POINT('',(-0.001140798,0.0004874543,0.0001));
#380=CARTESIAN_POINT('',(-0.001157635,0.0004919658,0.0001));
#381=CARTESIAN_POINT('',(-0.001175,0.000293485,0.));
#382=CARTESIAN_POINT('',(-0.001157635,0.0002950042,0.));
#383=CARTESIAN_POINT('',(-0.001140798,0.0002995157,0.));
#384=CARTESIAN_POINT('',(-0.001125,0.0003068825,0.));
#385=CARTESIAN_POINT('',(-0.001110721,0.0003168806,0.));
#386=CARTESIAN_POINT('',(-0.001098396,0.0003292062,0.));
#387=CARTESIAN_POINT('',(-0.001088397,0.000343485,0.));
#388=CARTESIAN_POINT('',(-0.001081031,0.000359283,0.));
#389=CARTESIAN_POINT('',(-0.001076519,0.0003761202,0.));
#390=CARTESIAN_POINT('',(-0.001075,0.000393485,0.));
#391=CARTESIAN_POINT('',(-0.001076519,0.0004108498,0.));
#392=CARTESIAN_POINT('',(-0.001081031,0.000427687,0.));
#393=CARTESIAN_POINT('',(-0.001088397,0.000443485,0.));
#394=CARTESIAN_POINT('',(-0.001098396,0.0004577638,0.));
#395=CARTESIAN_POINT('',(-0.001110721,0.0004700894,0.));
#396=CARTESIAN_POINT('',(-0.001125,0.0004800875,0.));
#397=CARTESIAN_POINT('',(-0.001140798,0.0004874543,0.));
#398=CARTESIAN_POINT('',(-0.001157635,0.0004919658,0.));
#399=DIRECTION('',(0.08715527,-0.9961947,0.));
#435=AXIS2_PLACEMENT_3D('',#364,#399,$);
#471=PLANE('',#435);
#507=POLY_LOOP('',(#364,#363,#381));
#543=FACE_OUTER_BOUND('',#507,.T.);
#579=FACE_SURFACE('',(#543),#471,.T.);
#400=DIRECTION('',(0.08715527,-0.9961947,0.));
#436=AXIS2_PLACEMENT_3D('',#364,#400,$);
#472=PLANE('',#436);
#508=POLY_LOOP('',(#364,#381,#382));
#544=FACE_OUTER_BOUND('',#508,.T.);
#580=FACE_SURFACE('',(#544),#472,.T.);
#401=DIRECTION('',(0.2588191,-0.9659258,0.));
#437=AXIS2_PLACEMENT_3D('',#365,#401,$);
#473=PLANE('',#437);
#509=POLY_LOOP('',(#365,#382,#383));
#545=FACE_OUTER_BOUND('',#509,.T.);
#581=FACE_SURFACE('',(#545),#473,.T.);
#402=DIRECTION('',(0.2588191,-0.9659258,0.));
#438=AXIS2_PLACEMENT_3D('',#365,#402,$);
#474=PLANE('',#438);
#510=POLY_LOOP('',(#365,#364,#382));
#546=FACE_OUTER_BOUND('',#510,.T.);
#582=FACE_SURFACE('',(#546),#474,.T.);
#403=DIRECTION('',(0.4226179,-0.906308,0.));
#439=AXIS2_PLACEMENT_3D('',#366,#403,$);
#475=PLANE('',#439);
#511=POLY_LOOP('',(#366,#383,#384));
#547=FACE_OUTER_BOUND('',#511,.T.);
#583=FACE_SURFACE('',(#547),#475,.T.);
#404=DIRECTION('',(0.4226179,-0.906308,0.));
#440=AXIS2_PLACEMENT_3D('',#366,#404,$);
#476=PLANE('',#440);
#512=POLY_LOOP('',(#366,#365,#383));
#548=FACE_OUTER_BOUND('',#512,.T.);
#584=FACE_SURFACE('',(#548),#476,.T.);
#405=DIRECTION('',(0.5735784,-0.8191506,0.));
#441=AXIS2_PLACEMENT_3D('',#367,#405,$);
#477=PLANE('',#441);
#513=POLY_LOOP('',(#367,#384,#385));
#549=FACE_OUTER_BOUND('',#513,.T.);
#585=FACE_SURFACE('',(#549),#477,.T.);
#406=DIRECTION('',(0.5735784,-0.8191506,0.));
#442=AXIS2_PLACEMENT_3D('',#367,#406,$);
#478=PLANE('',#442);
#514=POLY_LOOP('',(#367,#366,#384));
#550=FACE_OUTER_BOUND('',#514,.T.);
#586=FACE_SURFACE('',(#550),#478,.T.);
#407=DIRECTION('',(0.7071059,-0.7071076,0.));
#443=AXIS2_PLACEMENT_3D('',#368,#407,$);
#479=PLANE('',#443);
#515=POLY_LOOP('',(#368,#385,#386));
#551=FACE_OUTER_BOUND('',#515,.T.);
#587=FACE_SURFACE('',(#551),#479,.T.);
#408=DIRECTION('',(0.7071059,-0.7071076,0.));
#444=AXIS2_PLACEMENT_3D('',#368,#408,$);
#480=PLANE('',#444);
#516=POLY_LOOP('',(#368,#367,#385));
#552=FACE_OUTER_BOUND('',#516,.T.);
#588=FACE_SURFACE('',(#552),#480,.T.);
#409=DIRECTION('',(0.8191523,-0.5735761,0.));
#445=AXIS2_PLACEMENT_3D('',#369,#409,$);
#481=PLANE('',#445);
#517=POLY_LOOP('',(#369,#386,#387));
#553=FACE_OUTER_BOUND('',#517,.T.);
#589=FACE_SURFACE('',(#553),#481,.T.);
#410=DIRECTION('',(0.8191523,-0.5735761,0.));
#446=AXIS2_PLACEMENT_3D('',#369,#410,$);
#482=PLANE('',#446);
#518=POLY_LOOP('',(#369,#368,#386));
#554=FACE_OUTER_BOUND('',#518,.T.);
#590=FACE_SURFACE('',(#554),#482,.T.);
#411=DIRECTION('',(0.9063067,-0.4226206,0.));
#447=AXIS2_PLACEMENT_3D('',#370,#411,$);
#483=PLANE('',#447);
#519=POLY_LOOP('',(#370,#387,#388));
#555=FACE_OUTER_BOUND('',#519,.T.);
#591=FACE_SURFACE('',(#555),#483,.T.);
#412=DIRECTION('',(0.9063067,-0.4226206,0.));
#448=AXIS2_PLACEMENT_3D('',#370,#412,$);
#484=PLANE('',#448);
#520=POLY_LOOP('',(#370,#369,#387));
#556=FACE_OUTER_BOUND('',#520,.T.);
#592=FACE_SURFACE('',(#556),#484,.T.);
#413=DIRECTION('',(0.9659269,-0.2588151,0.));
#449=AXIS2_PLACEMENT_3D('',#371,#413,$);
#485=PLANE('',#449);
#521=POLY_LOOP('',(#371,#388,#389));
#557=FACE_OUTER_BOUND('',#521,.T.);
#593=FACE_SURFACE('',(#557),#485,.T.);
#414=DIRECTION('',(0.9659269,-0.2588151,0.));
#450=AXIS2_PLACEMENT_3D('',#371,#414,$);
#486=PLANE('',#450);
#522=POLY_LOOP('',(#371,#370,#388));
#558=FACE_OUTER_BOUND('',#522,.T.);
#594=FACE_SURFACE('',(#558),#486,.T.);
#415=DIRECTION('',(0.9961947,-0.08715541,0.));
#451=AXIS2_PLACEMENT_3D('',#372,#415,$);
#487=PLANE('',#451);
#523=POLY_LOOP('',(#372,#389,#390));
#559=FACE_OUTER_BOUND('',#523,.T.);
#595=FACE_SURFACE('',(#559),#487,.T.);
#416=DIRECTION('',(0.9961947,-0.08715541,0.));
#452=AXIS2_PLACEMENT_3D('',#372,#416,$);
#488=PLANE('',#452);
#524=POLY_LOOP('',(#372,#371,#389));
#560=FACE_OUTER_BOUND('',#524,.T.);
#596=FACE_SURFACE('',(#560),#488,.T.);
#417=DIRECTION('',(0.9961947,0.08715556,0.));
#453=AXIS2_PLACEMENT_3D('',#373,#417,$);
#489=PLANE('',#453);
#525=POLY_LOOP('',(#373,#390,#391));
#561=FACE_OUTER_BOUND('',#525,.T.);
#597=FACE_SURFACE('',(#561),#489,.T.);
#418=DIRECTION('',(0.9961947,0.08715556,0.));
#454=AXIS2_PLACEMENT_3D('',#373,#418,$);
#490=PLANE('',#454);
#526=POLY_LOOP('',(#373,#372,#390));
#562=FACE_OUTER_BOUND('',#526,.T.);
#598=FACE_SURFACE('',(#562),#490,.T.);
#419=DIRECTION('',(0.9659269,0.2588151,0.));
#455=AXIS2_PLACEMENT_3D('',#374,#419,$);
#491=PLANE('',#455);
#527=POLY_LOOP('',(#374,#391,#392));
#563=FACE_OUTER_BOUND('',#527,.T.);
#599=FACE_SURFACE('',(#563),#491,.T.);
#420=DIRECTION('',(0.9659269,0.2588151,0.));
#456=AXIS2_PLACEMENT_3D('',#374,#420,$);
#492=PLANE('',#456);
#528=POLY_LOOP('',(#374,#373,#391));
#564=FACE_OUTER_BOUND('',#528,.T.);
#600=FACE_SURFACE('',(#564),#492,.T.);
#421=DIRECTION('',(0.906307,0.4226199,0.));
#457=AXIS2_PLACEMENT_3D('',#375,#421,$);
#493=PLANE('',#457);
#529=POLY_LOOP('',(#375,#392,#393));
#565=FACE_OUTER_BOUND('',#529,.T.);
#601=FACE_SURFACE('',(#565),#493,.T.);
#422=DIRECTION('',(0.906307,0.4226199,0.));
#458=AXIS2_PLACEMENT_3D('',#375,#422,$);
#494=PLANE('',#458);
#530=POLY_LOOP('',(#375,#374,#392));
#566=FACE_OUTER_BOUND('',#530,.T.);
#602=FACE_SURFACE('',(#566),#494,.T.);
#423=DIRECTION('',(0.8191517,0.5735769,0.));
#459=AXIS2_PLACEMENT_3D('',#376,#423,$);
#495=PLANE('',#459);
#531=POLY_LOOP('',(#376,#393,#394));
#567=FACE_OUTER_BOUND('',#531,.T.);
#603=FACE_SURFACE('',(#567),#495,.T.);
#424=DIRECTION('',(0.8191517,0.5735769,0.));
#460=AXIS2_PLACEMENT_3D('',#376,#424,$);
#496=PLANE('',#460);
#532=POLY_LOOP('',(#376,#375,#393));
#568=FACE_OUTER_BOUND('',#532,.T.);
#604=FACE_SURFACE('',(#568),#496,.T.);
#425=DIRECTION('',(0.7071059,0.7071076,0.));
#461=AXIS2_PLACEMENT_3D('',#377,#425,$);
#497=PLANE('',#461);
#533=POLY_LOOP('',(#377,#394,#395));
#569=FACE_OUTER_BOUND('',#533,.T.);
#605=FACE_SURFACE('',(#569),#497,.T.);
#426=DIRECTION('',(0.7071059,0.7071076,0.));
#462=AXIS2_PLACEMENT_3D('',#377,#426,$);
#498=PLANE('',#462);
#534=POLY_LOOP('',(#377,#376,#394));
#570=FACE_OUTER_BOUND('',#534,.T.);
#606=FACE_SURFACE('',(#570),#498,.T.);
#427=DIRECTION('',(0.5735784,0.8191506,0.));
#463=AXIS2_PLACEMENT_3D('',#378,#427,$);
#499=PLANE('',#463);
#535=POLY_LOOP('',(#378,#395,#396));
#571=FACE_OUTER_BOUND('',#535,.T.);
#607=FACE_SURFACE('',(#571),#499,.T.);
#428=DIRECTION('',(0.5735784,0.8191506,0.));
#464=AXIS2_PLACEMENT_3D('',#378,#428,$);
#500=PLANE('',#464);
#536=POLY_LOOP('',(#378,#377,#395));
#572=FACE_OUTER_BOUND('',#536,.T.);
#608=FACE_SURFACE('',(#572),#500,.T.);
#429=DIRECTION('',(0.4226179,0.906308,0.));
#465=AXIS2_PLACEMENT_3D('',#379,#429,$);
#501=PLANE('',#465);
#537=POLY_LOOP('',(#379,#378,#396));
#573=FACE_OUTER_BOUND('',#537,.T.);
#609=FACE_SURFACE('',(#573),#501,.T.);
#430=DIRECTION('',(0.4226179,0.906308,0.));
#466=AXIS2_PLACEMENT_3D('',#379,#430,$);
#502=PLANE('',#466);
#538=POLY_LOOP('',(#379,#396,#397));
#574=FACE_OUTER_BOUND('',#538,.T.);
#610=FACE_SURFACE('',(#574),#502,.T.);
#431=DIRECTION('',(0.2588207,0.9659254,0.));
#467=AXIS2_PLACEMENT_3D('',#380,#431,$);
#503=PLANE('',#467);
#539=POLY_LOOP('',(#380,#379,#397));
#575=FACE_OUTER_BOUND('',#539,.T.);
#611=FACE_SURFACE('',(#575),#503,.T.);
#432=DIRECTION('',(0.2588207,0.9659254,0.));
#468=AXIS2_PLACEMENT_3D('',#380,#432,$);
#504=PLANE('',#468);
#540=POLY_LOOP('',(#380,#397,#398));
#576=FACE_OUTER_BOUND('',#540,.T.);
#612=FACE_SURFACE('',(#576),#504,.T.);
#433=DIRECTION('',(0.08715527,0.9961947,0.));
#469=AXIS2_PLACEMENT_3D('',#362,#433,$);
#505=PLANE('',#469);
#541=POLY_LOOP('',(#362,#380,#398));
#577=FACE_OUTER_BOUND('',#541,.T.);
#613=FACE_SURFACE('',(#577),#505,.T.);
#434=DIRECTION('',(0.08715527,0.9961947,0.));
#470=AXIS2_PLACEMENT_3D('',#362,#434,$);
#506=PLANE('',#470);
#542=POLY_LOOP('',(#362,#398,#361));
#578=FACE_OUTER_BOUND('',#542,.T.);
#614=FACE_SURFACE('',(#578),#506,.T.);
#615=CLOSED_SHELL('',(#579,#580,#581,#582,#583,#584,#585,#586,#587,#588,#589,#590,#591,#592,#593,#594,#595,#596,#597,#598,#599,#600,#601,#602,#603,#604,#605,#606,#607,#608,#609,#610,#611,#612,#613,#614));
#616=FACETED_BREP('',#615);
#617=CARTESIAN_POINT('',(-0.001175,0.000293485,0.));
#618=CARTESIAN_POINT('',(-0.001175,0.000293485,0.0001));
#619=CARTESIAN_POINT('',(-0.0015,0.000293485,0.0001));
#620=CARTESIAN_POINT('',(-0.0015,0.000293485,0.));
#621=DIRECTION('',(0.,-1.,0.));
#623=AXIS2_PLACEMENT_3D('',#618,#621,$);
#625=PLANE('',#623);
#627=POLY_LOOP('',(#618,#619,#620));
#629=FACE_OUTER_BOUND('',#627,.T.);
#631=FACE_SURFACE('',(#629),#625,.T.);
#622=DIRECTION('',(0.,-1.,0.));
#624=AXIS2_PLACEMENT_3D('',#618,#622,$);
#626=PLANE('',#624);
#628=POLY_LOOP('',(#618,#620,#617));
#630=FACE_OUTER_BOUND('',#628,.T.);
#632=FACE_SURFACE('',(#630),#626,.T.);
#633=CLOSED_SHELL('',(#631,#632));
#634=FACETED_BREP('',#633);
#635=CARTESIAN_POINT('',(-0.0015,0.000293485,0.));
#636=CARTESIAN_POINT('',(-0.0015,0.000293485,0.0001));
#637=CARTESIAN_POINT('',(-0.0015,0.000493485,0.0001));
#638=CARTESIAN_POINT('',(-0.0015,0.000493485,0.));
#639=DIRECTION('',(-1.,0.,0.));
#641=AXIS2_PLACEMENT_3D('',#636,#639,$);
#643=PLANE('',#641);
#645=POLY_LOOP('',(#636,#637,#638));
#647=FACE_OUTER_BOUND('',#645,.T.);
#649=FACE_SURFACE('',(#647),#643,.T.);
#640=DIRECTION('',(-1.,0.,0.));
#642=AXIS2_PLACEMENT_3D('',#636,#640,$);
#644=PLANE('',#642);
#646=POLY_LOOP('',(#636,#638,#635));
#648=FACE_OUTER_BOUND('',#646,.T.);
#650=FACE_SURFACE('',(#648),#644,.T.);
#651=CLOSED_SHELL('',(#649,#650));
#652=FACETED_BREP('',#651);
#653=CARTESIAN_POINT('',(-0.0015,0.000493485,0.));
#654=CARTESIAN_POINT('',(-0.0015,0.000493485,0.0001));
#655=CARTESIAN_POINT('',(-0.001175,0.000493485,0.0001));
#656=CARTESIAN_POINT('',(-0.001175,0.000493485,0.));
#657=DIRECTION('',(0.,1.,0.));
#659=AXIS2_PLACEMENT_3D('',#654,#657,$);
#661=PLANE('',#659);
#663=POLY_LOOP('',(#654,#655,#656));
#665=FACE_OUTER_BOUND('',#663,.T.);
#667=FACE_SURFACE('',(#665),#661,.T.);
#658=DIRECTION('',(0.,1.,0.));
#660=AXIS2_PLACEMENT_3D('',#654,#658,$);
#662=PLANE('',#660);
#664=POLY_LOOP('',(#654,#656,#653));
#666=FACE_OUTER_BOUND('',#664,.T.);
#668=FACE_SURFACE('',(#666),#662,.T.);
#669=CLOSED_SHELL('',(#667,#668));
#670=FACETED_BREP('',#669);
#671=CARTESIAN_POINT('',(-0.001175,0.000493485,0.0001));
#672=CARTESIAN_POINT('',(-0.0015,0.000493485,0.0001));
#673=CARTESIAN_POINT('',(-0.0015,0.000293485,0.0001));
#674=CARTESIAN_POINT('',(-0.001175,0.000293485,0.0001));
#675=CARTESIAN_POINT('',(-0.001157635,0.0002950042,0.0001));
#676=CARTESIAN_POINT('',(-0.001140798,0.0002995157,0.0001));
#677=CARTESIAN_POINT('',(-0.001125,0.0003068825,0.0001));
#678=CARTESIAN_POINT('',(-0.001110721,0.0003168806,0.0001));
#679=CARTESIAN_POINT('',(-0.001098396,0.0003292062,0.0001));
#680=CARTESIAN_POINT('',(-0.001088397,0.000343485,0.0001));
#681=CARTESIAN_POINT('',(-0.001081031,0.000359283,0.0001));
#682=CARTESIAN_POINT('',(-0.001076519,0.0003761202,0.0001));
#683=CARTESIAN_POINT('',(-0.001075,0.000393485,0.0001));
#684=CARTESIAN_POINT('',(-0.001076519,0.0004108498,0.0001));
#685=CARTESIAN_POINT('',(-0.001081031,0.000427687,0.0001));
#686=CARTESIAN_POINT('',(-0.001088397,0.000443485,0.0001));
#687=CARTESIAN_POINT('',(-0.001098396,0.0004577638,0.0001));
#688=CARTESIAN_POINT('',(-0.001110721,0.0004700894,0.0001));
#689=CARTESIAN_POINT('',(-0.001125,0.0004800875,0.0001));
#690=CARTESIAN_POINT('',(-0.001140798,0.0004874543,0.0001));
#691=CARTESIAN_POINT('',(-0.001157635,0.0004919658,0.0001));
#692=DIRECTION('',(0.,0.,1.));
#711=AXIS2_PLACEMENT_3D('',#678,#692,$);
#730=PLANE('',#711);
#749=POLY_LOOP('',(#678,#676,#677));
#768=FACE_OUTER_BOUND('',#749,.T.);
#787=FACE_SURFACE('',(#768),#730,.T.);
#693=DIRECTION('',(0.,0.,1.));
#712=AXIS2_PLACEMENT_3D('',#679,#693,$);
#731=PLANE('',#712);
#750=POLY_LOOP('',(#679,#676,#678));
#769=FACE_OUTER_BOUND('',#750,.T.);
#788=FACE_SURFACE('',(#769),#731,.T.);
#694=DIRECTION('',(0.,0.,1.));
#713=AXIS2_PLACEMENT_3D('',#683,#694,$);
#732=PLANE('',#713);
#751=POLY_LOOP('',(#683,#681,#682));
#770=FACE_OUTER_BOUND('',#751,.T.);
#789=FACE_SURFACE('',(#770),#732,.T.);
#695=DIRECTION('',(0.,0.,1.));
#714=AXIS2_PLACEMENT_3D('',#671,#695,$);
#733=PLANE('',#714);
#752=POLY_LOOP('',(#671,#672,#673));
#771=FACE_OUTER_BOUND('',#752,.T.);
#790=FACE_SURFACE('',(#771),#733,.T.);
#696=DIRECTION('',(0.,0.,1.));
#715=AXIS2_PLACEMENT_3D('',#671,#696,$);
#734=PLANE('',#715);
#753=POLY_LOOP('',(#671,#673,#674));
#772=FACE_OUTER_BOUND('',#753,.T.);
#791=FACE_SURFACE('',(#772),#734,.T.);
#697=DIRECTION('',(0.,0.,1.));
#716=AXIS2_PLACEMENT_3D('',#685,#697,$);
#735=PLANE('',#716);
#754=POLY_LOOP('',(#685,#683,#684));
#773=FACE_OUTER_BOUND('',#754,.T.);
#792=FACE_SURFACE('',(#773),#735,.T.);
#698=DIRECTION('',(0.,0.,1.));
#717=AXIS2_PLACEMENT_3D('',#686,#698,$);
#736=PLANE('',#717);
#755=POLY_LOOP('',(#686,#683,#685));
#774=FACE_OUTER_BOUND('',#755,.T.);
#793=FACE_SURFACE('',(#774),#736,.T.);
#699=DIRECTION('',(0.,0.,1.));
#718=AXIS2_PLACEMENT_3D('',#688,#699,$);
#737=PLANE('',#718);
#756=POLY_LOOP('',(#688,#674,#675));
#775=FACE_OUTER_BOUND('',#756,.T.);
#794=FACE_SURFACE('',(#775),#737,.T.);
#700=DIRECTION('',(0.,0.,1.));
#719=AXIS2_PLACEMENT_3D('',#688,#700,$);
#738=PLANE('',#719);
#757=POLY_LOOP('',(#688,#675,#676));
#776=FACE_OUTER_BOUND('',#757,.T.);
#795=FACE_SURFACE('',(#776),#738,.T.);
#701=DIRECTION('',(0.,0.,1.));
#720=AXIS2_PLACEMENT_3D('',#688,#701,$);
#739=PLANE('',#720);
#758=POLY_LOOP('',(#688,#679,#680));
#777=FACE_OUTER_BOUND('',#758,.T.);
#796=FACE_SURFACE('',(#777),#739,.T.);
#702=DIRECTION('',(0.,0.,1.));
#721=AXIS2_PLACEMENT_3D('',#688,#702,$);
#740=PLANE('',#721);
#759=POLY_LOOP('',(#688,#680,#681));
#778=FACE_OUTER_BOUND('',#759,.T.);
#797=FACE_SURFACE('',(#778),#740,.T.);
#703=DIRECTION('',(0.,0.,1.));
#722=AXIS2_PLACEMENT_3D('',#688,#703,$);
#741=PLANE('',#722);
#760=POLY_LOOP('',(#688,#686,#687));
#779=FACE_OUTER_BOUND('',#760,.T.);
#798=FACE_SURFACE('',(#779),#741,.T.);
#704=DIRECTION('',(0.,0.,1.));
#723=AXIS2_PLACEMENT_3D('',#688,#704,$);
#742=PLANE('',#723);
#761=POLY_LOOP('',(#688,#689,#690));
#780=FACE_OUTER_BOUND('',#761,.T.);
#799=FACE_SURFACE('',(#780),#742,.T.);
#705=DIRECTION('',(0.,0.,1.));
#724=AXIS2_PLACEMENT_3D('',#688,#705,$);
#743=PLANE('',#724);
#762=POLY_LOOP('',(#688,#690,#691));
#781=FACE_OUTER_BOUND('',#762,.T.);
#800=FACE_SURFACE('',(#781),#743,.T.);
#706=DIRECTION('',(0.,0.,1.));
#725=AXIS2_PLACEMENT_3D('',#688,#706,$);
#744=PLANE('',#725);
#763=POLY_LOOP('',(#688,#691,#671));
#782=FACE_OUTER_BOUND('',#763,.T.);
#801=FACE_SURFACE('',(#782),#744,.T.);
#707=DIRECTION('',(0.,0.,1.));
#726=AXIS2_PLACEMENT_3D('',#688,#707,$);
#745=PLANE('',#726);
#764=POLY_LOOP('',(#688,#676,#679));
#783=FACE_OUTER_BOUND('',#764,.T.);
#802=FACE_SURFACE('',(#783),#745,.T.);
#708=DIRECTION('',(0.,0.,1.));
#727=AXIS2_PLACEMENT_3D('',#688,#708,$);
#746=PLANE('',#727);
#765=POLY_LOOP('',(#688,#681,#683));
#784=FACE_OUTER_BOUND('',#765,.T.);
#803=FACE_SURFACE('',(#784),#746,.T.);
#709=DIRECTION('',(0.,0.,1.));
#728=AXIS2_PLACEMENT_3D('',#688,#709,$);
#747=PLANE('',#728);
#766=POLY_LOOP('',(#688,#671,#674));
#785=FACE_OUTER_BOUND('',#766,.T.);
#804=FACE_SURFACE('',(#785),#747,.T.);
#710=DIRECTION('',(0.,0.,1.));
#729=AXIS2_PLACEMENT_3D('',#688,#710,$);
#748=PLANE('',#729);
#767=POLY_LOOP('',(#688,#683,#686));
#786=FACE_OUTER_BOUND('',#767,.T.);
#805=FACE_SURFACE('',(#786),#748,.T.);
#806=CLOSED_SHELL('',(#787,#788,#789,#790,#791,#792,#793,#794,#795,#796,#797,#798,#799,#800,#801,#802,#803,#804,#805));
#807=FACETED_BREP('',#806);
#808=CARTESIAN_POINT('',(-0.001175,-0.000106515,0.));
#809=CARTESIAN_POINT('',(-0.001157635,-0.0001049958,0.));
#810=CARTESIAN_POINT('',(-0.001140798,-0.0001004843,0.));
#811=CARTESIAN_POINT('',(-0.001125,-0.00009311754,0.));
#812=CARTESIAN_POINT('',(-0.001110721,-0.00008311944,0.));
#813=CARTESIAN_POINT('',(-0.001098396,-0.00007079376,0.));
#814=CARTESIAN_POINT('',(-0.001088397,-0.000056515,0.));
#815=CARTESIAN_POINT('',(-0.001081031,-0.00004071702,0.));
#816=CARTESIAN_POINT('',(-0.001076519,-0.00002387982,0.));
#817=CARTESIAN_POINT('',(-0.001075,-0.000006515,0.));
#818=CARTESIAN_POINT('',(-0.001076519,0.00001084982,0.));
#819=CARTESIAN_POINT('',(-0.001081031,0.00002768701,0.));
#820=CARTESIAN_POINT('',(-0.001088397,0.000043485,0.));
#821=CARTESIAN_POINT('',(-0.001098396,0.00005776376,0.));
#822=CARTESIAN_POINT('',(-0.001110721,0.00007008945,0.));
#823=CARTESIAN_POINT('',(-0.001125,0.00008008754,0.));
#824=CARTESIAN_POINT('',(-0.001140798,0.00008745426,0.));
#825=CARTESIAN_POINT('',(-0.001157635,0.00009196578,0.));
#826=CARTESIAN_POINT('',(-0.001175,0.000093485,0.));
#827=CARTESIAN_POINT('',(-0.0015,0.000093485,0.));
#828=CARTESIAN_POINT('',(-0.0015,-0.000106515,0.));
#829=DIRECTION('',(0.,0.,-1.));
#848=AXIS2_PLACEMENT_3D('',#815,#829,$);
#867=PLANE('',#848);
#886=POLY_LOOP('',(#815,#814,#813));
#905=FACE_OUTER_BOUND('',#886,.T.);
#924=FACE_SURFACE('',(#905),#867,.T.);
#830=DIRECTION('',(0.,0.,-1.));
#849=AXIS2_PLACEMENT_3D('',#826,#830,$);
#868=PLANE('',#849);
#887=POLY_LOOP('',(#826,#828,#827));
#906=FACE_OUTER_BOUND('',#887,.T.);
#925=FACE_SURFACE('',(#906),#868,.T.);
#831=DIRECTION('',(0.,0.,-1.));
#850=AXIS2_PLACEMENT_3D('',#826,#831,$);
#869=PLANE('',#850);
#888=POLY_LOOP('',(#826,#808,#828));
#907=FACE_OUTER_BOUND('',#888,.T.);
#926=FACE_SURFACE('',(#907),#869,.T.);
#832=DIRECTION('',(0.,0.,-1.));
#851=AXIS2_PLACEMENT_3D('',#825,#832,$);
#870=PLANE('',#851);
#889=POLY_LOOP('',(#825,#809,#808));
#908=FACE_OUTER_BOUND('',#889,.T.);
#927=FACE_SURFACE('',(#908),#870,.T.);
#833=DIRECTION('',(0.,0.,-1.));
#852=AXIS2_PLACEMENT_3D('',#825,#833,$);
#871=PLANE('',#852);
#890=POLY_LOOP('',(#825,#808,#826));
#909=FACE_OUTER_BOUND('',#890,.T.);
#928=FACE_SURFACE('',(#909),#871,.T.);
#834=DIRECTION('',(0.,0.,-1.));
#853=AXIS2_PLACEMENT_3D('',#820,#834,$);
#872=PLANE('',#853);
#891=POLY_LOOP('',(#820,#819,#818));
#910=FACE_OUTER_BOUND('',#891,.T.);
#929=FACE_SURFACE('',(#910),#872,.T.);
#835=DIRECTION('',(0.,0.,-1.));
#854=AXIS2_PLACEMENT_3D('',#822,#835,$);
#873=PLANE('',#854);
#892=POLY_LOOP('',(#822,#810,#809));
#911=FACE_OUTER_BOUND('',#892,.T.);
#930=FACE_SURFACE('',(#911),#873,.T.);
#836=DIRECTION('',(0.,0.,-1.));
#855=AXIS2_PLACEMENT_3D('',#822,#836,$);
#874=PLANE('',#855);
#893=POLY_LOOP('',(#822,#811,#810));
#912=FACE_OUTER_BOUND('',#893,.T.);
#931=FACE_SURFACE('',(#912),#874,.T.);
#837=DIRECTION('',(0.,0.,-1.));
#856=AXIS2_PLACEMENT_3D('',#822,#837,$);
#875=PLANE('',#856);
#894=POLY_LOOP('',(#822,#812,#811));
#913=FACE_OUTER_BOUND('',#894,.T.);
#932=FACE_SURFACE('',(#913),#875,.T.);
#838=DIRECTION('',(0.,0.,-1.));
#857=AXIS2_PLACEMENT_3D('',#822,#838,$);
#876=PLANE('',#857);
#895=POLY_LOOP('',(#822,#813,#812));
#914=FACE_OUTER_BOUND('',#895,.T.);
#933=FACE_SURFACE('',(#914),#876,.T.);
#839=DIRECTION('',(0.,0.,-1.));
#858=AXIS2_PLACEMENT_3D('',#822,#839,$);
#877=PLANE('',#858);
#896=POLY_LOOP('',(#822,#816,#815));
#915=FACE_OUTER_BOUND('',#896,.T.);
#934=FACE_SURFACE('',(#915),#877,.T.);
#840=DIRECTION('',(0.,0.,-1.));
#859=AXIS2_PLACEMENT_3D('',#822,#840,$);
#878=PLANE('',#859);
#897=POLY_LOOP('',(#822,#817,#816));
#916=FACE_OUTER_BOUND('',#897,.T.);
#935=FACE_SURFACE('',(#916),#878,.T.);
#841=DIRECTION('',(0.,0.,-1.));
#860=AXIS2_PLACEMENT_3D('',#822,#841,$);
#879=PLANE('',#860);
#898=POLY_LOOP('',(#822,#818,#817));
#917=FACE_OUTER_BOUND('',#898,.T.);
#936=FACE_SURFACE('',(#917),#879,.T.);
#842=DIRECTION('',(0.,0.,-1.));
#861=AXIS2_PLACEMENT_3D('',#822,#842,$);
#880=PLANE('',#861);
#899=POLY_LOOP('',(#822,#821,#820));
#918=FACE_OUTER_BOUND('',#899,.T.);
#937=FACE_SURFACE('',(#918),#880,.T.);
#843=DIRECTION('',(0.,0.,-1.));
#862=AXIS2_PLACEMENT_3D('',#822,#843,$);
#881=PLANE('',#862);
#900=POLY_LOOP('',(#822,#824,#823));
#919=FACE_OUTER_BOUND('',#900,.T.);
#938=FACE_SURFACE('',(#919),#881,.T.);
#844=DIRECTION('',(0.,0.,-1.));
#863=AXIS2_PLACEMENT_3D('',#822,#844,$);
#882=PLANE('',#863);
#901=POLY_LOOP('',(#822,#825,#824));
#920=FACE_OUTER_BOUND('',#901,.T.);
#939=FACE_SURFACE('',(#920),#882,.T.);
#845=DIRECTION('',(0.,0.,-1.));
#864=AXIS2_PLACEMENT_3D('',#822,#845,$);
#883=PLANE('',#864);
#902=POLY_LOOP('',(#822,#815,#813));
#921=FACE_OUTER_BOUND('',#902,.T.);
#940=FACE_SURFACE('',(#921),#883,.T.);
#846=DIRECTION('',(0.,0.,-1.));
#865=AXIS2_PLACEMENT_3D('',#822,#846,$);
#884=PLANE('',#865);
#903=POLY_LOOP('',(#822,#820,#818));
#922=FACE_OUTER_BOUND('',#903,.T.);
#941=FACE_SURFACE('',(#922),#884,.T.);
#847=DIRECTION('',(0.,0.,-1.));
#866=AXIS2_PLACEMENT_3D('',#822,#847,$);
#885=PLANE('',#866);
#904=POLY_LOOP('',(#822,#809,#825));
#923=FACE_OUTER_BOUND('',#904,.T.);
#942=FACE_SURFACE('',(#923),#885,.T.);
#943=CLOSED_SHELL('',(#924,#925,#926,#927,#928,#929,#930,#931,#932,#933,#934,#935,#936,#937,#938,#939,#940,#941,#942));
#944=FACETED_BREP('',#943);
#945=CARTESIAN_POINT('',(-0.001175,0.000093485,0.));
#946=CARTESIAN_POINT('',(-0.001175,0.000093485,0.0001));
#947=CARTESIAN_POINT('',(-0.001175,-0.000106515,0.0001));
#948=CARTESIAN_POINT('',(-0.001157635,-0.0001049958,0.0001));
#949=CARTESIAN_POINT('',(-0.001140798,-0.0001004843,0.0001));
#950=CARTESIAN_POINT('',(-0.001125,-0.00009311754,0.0001));
#951=CARTESIAN_POINT('',(-0.001110721,-0.00008311944,0.0001));
#952=CARTESIAN_POINT('',(-0.001098396,-0.00007079376,0.0001));
#953=CARTESIAN_POINT('',(-0.001088397,-0.000056515,0.0001));
#954=CARTESIAN_POINT('',(-0.001081031,-0.00004071702,0.0001));
#955=CARTESIAN_POINT('',(-0.001076519,-0.00002387982,0.0001));
#956=CARTESIAN_POINT('',(-0.001075,-0.000006515,0.0001));
#957=CARTESIAN_POINT('',(-0.001076519,0.00001084982,0.0001));
#958=CARTESIAN_POINT('',(-0.001081031,0.00002768701,0.0001));
#959=CARTESIAN_POINT('',(-0.001088397,0.000043485,0.0001));
#960=CARTESIAN_POINT('',(-0.001098396,0.00005776376,0.0001));
#961=CARTESIAN_POINT('',(-0.001110721,0.00007008945,0.0001));
#962=CARTESIAN_POINT('',(-0.001125,0.00008008754,0.0001));
#963=CARTESIAN_POINT('',(-0.001140798,0.00008745426,0.0001));
#964=CARTESIAN_POINT('',(-0.001157635,0.00009196578,0.0001));
#965=CARTESIAN_POINT('',(-0.001175,-0.000106515,0.));
#966=CARTESIAN_POINT('',(-0.001157635,-0.0001049958,0.));
#967=CARTESIAN_POINT('',(-0.001140798,-0.0001004843,0.));
#968=CARTESIAN_POINT('',(-0.001125,-0.00009311754,0.));
#969=CARTESIAN_POINT('',(-0.001110721,-0.00008311944,0.));
#970=CARTESIAN_POINT('',(-0.001098396,-0.00007079376,0.));
#971=CARTESIAN_POINT('',(-0.001088397,-0.000056515,0.));
#972=CARTESIAN_POINT('',(-0.001081031,-0.00004071702,0.));
#973=CARTESIAN_POINT('',(-0.001076519,-0.00002387982,0.));
#974=CARTESIAN_POINT('',(-0.001075,-0.000006515,0.));
#975=CARTESIAN_POINT('',(-0.001076519,0.00001084982,0.));
#976=CARTESIAN_POINT('',(-0.001081031,0.00002768701,0.));
#977=CARTESIAN_POINT('',(-0.001088397,0.000043485,0.));
#978=CARTESIAN_POINT('',(-0.001098396,0.00005776376,0.));
#979=CARTESIAN_POINT('',(-0.001110721,0.00007008945,0.));
#980=CARTESIAN_POINT('',(-0.001125,0.00008008754,0.));
#981=CARTESIAN_POINT('',(-0.001140798,0.00008745426,0.));
#982=CARTESIAN_POINT('',(-0.001157635,0.00009196578,0.));
#983=DIRECTION('',(0.08715568,-0.9961947,0.));
#1019=AXIS2_PLACEMENT_3D('',#948,#983,$);
#1055=PLANE('',#1019);
#1091=POLY_LOOP('',(#948,#947,#965));
#1127=FACE_OUTER_BOUND('',#1091,.T.);
#1163=FACE_SURFACE('',(#1127),#1055,.T.);
#984=DIRECTION('',(0.08715568,-0.9961947,0.));
#1020=AXIS2_PLACEMENT_3D('',#948,#984,$);
#1056=PLANE('',#1020);
#1092=POLY_LOOP('',(#948,#965,#966));
#1128=FACE_OUTER_BOUND('',#1092,.T.);
#1164=FACE_SURFACE('',(#1128),#1056,.T.);
#985=DIRECTION('',(0.2588195,-0.9659257,0.));
#1021=AXIS2_PLACEMENT_3D('',#949,#985,$);
#1057=PLANE('',#1021);
#1093=POLY_LOOP('',(#949,#966,#967));
#1129=FACE_OUTER_BOUND('',#1093,.T.);
#1165=FACE_SURFACE('',(#1129),#1057,.T.);
#986=DIRECTION('',(0.2588195,-0.9659257,0.));
#1022=AXIS2_PLACEMENT_3D('',#949,#986,$);
#1058=PLANE('',#1022);
#1094=POLY_LOOP('',(#949,#948,#966));
#1130=FACE_OUTER_BOUND('',#1094,.T.);
#1166=FACE_SURFACE('',(#1130),#1058,.T.);
#987=DIRECTION('',(0.4226176,-0.9063081,0.));
#1023=AXIS2_PLACEMENT_3D('',#950,#987,$);
#1059=PLANE('',#1023);
#1095=POLY_LOOP('',(#950,#967,#968));
#1131=FACE_OUTER_BOUND('',#1095,.T.);
#1167=FACE_SURFACE('',(#1131),#1059,.T.);
#988=DIRECTION('',(0.4226176,-0.9063081,0.));
#1024=AXIS2_PLACEMENT_3D('',#950,#988,$);
#1060=PLANE('',#1024);
#1096=POLY_LOOP('',(#950,#949,#967));
#1132=FACE_OUTER_BOUND('',#1096,.T.);
#1168=FACE_SURFACE('',(#1132),#1060,.T.);
#989=DIRECTION('',(0.5735784,-0.8191506,0.));
#1025=AXIS2_PLACEMENT_3D('',#951,#989,$);
#1061=PLANE('',#1025);
#1097=POLY_LOOP('',(#951,#968,#969));
#1133=FACE_OUTER_BOUND('',#1097,.T.);
#1169=FACE_SURFACE('',(#1133),#1061,.T.);
#990=DIRECTION('',(0.5735784,-0.8191506,0.));
#1026=AXIS2_PLACEMENT_3D('',#951,#990,$);
#1062=PLANE('',#1026);
#1098=POLY_LOOP('',(#951,#950,#968));
#1134=FACE_OUTER_BOUND('',#1098,.T.);
#1170=FACE_SURFACE('',(#1134),#1062,.T.);
#991=DIRECTION('',(0.7071062,-0.7071074,0.));
#1027=AXIS2_PLACEMENT_3D('',#952,#991,$);
#1063=PLANE('',#1027);
#1099=POLY_LOOP('',(#952,#969,#970));
#1135=FACE_OUTER_BOUND('',#1099,.T.);
#1171=FACE_SURFACE('',(#1135),#1063,.T.);
#992=DIRECTION('',(0.7071062,-0.7071074,0.));
#1028=AXIS2_PLACEMENT_3D('',#952,#992,$);
#1064=PLANE('',#1028);
#1100=POLY_LOOP('',(#952,#951,#969));
#1136=FACE_OUTER_BOUND('',#1100,.T.);
#1172=FACE_SURFACE('',(#1136),#1064,.T.);
#993=DIRECTION('',(0.819152,-0.5735766,0.));
#1029=AXIS2_PLACEMENT_3D('',#953,#993,$);
#1065=PLANE('',#1029);
#1101=POLY_LOOP('',(#953,#970,#971));
#1137=FACE_OUTER_BOUND('',#1101,.T.);
#1173=FACE_SURFACE('',(#1137),#1065,.T.);
#994=DIRECTION('',(0.819152,-0.5735766,0.));
#1030=AXIS2_PLACEMENT_3D('',#953,#994,$);
#1066=PLANE('',#1030);
#1102=POLY_LOOP('',(#953,#952,#970));
#1138=FACE_OUTER_BOUND('',#1102,.T.);
#1174=FACE_SURFACE('',(#1138),#1066,.T.);
#995=DIRECTION('',(0.9063069,-0.4226202,0.));
#1031=AXIS2_PLACEMENT_3D('',#954,#995,$);
#1067=PLANE('',#1031);
#1103=POLY_LOOP('',(#954,#971,#972));
#1139=FACE_OUTER_BOUND('',#1103,.T.);
#1175=FACE_SURFACE('',(#1139),#1067,.T.);
#996=DIRECTION('',(0.9063069,-0.4226202,0.));
#1032=AXIS2_PLACEMENT_3D('',#954,#996,$);
#1068=PLANE('',#1032);
#1104=POLY_LOOP('',(#954,#953,#971));
#1140=FACE_OUTER_BOUND('',#1104,.T.);
#1176=FACE_SURFACE('',(#1140),#1068,.T.);
#997=DIRECTION('',(0.9659268,-0.2588153,0.));
#1033=AXIS2_PLACEMENT_3D('',#955,#997,$);
#1069=PLANE('',#1033);
#1105=POLY_LOOP('',(#955,#972,#973));
#1141=FACE_OUTER_BOUND('',#1105,.T.);
#1177=FACE_SURFACE('',(#1141),#1069,.T.);
#998=DIRECTION('',(0.9659268,-0.2588153,0.));
#1034=AXIS2_PLACEMENT_3D('',#955,#998,$);
#1070=PLANE('',#1034);
#1106=POLY_LOOP('',(#955,#954,#972));
#1142=FACE_OUTER_BOUND('',#1106,.T.);
#1178=FACE_SURFACE('',(#1142),#1070,.T.);
#999=DIRECTION('',(0.9961947,-0.08715547,0.));
#1035=AXIS2_PLACEMENT_3D('',#956,#999,$);
#1071=PLANE('',#1035);
#1107=POLY_LOOP('',(#956,#973,#974));
#1143=FACE_OUTER_BOUND('',#1107,.T.);
#1179=FACE_SURFACE('',(#1143),#1071,.T.);
#1000=DIRECTION('',(0.9961947,-0.08715547,0.));
#1036=AXIS2_PLACEMENT_3D('',#956,#1000,$);
#1072=PLANE('',#1036);
#1108=POLY_LOOP('',(#956,#955,#973));
#1144=FACE_OUTER_BOUND('',#1108,.T.);
#1180=FACE_SURFACE('',(#1144),#1072,.T.);
#1001=DIRECTION('',(0.9961947,0.08715547,0.));
#1037=AXIS2_PLACEMENT_3D('',#957,#1001,$);
#1073=PLANE('',#1037);
#1109=POLY_LOOP('',(#957,#974,#975));
#1145=FACE_OUTER_BOUND('',#1109,.T.);
#1181=FACE_SURFACE('',(#1145),#1073,.T.);
#1002=DIRECTION('',(0.9961947,0.08715547,0.));
#1038=AXIS2_PLACEMENT_3D('',#957,#1002,$);
#1074=PLANE('',#1038);
#1110=POLY_LOOP('',(#957,#956,#974));
#1146=FACE_OUTER_BOUND('',#1110,.T.);
#1182=FACE_SURFACE('',(#1146),#1074,.T.);
#1003=DIRECTION('',(0.9659268,0.2588153,0.));
#1039=AXIS2_PLACEMENT_3D('',#958,#1003,$);
#1075=PLANE('',#1039);
#1111=POLY_LOOP('',(#958,#975,#976));
#1147=FACE_OUTER_BOUND('',#1111,.T.);
#1183=FACE_SURFACE('',(#1147),#1075,.T.);
#1004=DIRECTION('',(0.9659268,0.2588153,0.));
#1040=AXIS2_PLACEMENT_3D('',#958,#1004,$);
#1076=PLANE('',#1040);
#1112=POLY_LOOP('',(#958,#957,#975));
#1148=FACE_OUTER_BOUND('',#1112,.T.);
#1184=FACE_SURFACE('',(#1148),#1076,.T.);
#1005=DIRECTION('',(0.9063069,0.4226201,0.));
#1041=AXIS2_PLACEMENT_3D('',#959,#1005,$);
#1077=PLANE('',#1041);
#1113=POLY_LOOP('',(#959,#976,#977));
#1149=FACE_OUTER_BOUND('',#1113,.T.);
#1185=FACE_SURFACE('',(#1149),#1077,.T.);
#1006=DIRECTION('',(0.9063069,0.4226201,0.));
#1042=AXIS2_PLACEMENT_3D('',#959,#1006,$);
#1078=PLANE('',#1042);
#1114=POLY_LOOP('',(#959,#958,#976));
#1150=FACE_OUTER_BOUND('',#1114,.T.);
#1186=FACE_SURFACE('',(#1150),#1078,.T.);
#1007=DIRECTION('',(0.819152,0.5735765,0.));
#1043=AXIS2_PLACEMENT_3D('',#960,#1007,$);
#1079=PLANE('',#1043);
#1115=POLY_LOOP('',(#960,#977,#978));
#1151=FACE_OUTER_BOUND('',#1115,.T.);
#1187=FACE_SURFACE('',(#1151),#1079,.T.);
#1008=DIRECTION('',(0.819152,0.5735765,0.));
#1044=AXIS2_PLACEMENT_3D('',#960,#1008,$);
#1080=PLANE('',#1044);
#1116=POLY_LOOP('',(#960,#959,#977));
#1152=FACE_OUTER_BOUND('',#1116,.T.);
#1188=FACE_SURFACE('',(#1152),#1080,.T.);
#1009=DIRECTION('',(0.7071062,0.7071074,0.));
#1045=AXIS2_PLACEMENT_3D('',#961,#1009,$);
#1081=PLANE('',#1045);
#1117=POLY_LOOP('',(#961,#978,#979));
#1153=FACE_OUTER_BOUND('',#1117,.T.);
#1189=FACE_SURFACE('',(#1153),#1081,.T.);
#1010=DIRECTION('',(0.7071062,0.7071074,0.));
#1046=AXIS2_PLACEMENT_3D('',#961,#1010,$);
#1082=PLANE('',#1046);
#1118=POLY_LOOP('',(#961,#960,#978));
#1154=FACE_OUTER_BOUND('',#1118,.T.);
#1190=FACE_SURFACE('',(#1154),#1082,.T.);
#1011=DIRECTION('',(0.5735784,0.8191506,0.));
#1047=AXIS2_PLACEMENT_3D('',#962,#1011,$);
#1083=PLANE('',#1047);
#1119=POLY_LOOP('',(#962,#979,#980));
#1155=FACE_OUTER_BOUND('',#1119,.T.);
#1191=FACE_SURFACE('',(#1155),#1083,.T.);
#1012=DIRECTION('',(0.5735784,0.8191506,0.));
#1048=AXIS2_PLACEMENT_3D('',#962,#1012,$);
#1084=PLANE('',#1048);
#1120=POLY_LOOP('',(#962,#961,#979));
#1156=FACE_OUTER_BOUND('',#1120,.T.);
#1192=FACE_SURFACE('',(#1156),#1084,.T.);
#1013=DIRECTION('',(0.4226172,0.9063083,0.));
#1049=AXIS2_PLACEMENT_3D('',#963,#1013,$);
#1085=PLANE('',#1049);
#1121=POLY_LOOP('',(#963,#962,#980));
#1157=FACE_OUTER_BOUND('',#1121,.T.);
#1193=FACE_SURFACE('',(#1157),#1085,.T.);
#1014=DIRECTION('',(0.4226172,0.9063083,0.));
#1050=AXIS2_PLACEMENT_3D('',#963,#1014,$);
#1086=PLANE('',#1050);
#1122=POLY_LOOP('',(#963,#980,#981));
#1158=FACE_OUTER_BOUND('',#1122,.T.);
#1194=FACE_SURFACE('',(#1158),#1086,.T.);
#1015=DIRECTION('',(0.2588199,0.9659256,0.));
#1051=AXIS2_PLACEMENT_3D('',#964,#1015,$);
#1087=PLANE('',#1051);
#1123=POLY_LOOP('',(#964,#963,#981));
#1159=FACE_OUTER_BOUND('',#1123,.T.);
#1195=FACE_SURFACE('',(#1159),#1087,.T.);
#1016=DIRECTION('',(0.2588199,0.9659256,0.));
#1052=AXIS2_PLACEMENT_3D('',#964,#1016,$);
#1088=PLANE('',#1052);
#1124=POLY_LOOP('',(#964,#981,#982));
#1160=FACE_OUTER_BOUND('',#1124,.T.);
#1196=FACE_SURFACE('',(#1160),#1088,.T.);
#1017=DIRECTION('',(0.08715568,0.9961947,0.));
#1053=AXIS2_PLACEMENT_3D('',#946,#1017,$);
#1089=PLANE('',#1053);
#1125=POLY_LOOP('',(#946,#964,#982));
#1161=FACE_OUTER_BOUND('',#1125,.T.);
#1197=FACE_SURFACE('',(#1161),#1089,.T.);
#1018=DIRECTION('',(0.08715568,0.9961947,0.));
#1054=AXIS2_PLACEMENT_3D('',#946,#1018,$);
#1090=PLANE('',#1054);
#1126=POLY_LOOP('',(#946,#982,#945));
#1162=FACE_OUTER_BOUND('',#1126,.T.);
#1198=FACE_SURFACE('',(#1162),#1090,.T.);
#1199=CLOSED_SHELL('',(#1163,#1164,#1165,#1166,#1167,#1168,#1169,#1170,#1171,#1172,#1173,#1174,#1175,#1176,#1177,#1178,#1179,#1180,#1181,#1182,#1183,#1184,#1185,#1186,#1187,#1188,#1189,#1190,#1191,#1192,#1193,#1194,#1195,#1196,#1197,#1198));
#1200=FACETED_BREP('',#1199);
#1201=CARTESIAN_POINT('',(-0.001175,-0.000106515,0.));
#1202=CARTESIAN_POINT('',(-0.001175,-0.000106515,0.0001));
#1203=CARTESIAN_POINT('',(-0.0015,-0.000106515,0.0001));
#1204=CARTESIAN_POINT('',(-0.0015,-0.000106515,0.));
#1205=DIRECTION('',(0.,-1.,0.));
#1207=AXIS2_PLACEMENT_3D('',#1202,#1205,$);
#1209=PLANE('',#1207);
#1211=POLY_LOOP('',(#1202,#1203,#1204));
#1213=FACE_OUTER_BOUND('',#1211,.T.);
#1215=FACE_SURFACE('',(#1213),#1209,.T.);
#1206=DIRECTION('',(0.,-1.,0.));
#1208=AXIS2_PLACEMENT_3D('',#1202,#1206,$);
#1210=PLANE('',#1208);
#1212=POLY_LOOP('',(#1202,#1204,#1201));
#1214=FACE_OUTER_BOUND('',#1212,.T.);
#1216=FACE_SURFACE('',(#1214),#1210,.T.);
#1217=CLOSED_SHELL('',(#1215,#1216));
#1218=FACETED_BREP('',#1217);
#1219=CARTESIAN_POINT('',(-0.0015,-0.000106515,0.));
#1220=CARTESIAN_POINT('',(-0.0015,-0.000106515,0.0001));
#1221=CARTESIAN_POINT('',(-0.0015,0.000093485,0.0001));
#1222=CARTESIAN_POINT('',(-0.0015,0.000093485,0.));
#1223=DIRECTION('',(-1.,0.,0.));
#1225=AXIS2_PLACEMENT_3D('',#1220,#1223,$);
#1227=PLANE('',#1225);
#1229=POLY_LOOP('',(#1220,#1221,#1222));
#1231=FACE_OUTER_BOUND('',#1229,.T.);
#1233=FACE_SURFACE('',(#1231),#1227,.T.);
#1224=DIRECTION('',(-1.,0.,0.));
#1226=AXIS2_PLACEMENT_3D('',#1220,#1224,$);
#1228=PLANE('',#1226);
#1230=POLY_LOOP('',(#1220,#1222,#1219));
#1232=FACE_OUTER_BOUND('',#1230,.T.);
#1234=FACE_SURFACE('',(#1232),#1228,.T.);
#1235=CLOSED_SHELL('',(#1233,#1234));
#1236=FACETED_BREP('',#1235);
#1237=CARTESIAN_POINT('',(-0.0015,0.000093485,0.));
#1238=CARTESIAN_POINT('',(-0.0015,0.000093485,0.0001));
#1239=CARTESIAN_POINT('',(-0.001175,0.000093485,0.0001));
#1240=CARTESIAN_POINT('',(-0.001175,0.000093485,0.));
#1241=DIRECTION('',(0.,1.,0.));
#1243=AXIS2_PLACEMENT_3D('',#1238,#1241,$);
#1245=PLANE('',#1243);
#1247=POLY_LOOP('',(#1238,#1239,#1240));
#1249=FACE_OUTER_BOUND('',#1247,.T.);
#1251=FACE_SURFACE('',(#1249),#1245,.T.);
#1242=DIRECTION('',(0.,1.,0.));
#1244=AXIS2_PLACEMENT_3D('',#1238,#1242,$);
#1246=PLANE('',#1244);
#1248=POLY_LOOP('',(#1238,#1240,#1237));
#1250=FACE_OUTER_BOUND('',#1248,.T.);
#1252=FACE_SURFACE('',(#1250),#1246,.T.);
#1253=CLOSED_SHELL('',(#1251,#1252));
#1254=FACETED_BREP('',#1253);
#1255=CARTESIAN_POINT('',(-0.001175,0.000093485,0.0001));
#1256=CARTESIAN_POINT('',(-0.0015,0.000093485,0.0001));
#1257=CARTESIAN_POINT('',(-0.0015,-0.000106515,0.0001));
#1258=CARTESIAN_POINT('',(-0.001175,-0.000106515,0.0001));
#1259=CARTESIAN_POINT('',(-0.001157635,-0.0001049958,0.0001));
#1260=CARTESIAN_POINT('',(-0.001140798,-0.0001004843,0.0001));
#1261=CARTESIAN_POINT('',(-0.001125,-0.00009311754,0.0001));
#1262=CARTESIAN_POINT('',(-0.001110721,-0.00008311944,0.0001));
#1263=CARTESIAN_POINT('',(-0.001098396,-0.00007079376,0.0001));
#1264=CARTESIAN_POINT('',(-0.001088397,-0.000056515,0.0001));
#1265=CARTESIAN_POINT('',(-0.001081031,-0.00004071702,0.0001));
#1266=CARTESIAN_POINT('',(-0.001076519,-0.00002387982,0.0001));
#1267=CARTESIAN_POINT('',(-0.001075,-0.000006515,0.0001));
#1268=CARTESIAN_POINT('',(-0.001076519,0.00001084982,0.0001));
#1269=CARTESIAN_POINT('',(-0.001081031,0.00002768701,0.0001));
#1270=CARTESIAN_POINT('',(-0.001088397,0.000043485,0.0001));
#1271=CARTESIAN_POINT('',(-0.001098396,0.00005776376,0.0001));
#1272=CARTESIAN_POINT('',(-0.001110721,0.00007008945,0.0001));
#1273=CARTESIAN_POINT('',(-0.001125,0.00008008754,0.0001));
#1274=CARTESIAN_POINT('',(-0.001140798,0.00008745426,0.0001));
#1275=CARTESIAN_POINT('',(-0.001157635,0.00009196578,0.0001));
#1276=DIRECTION('',(0.,0.,1.));
#1295=AXIS2_PLACEMENT_3D('',#1265,#1276,$);
#1314=PLANE('',#1295);
#1333=POLY_LOOP('',(#1265,#1263,#1264));
#1352=FACE_OUTER_BOUND('',#1333,.T.);
#1371=FACE_SURFACE('',(#1352),#1314,.T.);
#1277=DIRECTION('',(0.,0.,1.));
#1296=AXIS2_PLACEMENT_3D('',#1255,#1277,$);
#1315=PLANE('',#1296);
#1334=POLY_LOOP('',(#1255,#1256,#1257));
#1353=FACE_OUTER_BOUND('',#1334,.T.);
#1372=FACE_SURFACE('',(#1353),#1315,.T.);
#1278=DIRECTION('',(0.,0.,1.));
#1297=AXIS2_PLACEMENT_3D('',#1255,#1278,$);
#1316=PLANE('',#1297);
#1335=POLY_LOOP('',(#1255,#1257,#1258));
#1354=FACE_OUTER_BOUND('',#1335,.T.);
#1373=FACE_SURFACE('',(#1354),#1316,.T.);
#1279=DIRECTION('',(0.,0.,1.));
#1298=AXIS2_PLACEMENT_3D('',#1270,#1279,$);
#1317=PLANE('',#1298);
#1336=POLY_LOOP('',(#1270,#1268,#1269));
#1355=FACE_OUTER_BOUND('',#1336,.T.);
#1374=FACE_SURFACE('',(#1355),#1317,.T.);
#1280=DIRECTION('',(0.,0.,1.));
#1299=AXIS2_PLACEMENT_3D('',#1272,#1280,$);
#1318=PLANE('',#1299);
#1337=POLY_LOOP('',(#1272,#1258,#1259));
#1356=FACE_OUTER_BOUND('',#1337,.T.);
#1375=FACE_SURFACE('',(#1356),#1318,.T.);
#1281=DIRECTION('',(0.,0.,1.));
#1300=AXIS2_PLACEMENT_3D('',#1272,#1281,$);
#1319=PLANE('',#1300);
#1338=POLY_LOOP('',(#1272,#1259,#1260));
#1357=FACE_OUTER_BOUND('',#1338,.T.);
#1376=FACE_SURFACE('',(#1357),#1319,.T.);
#1282=DIRECTION('',(0.,0.,1.));
#1301=AXIS2_PLACEMENT_3D('',#1272,#1282,$);
#1320=PLANE('',#1301);
#1339=POLY_LOOP('',(#1272,#1260,#1261));
#1358=FACE_OUTER_BOUND('',#1339,.T.);
#1377=FACE_SURFACE('',(#1358),#1320,.T.);
#1283=DIRECTION('',(0.,0.,1.));
#1302=AXIS2_PLACEMENT_3D('',#1272,#1283,$);
#1321=PLANE('',#1302);
#1340=POLY_LOOP('',(#1272,#1261,#1262));
#1359=FACE_OUTER_BOUND('',#1340,.T.);
#1378=FACE_SURFACE('',(#1359),#1321,.T.);
#1284=DIRECTION('',(0.,0.,1.));
#1303=AXIS2_PLACEMENT_3D('',#1272,#1284,$);
#1322=PLANE('',#1303);
#1341=POLY_LOOP('',(#1272,#1262,#1263));
#1360=FACE_OUTER_BOUND('',#1341,.T.);
#1379=FACE_SURFACE('',(#1360),#1322,.T.);
#1285=DIRECTION('',(0.,0.,1.));
#1304=AXIS2_PLACEMENT_3D('',#1272,#1285,$);
#1323=PLANE('',#1304);
#1342=POLY_LOOP('',(#1272,#1265,#1266));
#1361=FACE_OUTER_BOUND('',#1342,.T.);
#1380=FACE_SURFACE('',(#1361),#1323,.T.);
#1286=DIRECTION('',(0.,0.,1.));
#1305=AXIS2_PLACEMENT_3D('',#1272,#1286,$);
#1324=PLANE('',#1305);
#1343=POLY_LOOP('',(#1272,#1266,#1267));
#1362=FACE_OUTER_BOUND('',#1343,.T.);
#1381=FACE_SURFACE('',(#1362),#1324,.T.);
#1287=DIRECTION('',(0.,0.,1.));
#1306=AXIS2_PLACEMENT_3D('',#1272,#1287,$);
#1325=PLANE('',#1306);
#1344=POLY_LOOP('',(#1272,#1267,#1268));
#1363=FACE_OUTER_BOUND('',#1344,.T.);
#1382=FACE_SURFACE('',(#1363),#1325,.T.);
#1288=DIRECTION('',(0.,0.,1.));
#1307=AXIS2_PLACEMENT_3D('',#1272,#1288,$);
#1326=PLANE('',#1307);
#1345=POLY_LOOP('',(#1272,#1270,#1271));
#1364=FACE_OUTER_BOUND('',#1345,.T.);
#1383=FACE_SURFACE('',(#1364),#1326,.T.);
#1289=DIRECTION('',(0.,0.,1.));
#1308=AXIS2_PLACEMENT_3D('',#1272,#1289,$);
#1327=PLANE('',#1308);
#1346=POLY_LOOP('',(#1272,#1273,#1274));
#1365=FACE_OUTER_BOUND('',#1346,.T.);
#1384=FACE_SURFACE('',(#1365),#1327,.T.);
#1290=DIRECTION('',(0.,0.,1.));
#1309=AXIS2_PLACEMENT_3D('',#1272,#1290,$);
#1328=PLANE('',#1309);
#1347=POLY_LOOP('',(#1272,#1274,#1275));
#1366=FACE_OUTER_BOUND('',#1347,.T.);
#1385=FACE_SURFACE('',(#1366),#1328,.T.);
#1291=DIRECTION('',(0.,0.,1.));
#1310=AXIS2_PLACEMENT_3D('',#1272,#1291,$);
#1329=PLANE('',#1310);
#1348=POLY_LOOP('',(#1272,#1275,#1255));
#1367=FACE_OUTER_BOUND('',#1348,.T.);
#1386=FACE_SURFACE('',(#1367),#1329,.T.);
#1292=DIRECTION('',(0.,0.,1.));
#1311=AXIS2_PLACEMENT_3D('',#1272,#1292,$);
#1330=PLANE('',#1311);
#1349=POLY_LOOP('',(#1272,#1263,#1265));
#1368=FACE_OUTER_BOUND('',#1349,.T.);
#1387=FACE_SURFACE('',(#1368),#1330,.T.);
#1293=DIRECTION('',(0.,0.,1.));
#1312=AXIS2_PLACEMENT_3D('',#1272,#1293,$);
#1331=PLANE('',#1312);
#1350=POLY_LOOP('',(#1272,#1268,#1270));
#1369=FACE_OUTER_BOUND('',#1350,.T.);
#1388=FACE_SURFACE('',(#1369),#1331,.T.);
#1294=DIRECTION('',(0.,0.,1.));
#1313=AXIS2_PLACEMENT_3D('',#1272,#1294,$);
#1332=PLANE('',#1313);
#1351=POLY_LOOP('',(#1272,#1255,#1258));
#1370=FACE_OUTER_BOUND('',#1351,.T.);
#1389=FACE_SURFACE('',(#1370),#1332,.T.);
#1390=CLOSED_SHELL('',(#1371,#1372,#1373,#1374,#1375,#1376,#1377,#1378,#1379,#1380,#1381,#1382,#1383,#1384,#1385,#1386,#1387,#1388,#1389));
#1391=FACETED_BREP('',#1390);
#1392=CARTESIAN_POINT('',(-0.001175,-0.000506515,0.));
#1393=CARTESIAN_POINT('',(-0.001157635,-0.0005049958,0.));
#1394=CARTESIAN_POINT('',(-0.001140798,-0.0005004843,0.));
#1395=CARTESIAN_POINT('',(-0.001125,-0.0004931175,0.));
#1396=CARTESIAN_POINT('',(-0.001110721,-0.0004831195,0.));
#1397=CARTESIAN_POINT('',(-0.001098396,-0.0004707937,0.));
#1398=CARTESIAN_POINT('',(-0.001088397,-0.000456515,0.));
#1399=CARTESIAN_POINT('',(-0.001081031,-0.000440717,0.));
#1400=CARTESIAN_POINT('',(-0.001076519,-0.0004238798,0.));
#1401=CARTESIAN_POINT('',(-0.001075,-0.000406515,0.));
#1402=CARTESIAN_POINT('',(-0.001076519,-0.0003891502,0.));
#1403=CARTESIAN_POINT('',(-0.001081031,-0.000372313,0.));
#1404=CARTESIAN_POINT('',(-0.001088397,-0.000356515,0.));
#1405=CARTESIAN_POINT('',(-0.001098396,-0.0003422362,0.));
#1406=CARTESIAN_POINT('',(-0.001110721,-0.0003299105,0.));
#1407=CARTESIAN_POINT('',(-0.001125,-0.0003199124,0.));
#1408=CARTESIAN_POINT('',(-0.001140798,-0.0003125457,0.));
#1409=CARTESIAN_POINT('',(-0.001157635,-0.0003080342,0.));
#1410=CARTESIAN_POINT('',(-0.001175,-0.000306515,0.));
#1411=CARTESIAN_POINT('',(-0.0015,-0.000306515,0.));
#1412=CARTESIAN_POINT('',(-0.0015,-0.000506515,0.));
#1413=DIRECTION('',(0.,0.,-1.));
#1432=AXIS2_PLACEMENT_3D('',#1396,#1413,$);
#1451=PLANE('',#1432);
#1470=POLY_LOOP('',(#1396,#1395,#1394));
#1489=FACE_OUTER_BOUND('',#1470,.T.);
#1508=FACE_SURFACE('',(#1489),#1451,.T.);
#1414=DIRECTION('',(0.,0.,-1.));
#1433=AXIS2_PLACEMENT_3D('',#1397,#1414,$);
#1452=PLANE('',#1433);
#1471=POLY_LOOP('',(#1397,#1396,#1394));
#1490=FACE_OUTER_BOUND('',#1471,.T.);
#1509=FACE_SURFACE('',(#1490),#1452,.T.);
#1415=DIRECTION('',(0.,0.,-1.));
#1434=AXIS2_PLACEMENT_3D('',#1401,#1415,$);
#1453=PLANE('',#1434);
#1472=POLY_LOOP('',(#1401,#1400,#1399));
#1491=FACE_OUTER_BOUND('',#1472,.T.);
#1510=FACE_SURFACE('',(#1491),#1453,.T.);
#1416=DIRECTION('',(0.,0.,-1.));
#1435=AXIS2_PLACEMENT_3D('',#1410,#1416,$);
#1454=PLANE('',#1435);
#1473=POLY_LOOP('',(#1410,#1412,#1411));
#1492=FACE_OUTER_BOUND('',#1473,.T.);
#1511=FACE_SURFACE('',(#1492),#1454,.T.);
#1417=DIRECTION('',(0.,0.,-1.));
#1436=AXIS2_PLACEMENT_3D('',#1410,#1417,$);
#1455=PLANE('',#1436);
#1474=POLY_LOOP('',(#1410,#1392,#1412));
#1493=FACE_OUTER_BOUND('',#1474,.T.);
#1512=FACE_SURFACE('',(#1493),#1455,.T.);
#1418=DIRECTION('',(0.,0.,-1.));
#1437=AXIS2_PLACEMENT_3D('',#1409,#1418,$);
#1456=PLANE('',#1437);
#1475=POLY_LOOP('',(#1409,#1393,#1392));
#1494=FACE_OUTER_BOUND('',#1475,.T.);
#1513=FACE_SURFACE('',(#1494),#1456,.T.);
#1419=DIRECTION('',(0.,0.,-1.));
#1438=AXIS2_PLACEMENT_3D('',#1409,#1419,$);
#1457=PLANE('',#1438);
#1476=POLY_LOOP('',(#1409,#1392,#1410));
#1495=FACE_OUTER_BOUND('',#1476,.T.);
#1514=FACE_SURFACE('',(#1495),#1457,.T.);
#1420=DIRECTION('',(0.,0.,-1.));
#1439=AXIS2_PLACEMENT_3D('',#1403,#1420,$);
#1458=PLANE('',#1439);
#1477=POLY_LOOP('',(#1403,#1402,#1401));
#1496=FACE_OUTER_BOUND('',#1477,.T.);
#1515=FACE_SURFACE('',(#1496),#1458,.T.);
#1421=DIRECTION('',(0.,0.,-1.));
#1440=AXIS2_PLACEMENT_3D('',#1404,#1421,$);
#1459=PLANE('',#1440);
#1478=POLY_LOOP('',(#1404,#1403,#1401));
#1497=FACE_OUTER_BOUND('',#1478,.T.);
#1516=FACE_SURFACE('',(#1497),#1459,.T.);
#1422=DIRECTION('',(0.,0.,-1.));
#1441=AXIS2_PLACEMENT_3D('',#1406,#1422,$);
#1460=PLANE('',#1441);
#1479=POLY_LOOP('',(#1406,#1394,#1393));
#1498=FACE_OUTER_BOUND('',#1479,.T.);
#1517=FACE_SURFACE('',(#1498),#1460,.T.);
#1423=DIRECTION('',(0.,0.,-1.));
#1442=AXIS2_PLACEMENT_3D('',#1406,#1423,$);
#1461=PLANE('',#1442);
#1480=POLY_LOOP('',(#1406,#1398,#1397));
#1499=FACE_OUTER_BOUND('',#1480,.T.);
#1518=FACE_SURFACE('',(#1499),#1461,.T.);
#1424=DIRECTION('',(0.,0.,-1.));
#1443=AXIS2_PLACEMENT_3D('',#1406,#1424,$);
#1462=PLANE('',#1443);
#1481=POLY_LOOP('',(#1406,#1399,#1398));
#1500=FACE_OUTER_BOUND('',#1481,.T.);
#1519=FACE_SURFACE('',(#1500),#1462,.T.);
#1425=DIRECTION('',(0.,0.,-1.));
#1444=AXIS2_PLACEMENT_3D('',#1406,#1425,$);
#1463=PLANE('',#1444);
#1482=POLY_LOOP('',(#1406,#1405,#1404));
#1501=FACE_OUTER_BOUND('',#1482,.T.);
#1520=FACE_SURFACE('',(#1501),#1463,.T.);
#1426=DIRECTION('',(0.,0.,-1.));
#1445=AXIS2_PLACEMENT_3D('',#1406,#1426,$);
#1464=PLANE('',#1445);
#1483=POLY_LOOP('',(#1406,#1408,#1407));
#1502=FACE_OUTER_BOUND('',#1483,.T.);
#1521=FACE_SURFACE('',(#1502),#1464,.T.);
#1427=DIRECTION('',(0.,0.,-1.));
#1446=AXIS2_PLACEMENT_3D('',#1406,#1427,$);
#1465=PLANE('',#1446);
#1484=POLY_LOOP('',(#1406,#1409,#1408));
#1503=FACE_OUTER_BOUND('',#1484,.T.);
#1522=FACE_SURFACE('',(#1503),#1465,.T.);
#1428=DIRECTION('',(0.,0.,-1.));
#1447=AXIS2_PLACEMENT_3D('',#1406,#1428,$);
#1466=PLANE('',#1447);
#1485=POLY_LOOP('',(#1406,#1397,#1394));
#1504=FACE_OUTER_BOUND('',#1485,.T.);
#1523=FACE_SURFACE('',(#1504),#1466,.T.);
#1429=DIRECTION('',(0.,0.,-1.));
#1448=AXIS2_PLACEMENT_3D('',#1406,#1429,$);
#1467=PLANE('',#1448);
#1486=POLY_LOOP('',(#1406,#1401,#1399));
#1505=FACE_OUTER_BOUND('',#1486,.T.);
#1524=FACE_SURFACE('',(#1505),#1467,.T.);
#1430=DIRECTION('',(0.,0.,-1.));
#1449=AXIS2_PLACEMENT_3D('',#1406,#1430,$);
#1468=PLANE('',#1449);
#1487=POLY_LOOP('',(#1406,#1393,#1409));
#1506=FACE_OUTER_BOUND('',#1487,.T.);
#1525=FACE_SURFACE('',(#1506),#1468,.T.);
#1431=DIRECTION('',(0.,0.,-1.));
#1450=AXIS2_PLACEMENT_3D('',#1406,#1431,$);
#1469=PLANE('',#1450);
#1488=POLY_LOOP('',(#1406,#1404,#1401));
#1507=FACE_OUTER_BOUND('',#1488,.T.);
#1526=FACE_SURFACE('',(#1507),#1469,.T.);
#1527=CLOSED_SHELL('',(#1508,#1509,#1510,#1511,#1512,#1513,#1514,#1515,#1516,#1517,#1518,#1519,#1520,#1521,#1522,#1523,#1524,#1525,#1526));
#1528=FACETED_BREP('',#1527);
#1529=CARTESIAN_POINT('',(-0.001175,-0.000306515,0.));
#1530=CARTESIAN_POINT('',(-0.001175,-0.000306515,0.0001));
#1531=CARTESIAN_POINT('',(-0.001175,-0.000506515,0.0001));
#1532=CARTESIAN_POINT('',(-0.001157635,-0.0005049958,0.0001));
#1533=CARTESIAN_POINT('',(-0.001140798,-0.0005004843,0.0001));
#1534=CARTESIAN_POINT('',(-0.001125,-0.0004931175,0.0001));
#1535=CARTESIAN_POINT('',(-0.001110721,-0.0004831195,0.0001));
#1536=CARTESIAN_POINT('',(-0.001098396,-0.0004707937,0.0001));
#1537=CARTESIAN_POINT('',(-0.001088397,-0.000456515,0.0001));
#1538=CARTESIAN_POINT('',(-0.001081031,-0.000440717,0.0001));
#1539=CARTESIAN_POINT('',(-0.001076519,-0.0004238798,0.0001));
#1540=CARTESIAN_POINT('',(-0.001075,-0.000406515,0.0001));
#1541=CARTESIAN_POINT('',(-0.001076519,-0.0003891502,0.0001));
#1542=CARTESIAN_POINT('',(-0.001081031,-0.000372313,0.0001));
#1543=CARTESIAN_POINT('',(-0.001088397,-0.000356515,0.0001));
#1544=CARTESIAN_POINT('',(-0.001098396,-0.0003422362,0.0001));
#1545=CARTESIAN_POINT('',(-0.001110721,-0.0003299105,0.0001));
#1546=CARTESIAN_POINT('',(-0.001125,-0.0003199124,0.0001));
#1547=CARTESIAN_POINT('',(-0.001140798,-0.0003125457,0.0001));
#1548=CARTESIAN_POINT('',(-0.001157635,-0.0003080342,0.0001));
#1549=CARTESIAN_POINT('',(-0.001175,-0.000506515,0.));
#1550=CARTESIAN_POINT('',(-0.001157635,-0.0005049958,0.));
#1551=CARTESIAN_POINT('',(-0.001140798,-0.0005004843,0.));
#1552=CARTESIAN_POINT('',(-0.001125,-0.0004931175,0.));
#1553=CARTESIAN_POINT('',(-0.001110721,-0.0004831195,0.));
#1554=CARTESIAN_POINT('',(-0.001098396,-0.0004707937,0.));
#1555=CARTESIAN_POINT('',(-0.001088397,-0.000456515,0.));
#1556=CARTESIAN_POINT('',(-0.001081031,-0.000440717,0.));
#1557=CARTESIAN_POINT('',(-0.001076519,-0.0004238798,0.));
#1558=CARTESIAN_POINT('',(-0.001075,-0.000406515,0.));
#1559=CARTESIAN_POINT('',(-0.001076519,-0.0003891502,0.));
#1560=CARTESIAN_POINT('',(-0.001081031,-0.000372313,0.));
#1561=CARTESIAN_POINT('',(-0.001088397,-0.000356515,0.));
#1562=CARTESIAN_POINT('',(-0.001098396,-0.0003422362,0.));
#1563=CARTESIAN_POINT('',(-0.001110721,-0.0003299105,0.));
#1564=CARTESIAN_POINT('',(-0.001125,-0.0003199124,0.));
#1565=CARTESIAN_POINT('',(-0.001140798,-0.0003125457,0.));
#1566=CARTESIAN_POINT('',(-0.001157635,-0.0003080342,0.));
#1567=DIRECTION('',(0.08715527,-0.9961947,0.));
#1603=AXIS2_PLACEMENT_3D('',#1532,#1567,$);
#1639=PLANE('',#1603);
#1675=POLY_LOOP('',(#1532,#1531,#1549));
#1711=FACE_OUTER_BOUND('',#1675,.T.);
#1747=FACE_SURFACE('',(#1711),#1639,.T.);
#1568=DIRECTION('',(0.08715527,-0.9961947,0.));
#1604=AXIS2_PLACEMENT_3D('',#1532,#1568,$);
#1640=PLANE('',#1604);
#1676=POLY_LOOP('',(#1532,#1549,#1550));
#1712=FACE_OUTER_BOUND('',#1676,.T.);
#1748=FACE_SURFACE('',(#1712),#1640,.T.);
#1569=DIRECTION('',(0.2588191,-0.9659258,0.));
#1605=AXIS2_PLACEMENT_3D('',#1533,#1569,$);
#1641=PLANE('',#1605);
#1677=POLY_LOOP('',(#1533,#1550,#1551));
#1713=FACE_OUTER_BOUND('',#1677,.T.);
#1749=FACE_SURFACE('',(#1713),#1641,.T.);
#1570=DIRECTION('',(0.2588191,-0.9659258,0.));
#1606=AXIS2_PLACEMENT_3D('',#1533,#1570,$);
#1642=PLANE('',#1606);
#1678=POLY_LOOP('',(#1533,#1532,#1550));
#1714=FACE_OUTER_BOUND('',#1678,.T.);
#1750=FACE_SURFACE('',(#1714),#1642,.T.);
#1571=DIRECTION('',(0.4226165,-0.9063086,0.));
#1607=AXIS2_PLACEMENT_3D('',#1534,#1571,$);
#1643=PLANE('',#1607);
#1679=POLY_LOOP('',(#1534,#1551,#1552));
#1715=FACE_OUTER_BOUND('',#1679,.T.);
#1751=FACE_SURFACE('',(#1715),#1643,.T.);
#1572=DIRECTION('',(0.4226165,-0.9063086,0.));
#1608=AXIS2_PLACEMENT_3D('',#1534,#1572,$);
#1644=PLANE('',#1608);
#1680=POLY_LOOP('',(#1534,#1533,#1551));
#1716=FACE_OUTER_BOUND('',#1680,.T.);
#1752=FACE_SURFACE('',(#1716),#1644,.T.);
#1573=DIRECTION('',(0.5735784,-0.8191506,0.));
#1609=AXIS2_PLACEMENT_3D('',#1535,#1573,$);
#1645=PLANE('',#1609);
#1681=POLY_LOOP('',(#1535,#1552,#1553));
#1717=FACE_OUTER_BOUND('',#1681,.T.);
#1753=FACE_SURFACE('',(#1717),#1645,.T.);
#1574=DIRECTION('',(0.5735784,-0.8191506,0.));
#1610=AXIS2_PLACEMENT_3D('',#1535,#1574,$);
#1646=PLANE('',#1610);
#1682=POLY_LOOP('',(#1535,#1534,#1552));
#1718=FACE_OUTER_BOUND('',#1682,.T.);
#1754=FACE_SURFACE('',(#1718),#1646,.T.);
#1575=DIRECTION('',(0.7071068,-0.7071068,0.));
#1611=AXIS2_PLACEMENT_3D('',#1536,#1575,$);
#1647=PLANE('',#1611);
#1683=POLY_LOOP('',(#1536,#1553,#1554));
#1719=FACE_OUTER_BOUND('',#1683,.T.);
#1755=FACE_SURFACE('',(#1719),#1647,.T.);
#1576=DIRECTION('',(0.7071068,-0.7071068,0.));
#1612=AXIS2_PLACEMENT_3D('',#1536,#1576,$);
#1648=PLANE('',#1612);
#1684=POLY_LOOP('',(#1536,#1535,#1553));
#1720=FACE_OUTER_BOUND('',#1684,.T.);
#1756=FACE_SURFACE('',(#1720),#1648,.T.);
#1577=DIRECTION('',(0.8191517,-0.5735769,0.));
#1613=AXIS2_PLACEMENT_3D('',#1537,#1577,$);
#1649=PLANE('',#1613);
#1685=POLY_LOOP('',(#1537,#1554,#1555));
#1721=FACE_OUTER_BOUND('',#1685,.T.);
#1757=FACE_SURFACE('',(#1721),#1649,.T.);
#1578=DIRECTION('',(0.8191517,-0.5735769,0.));
#1614=AXIS2_PLACEMENT_3D('',#1537,#1578,$);
#1650=PLANE('',#1614);
#1686=POLY_LOOP('',(#1537,#1536,#1554));
#1722=FACE_OUTER_BOUND('',#1686,.T.);
#1758=FACE_SURFACE('',(#1722),#1650,.T.);
#1579=DIRECTION('',(0.906307,-0.4226199,0.));
#1615=AXIS2_PLACEMENT_3D('',#1538,#1579,$);
#1651=PLANE('',#1615);
#1687=POLY_LOOP('',(#1538,#1555,#1556));
#1723=FACE_OUTER_BOUND('',#1687,.T.);
#1759=FACE_SURFACE('',(#1723),#1651,.T.);
#1580=DIRECTION('',(0.906307,-0.4226199,0.));
#1616=AXIS2_PLACEMENT_3D('',#1538,#1580,$);
#1652=PLANE('',#1616);
#1688=POLY_LOOP('',(#1538,#1537,#1555));
#1724=FACE_OUTER_BOUND('',#1688,.T.);
#1760=FACE_SURFACE('',(#1724),#1652,.T.);
#1581=DIRECTION('',(0.9659268,-0.2588156,0.));
#1617=AXIS2_PLACEMENT_3D('',#1539,#1581,$);
#1653=PLANE('',#1617);
#1689=POLY_LOOP('',(#1539,#1556,#1557));
#1725=FACE_OUTER_BOUND('',#1689,.T.);
#1761=FACE_SURFACE('',(#1725),#1653,.T.);
#1582=DIRECTION('',(0.9659268,-0.2588156,0.));
#1618=AXIS2_PLACEMENT_3D('',#1539,#1582,$);
#1654=PLANE('',#1618);
#1690=POLY_LOOP('',(#1539,#1538,#1556));
#1726=FACE_OUTER_BOUND('',#1690,.T.);
#1762=FACE_SURFACE('',(#1726),#1654,.T.);
#1583=DIRECTION('',(0.9961947,-0.08715541,0.));
#1619=AXIS2_PLACEMENT_3D('',#1540,#1583,$);
#1655=PLANE('',#1619);
#1691=POLY_LOOP('',(#1540,#1557,#1558));
#1727=FACE_OUTER_BOUND('',#1691,.T.);
#1763=FACE_SURFACE('',(#1727),#1655,.T.);
#1584=DIRECTION('',(0.9961947,-0.08715541,0.));
#1620=AXIS2_PLACEMENT_3D('',#1540,#1584,$);
#1656=PLANE('',#1620);
#1692=POLY_LOOP('',(#1540,#1539,#1557));
#1728=FACE_OUTER_BOUND('',#1692,.T.);
#1764=FACE_SURFACE('',(#1728),#1656,.T.);
#1585=DIRECTION('',(0.9961947,0.08715541,0.));
#1621=AXIS2_PLACEMENT_3D('',#1541,#1585,$);
#1657=PLANE('',#1621);
#1693=POLY_LOOP('',(#1541,#1558,#1559));
#1729=FACE_OUTER_BOUND('',#1693,.T.);
#1765=FACE_SURFACE('',(#1729),#1657,.T.);
#1586=DIRECTION('',(0.9961947,0.08715541,0.));
#1622=AXIS2_PLACEMENT_3D('',#1541,#1586,$);
#1658=PLANE('',#1622);
#1694=POLY_LOOP('',(#1541,#1540,#1558));
#1730=FACE_OUTER_BOUND('',#1694,.T.);
#1766=FACE_SURFACE('',(#1730),#1658,.T.);
#1587=DIRECTION('',(0.9659268,0.2588156,0.));
#1623=AXIS2_PLACEMENT_3D('',#1542,#1587,$);
#1659=PLANE('',#1623);
#1695=POLY_LOOP('',(#1542,#1559,#1560));
#1731=FACE_OUTER_BOUND('',#1695,.T.);
#1767=FACE_SURFACE('',(#1731),#1659,.T.);
#1588=DIRECTION('',(0.9659268,0.2588156,0.));
#1624=AXIS2_PLACEMENT_3D('',#1542,#1588,$);
#1660=PLANE('',#1624);
#1696=POLY_LOOP('',(#1542,#1541,#1559));
#1732=FACE_OUTER_BOUND('',#1696,.T.);
#1768=FACE_SURFACE('',(#1732),#1660,.T.);
#1589=DIRECTION('',(0.906307,0.4226199,0.));
#1625=AXIS2_PLACEMENT_3D('',#1543,#1589,$);
#1661=PLANE('',#1625);
#1697=POLY_LOOP('',(#1543,#1560,#1561));
#1733=FACE_OUTER_BOUND('',#1697,.T.);
#1769=FACE_SURFACE('',(#1733),#1661,.T.);
#1590=DIRECTION('',(0.906307,0.4226199,0.));
#1626=AXIS2_PLACEMENT_3D('',#1543,#1590,$);
#1662=PLANE('',#1626);
#1698=POLY_LOOP('',(#1543,#1542,#1560));
#1734=FACE_OUTER_BOUND('',#1698,.T.);
#1770=FACE_SURFACE('',(#1734),#1662,.T.);
#1591=DIRECTION('',(0.8191517,0.5735769,0.));
#1627=AXIS2_PLACEMENT_3D('',#1544,#1591,$);
#1663=PLANE('',#1627);
#1699=POLY_LOOP('',(#1544,#1561,#1562));
#1735=FACE_OUTER_BOUND('',#1699,.T.);
#1771=FACE_SURFACE('',(#1735),#1663,.T.);
#1592=DIRECTION('',(0.8191517,0.5735769,0.));
#1628=AXIS2_PLACEMENT_3D('',#1544,#1592,$);
#1664=PLANE('',#1628);
#1700=POLY_LOOP('',(#1544,#1543,#1561));
#1736=FACE_OUTER_BOUND('',#1700,.T.);
#1772=FACE_SURFACE('',(#1736),#1664,.T.);
#1593=DIRECTION('',(0.7071068,0.7071068,0.));
#1629=AXIS2_PLACEMENT_3D('',#1545,#1593,$);
#1665=PLANE('',#1629);
#1701=POLY_LOOP('',(#1545,#1562,#1563));
#1737=FACE_OUTER_BOUND('',#1701,.T.);
#1773=FACE_SURFACE('',(#1737),#1665,.T.);
#1594=DIRECTION('',(0.7071068,0.7071068,0.));
#1630=AXIS2_PLACEMENT_3D('',#1545,#1594,$);
#1666=PLANE('',#1630);
#1702=POLY_LOOP('',(#1545,#1544,#1562));
#1738=FACE_OUTER_BOUND('',#1702,.T.);
#1774=FACE_SURFACE('',(#1738),#1666,.T.);
#1595=DIRECTION('',(0.5735784,0.8191506,0.));
#1631=AXIS2_PLACEMENT_3D('',#1546,#1595,$);
#1667=PLANE('',#1631);
#1703=POLY_LOOP('',(#1546,#1563,#1564));
#1739=FACE_OUTER_BOUND('',#1703,.T.);
#1775=FACE_SURFACE('',(#1739),#1667,.T.);
#1596=DIRECTION('',(0.5735784,0.8191506,0.));
#1632=AXIS2_PLACEMENT_3D('',#1546,#1596,$);
#1668=PLANE('',#1632);
#1704=POLY_LOOP('',(#1546,#1545,#1563));
#1740=FACE_OUTER_BOUND('',#1704,.T.);
#1776=FACE_SURFACE('',(#1740),#1668,.T.);
#1597=DIRECTION('',(0.4226165,0.9063086,0.));
#1633=AXIS2_PLACEMENT_3D('',#1547,#1597,$);
#1669=PLANE('',#1633);
#1705=POLY_LOOP('',(#1547,#1546,#1564));
#1741=FACE_OUTER_BOUND('',#1705,.T.);
#1777=FACE_SURFACE('',(#1741),#1669,.T.);
#1598=DIRECTION('',(0.4226165,0.9063086,0.));
#1634=AXIS2_PLACEMENT_3D('',#1547,#1598,$);
#1670=PLANE('',#1634);
#1706=POLY_LOOP('',(#1547,#1564,#1565));
#1742=FACE_OUTER_BOUND('',#1706,.T.);
#1778=FACE_SURFACE('',(#1742),#1670,.T.);
#1599=DIRECTION('',(0.2588207,0.9659254,0.));
#1635=AXIS2_PLACEMENT_3D('',#1548,#1599,$);
#1671=PLANE('',#1635);
#1707=POLY_LOOP('',(#1548,#1547,#1565));
#1743=FACE_OUTER_BOUND('',#1707,.T.);
#1779=FACE_SURFACE('',(#1743),#1671,.T.);
#1600=DIRECTION('',(0.2588207,0.9659254,0.));
#1636=AXIS2_PLACEMENT_3D('',#1548,#1600,$);
#1672=PLANE('',#1636);
#1708=POLY_LOOP('',(#1548,#1565,#1566));
#1744=FACE_OUTER_BOUND('',#1708,.T.);
#1780=FACE_SURFACE('',(#1744),#1672,.T.);
#1601=DIRECTION('',(0.08715527,0.9961947,0.));
#1637=AXIS2_PLACEMENT_3D('',#1530,#1601,$);
#1673=PLANE('',#1637);
#1709=POLY_LOOP('',(#1530,#1548,#1566));
#1745=FACE_OUTER_BOUND('',#1709,.T.);
#1781=FACE_SURFACE('',(#1745),#1673,.T.);
#1602=DIRECTION('',(0.08715527,0.9961947,0.));
#1638=AXIS2_PLACEMENT_3D('',#1530,#1602,$);
#1674=PLANE('',#1638);
#1710=POLY_LOOP('',(#1530,#1566,#1529));
#1746=FACE_OUTER_BOUND('',#1710,.T.);
#1782=FACE_SURFACE('',(#1746),#1674,.T.);
#1783=CLOSED_SHELL('',(#1747,#1748,#1749,#1750,#1751,#1752,#1753,#1754,#1755,#1756,#1757,#1758,#1759,#1760,#1761,#1762,#1763,#1764,#1765,#1766,#1767,#1768,#1769,#1770,#1771,#1772,#1773,#1774,#1775,#1776,#1777,#1778,#1779,#1780,#1781,#1782));
#1784=FACETED_BREP('',#1783);
#1785=CARTESIAN_POINT('',(-0.001175,-0.000506515,0.));
#1786=CARTESIAN_POINT('',(-0.001175,-0.000506515,0.0001));
#1787=CARTESIAN_POINT('',(-0.0015,-0.000506515,0.0001));
#1788=CARTESIAN_POINT('',(-0.0015,-0.000506515,0.));
#1789=DIRECTION('',(0.,-1.,0.));
#1791=AXIS2_PLACEMENT_3D('',#1786,#1789,$);
#1793=PLANE('',#1791);
#1795=POLY_LOOP('',(#1786,#1787,#1788));
#1797=FACE_OUTER_BOUND('',#1795,.T.);
#1799=FACE_SURFACE('',(#1797),#1793,.T.);
#1790=DIRECTION('',(0.,-1.,0.));
#1792=AXIS2_PLACEMENT_3D('',#1786,#1790,$);
#1794=PLANE('',#1792);
#1796=POLY_LOOP('',(#1786,#1788,#1785));
#1798=FACE_OUTER_BOUND('',#1796,.T.);
#1800=FACE_SURFACE('',(#1798),#1794,.T.);
#1801=CLOSED_SHELL('',(#1799,#1800));
#1802=FACETED_BREP('',#1801);
#1803=CARTESIAN_POINT('',(-0.0015,-0.000506515,0.));
#1804=CARTESIAN_POINT('',(-0.0015,-0.000506515,0.0001));
#1805=CARTESIAN_POINT('',(-0.0015,-0.000306515,0.0001));
#1806=CARTESIAN_POINT('',(-0.0015,-0.000306515,0.));
#1807=DIRECTION('',(-1.,0.,0.));
#1809=AXIS2_PLACEMENT_3D('',#1804,#1807,$);
#1811=PLANE('',#1809);
#1813=POLY_LOOP('',(#1804,#1805,#1806));
#1815=FACE_OUTER_BOUND('',#1813,.T.);
#1817=FACE_SURFACE('',(#1815),#1811,.T.);
#1808=DIRECTION('',(-1.,0.,0.));
#1810=AXIS2_PLACEMENT_3D('',#1804,#1808,$);
#1812=PLANE('',#1810);
#1814=POLY_LOOP('',(#1804,#1806,#1803));
#1816=FACE_OUTER_BOUND('',#1814,.T.);
#1818=FACE_SURFACE('',(#1816),#1812,.T.);
#1819=CLOSED_SHELL('',(#1817,#1818));
#1820=FACETED_BREP('',#1819);
#1821=CARTESIAN_POINT('',(-0.0015,-0.000306515,0.));
#1822=CARTESIAN_POINT('',(-0.0015,-0.000306515,0.0001));
#1823=CARTESIAN_POINT('',(-0.001175,-0.000306515,0.0001));
#1824=CARTESIAN_POINT('',(-0.001175,-0.000306515,0.));
#1825=DIRECTION('',(0.,1.,0.));
#1827=AXIS2_PLACEMENT_3D('',#1822,#1825,$);
#1829=PLANE('',#1827);
#1831=POLY_LOOP('',(#1822,#1823,#1824));
#1833=FACE_OUTER_BOUND('',#1831,.T.);
#1835=FACE_SURFACE('',(#1833),#1829,.T.);
#1826=DIRECTION('',(0.,1.,0.));
#1828=AXIS2_PLACEMENT_3D('',#1822,#1826,$);
#1830=PLANE('',#1828);
#1832=POLY_LOOP('',(#1822,#1824,#1821));
#1834=FACE_OUTER_BOUND('',#1832,.T.);
#1836=FACE_SURFACE('',(#1834),#1830,.T.);
#1837=CLOSED_SHELL('',(#1835,#1836));
#1838=FACETED_BREP('',#1837);
#1839=CARTESIAN_POINT('',(-0.001175,-0.000306515,0.0001));
#1840=CARTESIAN_POINT('',(-0.0015,-0.000306515,0.0001));
#1841=CARTESIAN_POINT('',(-0.0015,-0.000506515,0.0001));
#1842=CARTESIAN_POINT('',(-0.001175,-0.000506515,0.0001));
#1843=CARTESIAN_POINT('',(-0.001157635,-0.0005049958,0.0001));
#1844=CARTESIAN_POINT('',(-0.001140798,-0.0005004843,0.0001));
#1845=CARTESIAN_POINT('',(-0.001125,-0.0004931175,0.0001));
#1846=CARTESIAN_POINT('',(-0.001110721,-0.0004831195,0.0001));
#1847=CARTESIAN_POINT('',(-0.001098396,-0.0004707937,0.0001));
#1848=CARTESIAN_POINT('',(-0.001088397,-0.000456515,0.0001));
#1849=CARTESIAN_POINT('',(-0.001081031,-0.000440717,0.0001));
#1850=CARTESIAN_POINT('',(-0.001076519,-0.0004238798,0.0001));
#1851=CARTESIAN_POINT('',(-0.001075,-0.000406515,0.0001));
#1852=CARTESIAN_POINT('',(-0.001076519,-0.0003891502,0.0001));
#1853=CARTESIAN_POINT('',(-0.001081031,-0.000372313,0.0001));
#1854=CARTESIAN_POINT('',(-0.001088397,-0.000356515,0.0001));
#1855=CARTESIAN_POINT('',(-0.001098396,-0.0003422362,0.0001));
#1856=CARTESIAN_POINT('',(-0.001110721,-0.0003299105,0.0001));
#1857=CARTESIAN_POINT('',(-0.001125,-0.0003199124,0.0001));
#1858=CARTESIAN_POINT('',(-0.001140798,-0.0003125457,0.0001));
#1859=CARTESIAN_POINT('',(-0.001157635,-0.0003080342,0.0001));
#1860=DIRECTION('',(0.,0.,1.));
#1879=AXIS2_PLACEMENT_3D('',#1846,#1860,$);
#1898=PLANE('',#1879);
#1917=POLY_LOOP('',(#1846,#1844,#1845));
#1936=FACE_OUTER_BOUND('',#1917,.T.);
#1955=FACE_SURFACE('',(#1936),#1898,.T.);
#1861=DIRECTION('',(0.,0.,1.));
#1880=AXIS2_PLACEMENT_3D('',#1847,#1861,$);
#1899=PLANE('',#1880);
#1918=POLY_LOOP('',(#1847,#1844,#1846));
#1937=FACE_OUTER_BOUND('',#1918,.T.);
#1956=FACE_SURFACE('',(#1937),#1899,.T.);
#1862=DIRECTION('',(0.,0.,1.));
#1881=AXIS2_PLACEMENT_3D('',#1851,#1862,$);
#1900=PLANE('',#1881);
#1919=POLY_LOOP('',(#1851,#1849,#1850));
#1938=FACE_OUTER_BOUND('',#1919,.T.);
#1957=FACE_SURFACE('',(#1938),#1900,.T.);
#1863=DIRECTION('',(0.,0.,1.));
#1882=AXIS2_PLACEMENT_3D('',#1839,#1863,$);
#1901=PLANE('',#1882);
#1920=POLY_LOOP('',(#1839,#1840,#1841));
#1939=FACE_OUTER_BOUND('',#1920,.T.);
#1958=FACE_SURFACE('',(#1939),#1901,.T.);
#1864=DIRECTION('',(0.,0.,1.));
#1883=AXIS2_PLACEMENT_3D('',#1839,#1864,$);
#1902=PLANE('',#1883);
#1921=POLY_LOOP('',(#1839,#1841,#1842));
#1940=FACE_OUTER_BOUND('',#1921,.T.);
#1959=FACE_SURFACE('',(#1940),#1902,.T.);
#1865=DIRECTION('',(0.,0.,1.));
#1884=AXIS2_PLACEMENT_3D('',#1853,#1865,$);
#1903=PLANE('',#1884);
#1922=POLY_LOOP('',(#1853,#1851,#1852));
#1941=FACE_OUTER_BOUND('',#1922,.T.);
#1960=FACE_SURFACE('',(#1941),#1903,.T.);
#1866=DIRECTION('',(0.,0.,1.));
#1885=AXIS2_PLACEMENT_3D('',#1854,#1866,$);
#1904=PLANE('',#1885);
#1923=POLY_LOOP('',(#1854,#1851,#1853));
#1942=FACE_OUTER_BOUND('',#1923,.T.);
#1961=FACE_SURFACE('',(#1942),#1904,.T.);
#1867=DIRECTION('',(0.,0.,1.));
#1886=AXIS2_PLACEMENT_3D('',#1856,#1867,$);
#1905=PLANE('',#1886);
#1924=POLY_LOOP('',(#1856,#1842,#1843));
#1943=FACE_OUTER_BOUND('',#1924,.T.);
#1962=FACE_SURFACE('',(#1943),#1905,.T.);
#1868=DIRECTION('',(0.,0.,1.));
#1887=AXIS2_PLACEMENT_3D('',#1856,#1868,$);
#1906=PLANE('',#1887);
#1925=POLY_LOOP('',(#1856,#1843,#1844));
#1944=FACE_OUTER_BOUND('',#1925,.T.);
#1963=FACE_SURFACE('',(#1944),#1906,.T.);
#1869=DIRECTION('',(0.,0.,1.));
#1888=AXIS2_PLACEMENT_3D('',#1856,#1869,$);
#1907=PLANE('',#1888);
#1926=POLY_LOOP('',(#1856,#1847,#1848));
#1945=FACE_OUTER_BOUND('',#1926,.T.);
#1964=FACE_SURFACE('',(#1945),#1907,.T.);
#1870=DIRECTION('',(0.,0.,1.));
#1889=AXIS2_PLACEMENT_3D('',#1856,#1870,$);
#1908=PLANE('',#1889);
#1927=POLY_LOOP('',(#1856,#1848,#1849));
#1946=FACE_OUTER_BOUND('',#1927,.T.);
#1965=FACE_SURFACE('',(#1946),#1908,.T.);
#1871=DIRECTION('',(0.,0.,1.));
#1890=AXIS2_PLACEMENT_3D('',#1856,#1871,$);
#1909=PLANE('',#1890);
#1928=POLY_LOOP('',(#1856,#1854,#1855));
#1947=FACE_OUTER_BOUND('',#1928,.T.);
#1966=FACE_SURFACE('',(#1947),#1909,.T.);
#1872=DIRECTION('',(0.,0.,1.));
#1891=AXIS2_PLACEMENT_3D('',#1856,#1872,$);
#1910=PLANE('',#1891);
#1929=POLY_LOOP('',(#1856,#1857,#1858));
#1948=FACE_OUTER_BOUND('',#1929,.T.);
#1967=FACE_SURFACE('',(#1948),#1910,.T.);
#1873=DIRECTION('',(0.,0.,1.));
#1892=AXIS2_PLACEMENT_3D('',#1856,#1873,$);
#1911=PLANE('',#1892);
#1930=POLY_LOOP('',(#1856,#1858,#1859));
#1949=FACE_OUTER_BOUND('',#1930,.T.);
#1968=FACE_SURFACE('',(#1949),#1911,.T.);
#1874=DIRECTION('',(0.,0.,1.));
#1893=AXIS2_PLACEMENT_3D('',#1856,#1874,$);
#1912=PLANE('',#1893);
#1931=POLY_LOOP('',(#1856,#1859,#1839));
#1950=FACE_OUTER_BOUND('',#1931,.T.);
#1969=FACE_SURFACE('',(#1950),#1912,.T.);
#1875=DIRECTION('',(0.,0.,1.));
#1894=AXIS2_PLACEMENT_3D('',#1856,#1875,$);
#1913=PLANE('',#1894);
#1932=POLY_LOOP('',(#1856,#1844,#1847));
#1951=FACE_OUTER_BOUND('',#1932,.T.);
#1970=FACE_SURFACE('',(#1951),#1913,.T.);
#1876=DIRECTION('',(0.,0.,1.));
#1895=AXIS2_PLACEMENT_3D('',#1856,#1876,$);
#1914=PLANE('',#1895);
#1933=POLY_LOOP('',(#1856,#1849,#1851));
#1952=FACE_OUTER_BOUND('',#1933,.T.);
#1971=FACE_SURFACE('',(#1952),#1914,.T.);
#1877=DIRECTION('',(0.,0.,1.));
#1896=AXIS2_PLACEMENT_3D('',#1856,#1877,$);
#1915=PLANE('',#1896);
#1934=POLY_LOOP('',(#1856,#1839,#1842));
#1953=FACE_OUTER_BOUND('',#1934,.T.);
#1972=FACE_SURFACE('',(#1953),#1915,.T.);
#1878=DIRECTION('',(0.,0.,1.));
#1897=AXIS2_PLACEMENT_3D('',#1856,#1878,$);
#1916=PLANE('',#1897);
#1935=POLY_LOOP('',(#1856,#1851,#1854));
#1954=FACE_OUTER_BOUND('',#1935,.T.);
#1973=FACE_SURFACE('',(#1954),#1916,.T.);
#1974=CLOSED_SHELL('',(#1955,#1956,#1957,#1958,#1959,#1960,#1961,#1962,#1963,#1964,#1965,#1966,#1967,#1968,#1969,#1970,#1971,#1972,#1973));
#1975=FACETED_BREP('',#1974);
#1976=CARTESIAN_POINT('',(-0.0015,-0.00075,0.));
#1977=CARTESIAN_POINT('',(-0.0015,-0.00095,0.));
#1978=CARTESIAN_POINT('',(-0.001125,-0.00095,0.));
#1979=CARTESIAN_POINT('',(-0.001125,-0.00125,0.));
#1980=CARTESIAN_POINT('',(-0.000925,-0.00125,0.));
#1981=CARTESIAN_POINT('',(-0.000925,-0.00075,0.));
#1982=DIRECTION('',(0.,0.,-1.));
#1986=AXIS2_PLACEMENT_3D('',#1978,#1982,$);
#1990=PLANE('',#1986);
#1994=POLY_LOOP('',(#1978,#1977,#1976));
#1998=FACE_OUTER_BOUND('',#1994,.T.);
#2002=FACE_SURFACE('',(#1998),#1990,.T.);
#1983=DIRECTION('',(0.,0.,-1.));
#1987=AXIS2_PLACEMENT_3D('',#1978,#1983,$);
#1991=PLANE('',#1987);
#1995=POLY_LOOP('',(#1978,#1980,#1979));
#1999=FACE_OUTER_BOUND('',#1995,.T.);
#2003=FACE_SURFACE('',(#1999),#1991,.T.);
#1984=DIRECTION('',(0.,0.,-1.));
#1988=AXIS2_PLACEMENT_3D('',#1981,#1984,$);
#1992=PLANE('',#1988);
#1996=POLY_LOOP('',(#1981,#1980,#1978));
#2000=FACE_OUTER_BOUND('',#1996,.T.);
#2004=FACE_SURFACE('',(#2000),#1992,.T.);
#1985=DIRECTION('',(0.,0.,-1.));
#1989=AXIS2_PLACEMENT_3D('',#1981,#1985,$);
#1993=PLANE('',#1989);
#1997=POLY_LOOP('',(#1981,#1978,#1976));
#2001=FACE_OUTER_BOUND('',#1997,.T.);
#2005=FACE_SURFACE('',(#2001),#1993,.T.);
#2006=CLOSED_SHELL('',(#2002,#2003,#2004,#2005));
#2007=FACETED_BREP('',#2006);
#2008=CARTESIAN_POINT('',(-0.0015,-0.00095,0.));
#2009=CARTESIAN_POINT('',(-0.0015,-0.00095,0.0001));
#2010=CARTESIAN_POINT('',(-0.0015,-0.00075,0.0001));
#2011=CARTESIAN_POINT('',(-0.0015,-0.00075,0.));
#2012=DIRECTION('',(-1.,0.,0.));
#2014=AXIS2_PLACEMENT_3D('',#2009,#2012,$);
#2016=PLANE('',#2014);
#2018=POLY_LOOP('',(#2009,#2010,#2011));
#2020=FACE_OUTER_BOUND('',#2018,.T.);
#2022=FACE_SURFACE('',(#2020),#2016,.T.);
#2013=DIRECTION('',(-1.,0.,0.));
#2015=AXIS2_PLACEMENT_3D('',#2009,#2013,$);
#2017=PLANE('',#2015);
#2019=POLY_LOOP('',(#2009,#2011,#2008));
#2021=FACE_OUTER_BOUND('',#2019,.T.);
#2023=FACE_SURFACE('',(#2021),#2017,.T.);
#2024=CLOSED_SHELL('',(#2022,#2023));
#2025=FACETED_BREP('',#2024);
#2026=CARTESIAN_POINT('',(-0.0015,-0.00075,0.));
#2027=CARTESIAN_POINT('',(-0.0015,-0.00075,0.0001));
#2028=CARTESIAN_POINT('',(-0.000925,-0.00075,0.0001));
#2029=CARTESIAN_POINT('',(-0.000925,-0.00075,0.));
#2030=DIRECTION('',(0.,1.,0.));
#2032=AXIS2_PLACEMENT_3D('',#2027,#2030,$);
#2034=PLANE('',#2032);
#2036=POLY_LOOP('',(#2027,#2028,#2029));
#2038=FACE_OUTER_BOUND('',#2036,.T.);
#2040=FACE_SURFACE('',(#2038),#2034,.T.);
#2031=DIRECTION('',(0.,1.,0.));
#2033=AXIS2_PLACEMENT_3D('',#2027,#2031,$);
#2035=PLANE('',#2033);
#2037=POLY_LOOP('',(#2027,#2029,#2026));
#2039=FACE_OUTER_BOUND('',#2037,.T.);
#2041=FACE_SURFACE('',(#2039),#2035,.T.);
#2042=CLOSED_SHELL('',(#2040,#2041));
#2043=FACETED_BREP('',#2042);
#2044=CARTESIAN_POINT('',(-0.000925,-0.00075,0.));
#2045=CARTESIAN_POINT('',(-0.000925,-0.00075,0.0001));
#2046=CARTESIAN_POINT('',(-0.000925,-0.00125,0.0001));
#2047=CARTESIAN_POINT('',(-0.000925,-0.00125,0.));
#2048=DIRECTION('',(1.,0.,0.));
#2050=AXIS2_PLACEMENT_3D('',#2045,#2048,$);
#2052=PLANE('',#2050);
#2054=POLY_LOOP('',(#2045,#2046,#2047));
#2056=FACE_OUTER_BOUND('',#2054,.T.);
#2058=FACE_SURFACE('',(#2056),#2052,.T.);
#2049=DIRECTION('',(1.,0.,0.));
#2051=AXIS2_PLACEMENT_3D('',#2045,#2049,$);
#2053=PLANE('',#2051);
#2055=POLY_LOOP('',(#2045,#2047,#2044));
#2057=FACE_OUTER_BOUND('',#2055,.T.);
#2059=FACE_SURFACE('',(#2057),#2053,.T.);
#2060=CLOSED_SHELL('',(#2058,#2059));
#2061=FACETED_BREP('',#2060);
#2062=CARTESIAN_POINT('',(-0.000925,-0.00125,0.));
#2063=CARTESIAN_POINT('',(-0.000925,-0.00125,0.0001));
#2064=CARTESIAN_POINT('',(-0.001125,-0.00125,0.0001));
#2065=CARTESIAN_POINT('',(-0.001125,-0.00125,0.));
#2066=DIRECTION('',(0.,-1.,0.));
#2068=AXIS2_PLACEMENT_3D('',#2063,#2066,$);
#2070=PLANE('',#2068);
#2072=POLY_LOOP('',(#2063,#2064,#2065));
#2074=FACE_OUTER_BOUND('',#2072,.T.);
#2076=FACE_SURFACE('',(#2074),#2070,.T.);
#2067=DIRECTION('',(0.,-1.,0.));
#2069=AXIS2_PLACEMENT_3D('',#2063,#2067,$);
#2071=PLANE('',#2069);
#2073=POLY_LOOP('',(#2063,#2065,#2062));
#2075=FACE_OUTER_BOUND('',#2073,.T.);
#2077=FACE_SURFACE('',(#2075),#2071,.T.);
#2078=CLOSED_SHELL('',(#2076,#2077));
#2079=FACETED_BREP('',#2078);
#2080=CARTESIAN_POINT('',(-0.001125,-0.00125,0.));
#2081=CARTESIAN_POINT('',(-0.001125,-0.00125,0.0001));
#2082=CARTESIAN_POINT('',(-0.001125,-0.00095,0.0001));
#2083=CARTESIAN_POINT('',(-0.001125,-0.00095,0.));
#2084=DIRECTION('',(-1.,0.,0.));
#2086=AXIS2_PLACEMENT_3D('',#2081,#2084,$);
#2088=PLANE('',#2086);
#2090=POLY_LOOP('',(#2081,#2082,#2083));
#2092=FACE_OUTER_BOUND('',#2090,.T.);
#2094=FACE_SURFACE('',(#2092),#2088,.T.);
#2085=DIRECTION('',(-1.,0.,0.));
#2087=AXIS2_PLACEMENT_3D('',#2081,#2085,$);
#2089=PLANE('',#2087);
#2091=POLY_LOOP('',(#2081,#2083,#2080));
#2093=FACE_OUTER_BOUND('',#2091,.T.);
#2095=FACE_SURFACE('',(#2093),#2089,.T.);
#2096=CLOSED_SHELL('',(#2094,#2095));
#2097=FACETED_BREP('',#2096);
#2098=CARTESIAN_POINT('',(-0.001125,-0.00095,0.));
#2099=CARTESIAN_POINT('',(-0.001125,-0.00095,0.0001));
#2100=CARTESIAN_POINT('',(-0.0015,-0.00095,0.0001));
#2101=CARTESIAN_POINT('',(-0.0015,-0.00095,0.));
#2102=DIRECTION('',(0.,-1.,0.));
#2104=AXIS2_PLACEMENT_3D('',#2099,#2102,$);
#2106=PLANE('',#2104);
#2108=POLY_LOOP('',(#2099,#2100,#2101));
#2110=FACE_OUTER_BOUND('',#2108,.T.);
#2112=FACE_SURFACE('',(#2110),#2106,.T.);
#2103=DIRECTION('',(0.,-1.,0.));
#2105=AXIS2_PLACEMENT_3D('',#2099,#2103,$);
#2107=PLANE('',#2105);
#2109=POLY_LOOP('',(#2099,#2101,#2098));
#2111=FACE_OUTER_BOUND('',#2109,.T.);
#2113=FACE_SURFACE('',(#2111),#2107,.T.);
#2114=CLOSED_SHELL('',(#2112,#2113));
#2115=FACETED_BREP('',#2114);
#2116=CARTESIAN_POINT('',(-0.0015,-0.00095,0.0001));
#2117=CARTESIAN_POINT('',(-0.001125,-0.00095,0.0001));
#2118=CARTESIAN_POINT('',(-0.001125,-0.00125,0.0001));
#2119=CARTESIAN_POINT('',(-0.000925,-0.00125,0.0001));
#2120=CARTESIAN_POINT('',(-0.000925,-0.00075,0.0001));
#2121=CARTESIAN_POINT('',(-0.0015,-0.00075,0.0001));
#2122=DIRECTION('',(0.,0.,1.));
#2126=AXIS2_PLACEMENT_3D('',#2117,#2122,$);
#2130=PLANE('',#2126);
#2134=POLY_LOOP('',(#2117,#2118,#2119));
#2138=FACE_OUTER_BOUND('',#2134,.T.);
#2142=FACE_SURFACE('',(#2138),#2130,.T.);
#2123=DIRECTION('',(0.,0.,1.));
#2127=AXIS2_PLACEMENT_3D('',#2117,#2123,$);
#2131=PLANE('',#2127);
#2135=POLY_LOOP('',(#2117,#2121,#2116));
#2139=FACE_OUTER_BOUND('',#2135,.T.);
#2143=FACE_SURFACE('',(#2139),#2131,.T.);
#2124=DIRECTION('',(0.,0.,1.));
#2128=AXIS2_PLACEMENT_3D('',#2120,#2124,$);
#2132=PLANE('',#2128);
#2136=POLY_LOOP('',(#2120,#2121,#2117));
#2140=FACE_OUTER_BOUND('',#2136,.T.);
#2144=FACE_SURFACE('',(#2140),#2132,.T.);
#2125=DIRECTION('',(0.,0.,1.));
#2129=AXIS2_PLACEMENT_3D('',#2120,#2125,$);
#2133=PLANE('',#2129);
#2137=POLY_LOOP('',(#2120,#2117,#2119));
#2141=FACE_OUTER_BOUND('',#2137,.T.);
#2145=FACE_SURFACE('',(#2141),#2133,.T.);
#2146=CLOSED_SHELL('',(#2142,#2143,#2144,#2145));
#2147=FACETED_BREP('',#2146);
#2148=CARTESIAN_POINT('',(-0.000525,-0.000949995,0.));
#2149=CARTESIAN_POINT('',(-0.0005265192,-0.0009326302,0.));
#2150=CARTESIAN_POINT('',(-0.0005310308,-0.000915793,0.));
#2151=CARTESIAN_POINT('',(-0.0005383975,-0.000899995,0.));
#2152=CARTESIAN_POINT('',(-0.0005483956,-0.0008857162,0.));
#2153=CARTESIAN_POINT('',(-0.0005607213,-0.0008733905,0.));
#2154=CARTESIAN_POINT('',(-0.000575,-0.0008633925,0.));
#2155=CARTESIAN_POINT('',(-0.000590798,-0.0008560257,0.));
#2156=CARTESIAN_POINT('',(-0.0006076352,-0.0008515142,0.));
#2157=CARTESIAN_POINT('',(-0.000625,-0.000849995,0.));
#2158=CARTESIAN_POINT('',(-0.0006423648,-0.0008515142,0.));
#2159=CARTESIAN_POINT('',(-0.000659202,-0.0008560257,0.));
#2160=CARTESIAN_POINT('',(-0.000675,-0.0008633925,0.));
#2161=CARTESIAN_POINT('',(-0.0006892788,-0.0008733905,0.));
#2162=CARTESIAN_POINT('',(-0.0007016045,-0.0008857162,0.));
#2163=CARTESIAN_POINT('',(-0.0007116026,-0.000899995,0.));
#2164=CARTESIAN_POINT('',(-0.0007189693,-0.000915793,0.));
#2165=CARTESIAN_POINT('',(-0.0007234808,-0.0009326302,0.));
#2166=CARTESIAN_POINT('',(-0.000725,-0.000949995,0.));
#2167=CARTESIAN_POINT('',(-0.000725,-0.00125,0.));
#2168=CARTESIAN_POINT('',(-0.000525,-0.00125,0.));
#2169=DIRECTION('',(0.,0.,-1.));
#2188=AXIS2_PLACEMENT_3D('',#2148,#2169,$);
#2207=PLANE('',#2188);
#2226=POLY_LOOP('',(#2148,#2167,#2166));
#2245=FACE_OUTER_BOUND('',#2226,.T.);
#2264=FACE_SURFACE('',(#2245),#2207,.T.);
#2170=DIRECTION('',(0.,0.,-1.));
#2189=AXIS2_PLACEMENT_3D('',#2148,#2170,$);
#2208=PLANE('',#2189);
#2227=POLY_LOOP('',(#2148,#2168,#2167));
#2246=FACE_OUTER_BOUND('',#2227,.T.);
#2265=FACE_SURFACE('',(#2246),#2208,.T.);
#2171=DIRECTION('',(0.,0.,-1.));
#2190=AXIS2_PLACEMENT_3D('',#2149,#2171,$);
#2209=PLANE('',#2190);
#2228=POLY_LOOP('',(#2149,#2166,#2165));
#2247=FACE_OUTER_BOUND('',#2228,.T.);
#2266=FACE_SURFACE('',(#2247),#2209,.T.);
#2172=DIRECTION('',(0.,0.,-1.));
#2191=AXIS2_PLACEMENT_3D('',#2149,#2172,$);
#2210=PLANE('',#2191);
#2229=POLY_LOOP('',(#2149,#2148,#2166));
#2248=FACE_OUTER_BOUND('',#2229,.T.);
#2267=FACE_SURFACE('',(#2248),#2210,.T.);
#2173=DIRECTION('',(0.,0.,-1.));
#2192=AXIS2_PLACEMENT_3D('',#2153,#2173,$);
#2211=PLANE('',#2192);
#2230=POLY_LOOP('',(#2153,#2155,#2154));
#2249=FACE_OUTER_BOUND('',#2230,.T.);
#2268=FACE_SURFACE('',(#2249),#2211,.T.);
#2174=DIRECTION('',(0.,0.,-1.));
#2193=AXIS2_PLACEMENT_3D('',#2152,#2174,$);
#2212=PLANE('',#2193);
#2231=POLY_LOOP('',(#2152,#2150,#2149));
#2250=FACE_OUTER_BOUND('',#2231,.T.);
#2269=FACE_SURFACE('',(#2250),#2212,.T.);
#2175=DIRECTION('',(0.,0.,-1.));
#2194=AXIS2_PLACEMENT_3D('',#2152,#2175,$);
#2213=PLANE('',#2194);
#2232=POLY_LOOP('',(#2152,#2151,#2150));
#2251=FACE_OUTER_BOUND('',#2232,.T.);
#2270=FACE_SURFACE('',(#2251),#2213,.T.);
#2176=DIRECTION('',(0.,0.,-1.));
#2195=AXIS2_PLACEMENT_3D('',#2152,#2176,$);
#2214=PLANE('',#2195);
#2233=POLY_LOOP('',(#2152,#2156,#2155));
#2252=FACE_OUTER_BOUND('',#2233,.T.);
#2271=FACE_SURFACE('',(#2252),#2214,.T.);
#2177=DIRECTION('',(0.,0.,-1.));
#2196=AXIS2_PLACEMENT_3D('',#2152,#2177,$);
#2215=PLANE('',#2196);
#2234=POLY_LOOP('',(#2152,#2157,#2156));
#2253=FACE_OUTER_BOUND('',#2234,.T.);
#2272=FACE_SURFACE('',(#2253),#2215,.T.);
#2178=DIRECTION('',(0.,0.,-1.));
#2197=AXIS2_PLACEMENT_3D('',#2152,#2178,$);
#2216=PLANE('',#2197);
#2235=POLY_LOOP('',(#2152,#2158,#2157));
#2254=FACE_OUTER_BOUND('',#2235,.T.);
#2273=FACE_SURFACE('',(#2254),#2216,.T.);
#2179=DIRECTION('',(0.,0.,-1.));
#2198=AXIS2_PLACEMENT_3D('',#2152,#2179,$);
#2217=PLANE('',#2198);
#2236=POLY_LOOP('',(#2152,#2159,#2158));
#2255=FACE_OUTER_BOUND('',#2236,.T.);
#2274=FACE_SURFACE('',(#2255),#2217,.T.);
#2180=DIRECTION('',(0.,0.,-1.));
#2199=AXIS2_PLACEMENT_3D('',#2152,#2180,$);
#2218=PLANE('',#2199);
#2237=POLY_LOOP('',(#2152,#2160,#2159));
#2256=FACE_OUTER_BOUND('',#2237,.T.);
#2275=FACE_SURFACE('',(#2256),#2218,.T.);
#2181=DIRECTION('',(0.,0.,-1.));
#2200=AXIS2_PLACEMENT_3D('',#2152,#2181,$);
#2219=PLANE('',#2200);
#2238=POLY_LOOP('',(#2152,#2161,#2160));
#2257=FACE_OUTER_BOUND('',#2238,.T.);
#2276=FACE_SURFACE('',(#2257),#2219,.T.);
#2182=DIRECTION('',(0.,0.,-1.));
#2201=AXIS2_PLACEMENT_3D('',#2152,#2182,$);
#2220=PLANE('',#2201);
#2239=POLY_LOOP('',(#2152,#2162,#2161));
#2258=FACE_OUTER_BOUND('',#2239,.T.);
#2277=FACE_SURFACE('',(#2258),#2220,.T.);
#2183=DIRECTION('',(0.,0.,-1.));
#2202=AXIS2_PLACEMENT_3D('',#2152,#2183,$);
#2221=PLANE('',#2202);
#2240=POLY_LOOP('',(#2152,#2163,#2162));
#2259=FACE_OUTER_BOUND('',#2240,.T.);
#2278=FACE_SURFACE('',(#2259),#2221,.T.);
#2184=DIRECTION('',(0.,0.,-1.));
#2203=AXIS2_PLACEMENT_3D('',#2152,#2184,$);
#2222=PLANE('',#2203);
#2241=POLY_LOOP('',(#2152,#2164,#2163));
#2260=FACE_OUTER_BOUND('',#2241,.T.);
#2279=FACE_SURFACE('',(#2260),#2222,.T.);
#2185=DIRECTION('',(0.,0.,-1.));
#2204=AXIS2_PLACEMENT_3D('',#2152,#2185,$);
#2223=PLANE('',#2204);
#2242=POLY_LOOP('',(#2152,#2165,#2164));
#2261=FACE_OUTER_BOUND('',#2242,.T.);
#2280=FACE_SURFACE('',(#2261),#2223,.T.);
#2186=DIRECTION('',(0.,0.,-1.));
#2205=AXIS2_PLACEMENT_3D('',#2152,#2186,$);
#2224=PLANE('',#2205);
#2243=POLY_LOOP('',(#2152,#2149,#2165));
#2262=FACE_OUTER_BOUND('',#2243,.T.);
#2281=FACE_SURFACE('',(#2262),#2224,.T.);
#2187=DIRECTION('',(0.,0.,-1.));
#2206=AXIS2_PLACEMENT_3D('',#2152,#2187,$);
#2225=PLANE('',#2206);
#2244=POLY_LOOP('',(#2152,#2155,#2153));
#2263=FACE_OUTER_BOUND('',#2244,.T.);
#2282=FACE_SURFACE('',(#2263),#2225,.T.);
#2283=CLOSED_SHELL('',(#2264,#2265,#2266,#2267,#2268,#2269,#2270,#2271,#2272,#2273,#2274,#2275,#2276,#2277,#2278,#2279,#2280,#2281,#2282));
#2284=FACETED_BREP('',#2283);
#2285=CARTESIAN_POINT('',(-0.000725,-0.000949995,0.));
#2286=CARTESIAN_POINT('',(-0.000725,-0.000949995,0.0001));
#2287=CARTESIAN_POINT('',(-0.000525,-0.000949995,0.0001));
#2288=CARTESIAN_POINT('',(-0.0005265192,-0.0009326302,0.0001));
#2289=CARTESIAN_POINT('',(-0.0005310308,-0.000915793,0.0001));
#2290=CARTESIAN_POINT('',(-0.0005383975,-0.000899995,0.0001));
#2291=CARTESIAN_POINT('',(-0.0005483956,-0.0008857162,0.0001));
#2292=CARTESIAN_POINT('',(-0.0005607213,-0.0008733905,0.0001));
#2293=CARTESIAN_POINT('',(-0.000575,-0.0008633925,0.0001));
#2294=CARTESIAN_POINT('',(-0.000590798,-0.0008560257,0.0001));
#2295=CARTESIAN_POINT('',(-0.0006076352,-0.0008515142,0.0001));
#2296=CARTESIAN_POINT('',(-0.000625,-0.000849995,0.0001));
#2297=CARTESIAN_POINT('',(-0.0006423648,-0.0008515142,0.0001));
#2298=CARTESIAN_POINT('',(-0.000659202,-0.0008560257,0.0001));
#2299=CARTESIAN_POINT('',(-0.000675,-0.0008633925,0.0001));
#2300=CARTESIAN_POINT('',(-0.0006892788,-0.0008733905,0.0001));
#2301=CARTESIAN_POINT('',(-0.0007016045,-0.0008857162,0.0001));
#2302=CARTESIAN_POINT('',(-0.0007116026,-0.000899995,0.0001));
#2303=CARTESIAN_POINT('',(-0.0007189693,-0.000915793,0.0001));
#2304=CARTESIAN_POINT('',(-0.0007234808,-0.0009326302,0.0001));
#2305=CARTESIAN_POINT('',(-0.000525,-0.000949995,0.));
#2306=CARTESIAN_POINT('',(-0.0005265192,-0.0009326302,0.));
#2307=CARTESIAN_POINT('',(-0.0005310308,-0.000915793,0.));
#2308=CARTESIAN_POINT('',(-0.0005383975,-0.000899995,0.));
#2309=CARTESIAN_POINT('',(-0.0005483956,-0.0008857162,0.));
#2310=CARTESIAN_POINT('',(-0.0005607213,-0.0008733905,0.));
#2311=CARTESIAN_POINT('',(-0.000575,-0.0008633925,0.));
#2312=CARTESIAN_POINT('',(-0.000590798,-0.0008560257,0.));
#2313=CARTESIAN_POINT('',(-0.0006076352,-0.0008515142,0.));
#2314=CARTESIAN_POINT('',(-0.000625,-0.000849995,0.));
#2315=CARTESIAN_POINT('',(-0.0006423648,-0.0008515142,0.));
#2316=CARTESIAN_POINT('',(-0.000659202,-0.0008560257,0.));
#2317=CARTESIAN_POINT('',(-0.000675,-0.0008633925,0.));
#2318=CARTESIAN_POINT('',(-0.0006892788,-0.0008733905,0.));
#2319=CARTESIAN_POINT('',(-0.0007016045,-0.0008857162,0.));
#2320=CARTESIAN_POINT('',(-0.0007116026,-0.000899995,0.));
#2321=CARTESIAN_POINT('',(-0.0007189693,-0.000915793,0.));
#2322=CARTESIAN_POINT('',(-0.0007234808,-0.0009326302,0.));
#2323=DIRECTION('',(0.9961947,0.08715556,0.));
#2359=AXIS2_PLACEMENT_3D('',#2288,#2323,$);
#2395=PLANE('',#2359);
#2431=POLY_LOOP('',(#2288,#2287,#2305));
#2467=FACE_OUTER_BOUND('',#2431,.T.);
#2503=FACE_SURFACE('',(#2467),#2395,.T.);
#2324=DIRECTION('',(0.9961947,0.08715556,0.));
#2360=AXIS2_PLACEMENT_3D('',#2288,#2324,$);
#2396=PLANE('',#2360);
#2432=POLY_LOOP('',(#2288,#2305,#2306));
#2468=FACE_OUTER_BOUND('',#2432,.T.);
#2504=FACE_SURFACE('',(#2468),#2396,.T.);
#2325=DIRECTION('',(0.9659252,0.2588214,0.));
#2361=AXIS2_PLACEMENT_3D('',#2289,#2325,$);
#2397=PLANE('',#2361);
#2433=POLY_LOOP('',(#2289,#2306,#2307));
#2469=FACE_OUTER_BOUND('',#2433,.T.);
#2505=FACE_SURFACE('',(#2469),#2397,.T.);
#2326=DIRECTION('',(0.9659252,0.2588214,0.));
#2362=AXIS2_PLACEMENT_3D('',#2289,#2326,$);
#2398=PLANE('',#2362);
#2434=POLY_LOOP('',(#2289,#2288,#2306));
#2470=FACE_OUTER_BOUND('',#2434,.T.);
#2506=FACE_SURFACE('',(#2470),#2398,.T.);
#2327=DIRECTION('',(0.9063086,0.4226165,0.));
#2363=AXIS2_PLACEMENT_3D('',#2290,#2327,$);
#2399=PLANE('',#2363);
#2435=POLY_LOOP('',(#2290,#2307,#2308));
#2471=FACE_OUTER_BOUND('',#2435,.T.);
#2507=FACE_SURFACE('',(#2471),#2399,.T.);
#2328=DIRECTION('',(0.9063086,0.4226165,0.));
#2364=AXIS2_PLACEMENT_3D('',#2290,#2328,$);
#2400=PLANE('',#2364);
#2436=POLY_LOOP('',(#2290,#2289,#2307));
#2472=FACE_OUTER_BOUND('',#2436,.T.);
#2508=FACE_SURFACE('',(#2472),#2400,.T.);
#2329=DIRECTION('',(0.8191517,0.5735769,0.));
#2365=AXIS2_PLACEMENT_3D('',#2291,#2329,$);
#2401=PLANE('',#2365);
#2437=POLY_LOOP('',(#2291,#2308,#2309));
#2473=FACE_OUTER_BOUND('',#2437,.T.);
#2509=FACE_SURFACE('',(#2473),#2401,.T.);
#2330=DIRECTION('',(0.8191517,0.5735769,0.));
#2366=AXIS2_PLACEMENT_3D('',#2291,#2330,$);
#2402=PLANE('',#2366);
#2438=POLY_LOOP('',(#2291,#2290,#2308));
#2474=FACE_OUTER_BOUND('',#2438,.T.);
#2510=FACE_SURFACE('',(#2474),#2402,.T.);
#2331=DIRECTION('',(0.7071068,0.7071068,0.));
#2367=AXIS2_PLACEMENT_3D('',#2292,#2331,$);
#2403=PLANE('',#2367);
#2439=POLY_LOOP('',(#2292,#2309,#2310));
#2475=FACE_OUTER_BOUND('',#2439,.T.);
#2511=FACE_SURFACE('',(#2475),#2403,.T.);
#2332=DIRECTION('',(0.7071068,0.7071068,0.));
#2368=AXIS2_PLACEMENT_3D('',#2292,#2332,$);
#2404=PLANE('',#2368);
#2440=POLY_LOOP('',(#2292,#2291,#2309));
#2476=FACE_OUTER_BOUND('',#2440,.T.);
#2512=FACE_SURFACE('',(#2476),#2404,.T.);
#2333=DIRECTION('',(0.5735746,0.8191533,0.));
#2369=AXIS2_PLACEMENT_3D('',#2293,#2333,$);
#2405=PLANE('',#2369);
#2441=POLY_LOOP('',(#2293,#2310,#2311));
#2477=FACE_OUTER_BOUND('',#2441,.T.);
#2513=FACE_SURFACE('',(#2477),#2405,.T.);
#2334=DIRECTION('',(0.5735746,0.8191533,0.));
#2370=AXIS2_PLACEMENT_3D('',#2293,#2334,$);
#2406=PLANE('',#2370);
#2442=POLY_LOOP('',(#2293,#2292,#2310));
#2478=FACE_OUTER_BOUND('',#2442,.T.);
#2514=FACE_SURFACE('',(#2478),#2406,.T.);
#2335=DIRECTION('',(0.4226206,0.9063067,0.));
#2371=AXIS2_PLACEMENT_3D('',#2294,#2335,$);
#2407=PLANE('',#2371);
#2443=POLY_LOOP('',(#2294,#2311,#2312));
#2479=FACE_OUTER_BOUND('',#2443,.T.);
#2515=FACE_SURFACE('',(#2479),#2407,.T.);
#2336=DIRECTION('',(0.4226206,0.9063067,0.));
#2372=AXIS2_PLACEMENT_3D('',#2294,#2336,$);
#2408=PLANE('',#2372);
#2444=POLY_LOOP('',(#2294,#2293,#2311));
#2480=FACE_OUTER_BOUND('',#2444,.T.);
#2516=FACE_SURFACE('',(#2480),#2408,.T.);
#2337=DIRECTION('',(0.2588183,0.965926,0.));
#2373=AXIS2_PLACEMENT_3D('',#2295,#2337,$);
#2409=PLANE('',#2373);
#2445=POLY_LOOP('',(#2295,#2312,#2313));
#2481=FACE_OUTER_BOUND('',#2445,.T.);
#2517=FACE_SURFACE('',(#2481),#2409,.T.);
#2338=DIRECTION('',(0.2588183,0.965926,0.));
#2374=AXIS2_PLACEMENT_3D('',#2295,#2338,$);
#2410=PLANE('',#2374);
#2446=POLY_LOOP('',(#2295,#2294,#2312));
#2482=FACE_OUTER_BOUND('',#2446,.T.);
#2518=FACE_SURFACE('',(#2482),#2410,.T.);
#2339=DIRECTION('',(0.08715556,0.9961947,0.));
#2375=AXIS2_PLACEMENT_3D('',#2296,#2339,$);
#2411=PLANE('',#2375);
#2447=POLY_LOOP('',(#2296,#2313,#2314));
#2483=FACE_OUTER_BOUND('',#2447,.T.);
#2519=FACE_SURFACE('',(#2483),#2411,.T.);
#2340=DIRECTION('',(0.08715556,0.9961947,0.));
#2376=AXIS2_PLACEMENT_3D('',#2296,#2340,$);
#2412=PLANE('',#2376);
#2448=POLY_LOOP('',(#2296,#2295,#2313));
#2484=FACE_OUTER_BOUND('',#2448,.T.);
#2520=FACE_SURFACE('',(#2484),#2412,.T.);
#2341=DIRECTION('',(-0.08715527,0.9961947,0.));
#2377=AXIS2_PLACEMENT_3D('',#2297,#2341,$);
#2413=PLANE('',#2377);
#2449=POLY_LOOP('',(#2297,#2314,#2315));
#2485=FACE_OUTER_BOUND('',#2449,.T.);
#2521=FACE_SURFACE('',(#2485),#2413,.T.);
#2342=DIRECTION('',(-0.08715527,0.9961947,0.));
#2378=AXIS2_PLACEMENT_3D('',#2297,#2342,$);
#2414=PLANE('',#2378);
#2450=POLY_LOOP('',(#2297,#2296,#2314));
#2486=FACE_OUTER_BOUND('',#2450,.T.);
#2522=FACE_SURFACE('',(#2486),#2414,.T.);
#2343=DIRECTION('',(-0.2588191,0.9659258,0.));
#2379=AXIS2_PLACEMENT_3D('',#2298,#2343,$);
#2415=PLANE('',#2379);
#2451=POLY_LOOP('',(#2298,#2315,#2316));
#2487=FACE_OUTER_BOUND('',#2451,.T.);
#2523=FACE_SURFACE('',(#2487),#2415,.T.);
#2344=DIRECTION('',(-0.2588191,0.9659258,0.));
#2380=AXIS2_PLACEMENT_3D('',#2298,#2344,$);
#2416=PLANE('',#2380);
#2452=POLY_LOOP('',(#2298,#2297,#2315));
#2488=FACE_OUTER_BOUND('',#2452,.T.);
#2524=FACE_SURFACE('',(#2488),#2416,.T.);
#2345=DIRECTION('',(-0.4226193,0.9063073,0.));
#2381=AXIS2_PLACEMENT_3D('',#2299,#2345,$);
#2417=PLANE('',#2381);
#2453=POLY_LOOP('',(#2299,#2316,#2317));
#2489=FACE_OUTER_BOUND('',#2453,.T.);
#2525=FACE_SURFACE('',(#2489),#2417,.T.);
#2346=DIRECTION('',(-0.4226193,0.9063073,0.));
#2382=AXIS2_PLACEMENT_3D('',#2299,#2346,$);
#2418=PLANE('',#2382);
#2454=POLY_LOOP('',(#2299,#2298,#2316));
#2490=FACE_OUTER_BOUND('',#2454,.T.);
#2526=FACE_SURFACE('',(#2490),#2418,.T.);
#2347=DIRECTION('',(-0.5735746,0.8191533,0.));
#2383=AXIS2_PLACEMENT_3D('',#2300,#2347,$);
#2419=PLANE('',#2383);
#2455=POLY_LOOP('',(#2300,#2317,#2318));
#2491=FACE_OUTER_BOUND('',#2455,.T.);
#2527=FACE_SURFACE('',(#2491),#2419,.T.);
#2348=DIRECTION('',(-0.5735746,0.8191533,0.));
#2384=AXIS2_PLACEMENT_3D('',#2300,#2348,$);
#2420=PLANE('',#2384);
#2456=POLY_LOOP('',(#2300,#2299,#2317));
#2492=FACE_OUTER_BOUND('',#2456,.T.);
#2528=FACE_SURFACE('',(#2492),#2420,.T.);
#2349=DIRECTION('',(-0.7071068,0.7071068,0.));
#2385=AXIS2_PLACEMENT_3D('',#2301,#2349,$);
#2421=PLANE('',#2385);
#2457=POLY_LOOP('',(#2301,#2318,#2319));
#2493=FACE_OUTER_BOUND('',#2457,.T.);
#2529=FACE_SURFACE('',(#2493),#2421,.T.);
#2350=DIRECTION('',(-0.7071068,0.7071068,0.));
#2386=AXIS2_PLACEMENT_3D('',#2301,#2350,$);
#2422=PLANE('',#2386);
#2458=POLY_LOOP('',(#2301,#2300,#2318));
#2494=FACE_OUTER_BOUND('',#2458,.T.);
#2530=FACE_SURFACE('',(#2494),#2422,.T.);
#2351=DIRECTION('',(-0.8191517,0.5735769,0.));
#2387=AXIS2_PLACEMENT_3D('',#2302,#2351,$);
#2423=PLANE('',#2387);
#2459=POLY_LOOP('',(#2302,#2319,#2320));
#2495=FACE_OUTER_BOUND('',#2459,.T.);
#2531=FACE_SURFACE('',(#2495),#2423,.T.);
#2352=DIRECTION('',(-0.8191517,0.5735769,0.));
#2388=AXIS2_PLACEMENT_3D('',#2302,#2352,$);
#2424=PLANE('',#2388);
#2460=POLY_LOOP('',(#2302,#2301,#2319));
#2496=FACE_OUTER_BOUND('',#2460,.T.);
#2532=FACE_SURFACE('',(#2496),#2424,.T.);
#2353=DIRECTION('',(-0.9063086,0.4226165,0.));
#2389=AXIS2_PLACEMENT_3D('',#2303,#2353,$);
#2425=PLANE('',#2389);
#2461=POLY_LOOP('',(#2303,#2302,#2320));
#2497=FACE_OUTER_BOUND('',#2461,.T.);
#2533=FACE_SURFACE('',(#2497),#2425,.T.);
#2354=DIRECTION('',(-0.9063086,0.4226165,0.));
#2390=AXIS2_PLACEMENT_3D('',#2303,#2354,$);
#2426=PLANE('',#2390);
#2462=POLY_LOOP('',(#2303,#2320,#2321));
#2498=FACE_OUTER_BOUND('',#2462,.T.);
#2534=FACE_SURFACE('',(#2498),#2426,.T.);
#2355=DIRECTION('',(-0.965926,0.2588183,0.));
#2391=AXIS2_PLACEMENT_3D('',#2304,#2355,$);
#2427=PLANE('',#2391);
#2463=POLY_LOOP('',(#2304,#2303,#2321));
#2499=FACE_OUTER_BOUND('',#2463,.T.);
#2535=FACE_SURFACE('',(#2499),#2427,.T.);
#2356=DIRECTION('',(-0.965926,0.2588183,0.));
#2392=AXIS2_PLACEMENT_3D('',#2304,#2356,$);
#2428=PLANE('',#2392);
#2464=POLY_LOOP('',(#2304,#2321,#2322));
#2500=FACE_OUTER_BOUND('',#2464,.T.);
#2536=FACE_SURFACE('',(#2500),#2428,.T.);
#2357=DIRECTION('',(-0.9961947,0.08715556,0.));
#2393=AXIS2_PLACEMENT_3D('',#2286,#2357,$);
#2429=PLANE('',#2393);
#2465=POLY_LOOP('',(#2286,#2304,#2322));
#2501=FACE_OUTER_BOUND('',#2465,.T.);
#2537=FACE_SURFACE('',(#2501),#2429,.T.);
#2358=DIRECTION('',(-0.9961947,0.08715556,0.));
#2394=AXIS2_PLACEMENT_3D('',#2286,#2358,$);
#2430=PLANE('',#2394);
#2466=POLY_LOOP('',(#2286,#2322,#2285));
#2502=FACE_OUTER_BOUND('',#2466,.T.);
#2538=FACE_SURFACE('',(#2502),#2430,.T.);
#2539=CLOSED_SHELL('',(#2503,#2504,#2505,#2506,#2507,#2508,#2509,#2510,#2511,#2512,#2513,#2514,#2515,#2516,#2517,#2518,#2519,#2520,#2521,#2522,#2523,#2524,#2525,#2526,#2527,#2528,#2529,#2530,#2531,#2532,#2533,#2534,#2535,#2536,#2537,#2538));
#2540=FACETED_BREP('',#2539);
#2541=CARTESIAN_POINT('',(-0.000525,-0.000949995,0.));
#2542=CARTESIAN_POINT('',(-0.000525,-0.000949995,0.0001));
#2543=CARTESIAN_POINT('',(-0.000525,-0.00125,0.0001));
#2544=CARTESIAN_POINT('',(-0.000525,-0.00125,0.));
#2545=DIRECTION('',(1.,0.,0.));
#2547=AXIS2_PLACEMENT_3D('',#2542,#2545,$);
#2549=PLANE('',#2547);
#2551=POLY_LOOP('',(#2542,#2543,#2544));
#2553=FACE_OUTER_BOUND('',#2551,.T.);
#2555=FACE_SURFACE('',(#2553),#2549,.T.);
#2546=DIRECTION('',(1.,0.,0.));
#2548=AXIS2_PLACEMENT_3D('',#2542,#2546,$);
#2550=PLANE('',#2548);
#2552=POLY_LOOP('',(#2542,#2544,#2541));
#2554=FACE_OUTER_BOUND('',#2552,.T.);
#2556=FACE_SURFACE('',(#2554),#2550,.T.);
#2557=CLOSED_SHELL('',(#2555,#2556));
#2558=FACETED_BREP('',#2557);
#2559=CARTESIAN_POINT('',(-0.000525,-0.00125,0.));
#2560=CARTESIAN_POINT('',(-0.000525,-0.00125,0.0001));
#2561=CARTESIAN_POINT('',(-0.000725,-0.00125,0.0001));
#2562=CARTESIAN_POINT('',(-0.000725,-0.00125,0.));
#2563=DIRECTION('',(0.,-1.,0.));
#2565=AXIS2_PLACEMENT_3D('',#2560,#2563,$);
#2567=PLANE('',#2565);
#2569=POLY_LOOP('',(#2560,#2561,#2562));
#2571=FACE_OUTER_BOUND('',#2569,.T.);
#2573=FACE_SURFACE('',(#2571),#2567,.T.);
#2564=DIRECTION('',(0.,-1.,0.));
#2566=AXIS2_PLACEMENT_3D('',#2560,#2564,$);
#2568=PLANE('',#2566);
#2570=POLY_LOOP('',(#2560,#2562,#2559));
#2572=FACE_OUTER_BOUND('',#2570,.T.);
#2574=FACE_SURFACE('',(#2572),#2568,.T.);
#2575=CLOSED_SHELL('',(#2573,#2574));
#2576=FACETED_BREP('',#2575);
#2577=CARTESIAN_POINT('',(-0.000725,-0.00125,0.));
#2578=CARTESIAN_POINT('',(-0.000725,-0.00125,0.0001));
#2579=CARTESIAN_POINT('',(-0.000725,-0.000949995,0.0001));
#2580=CARTESIAN_POINT('',(-0.000725,-0.000949995,0.));
#2581=DIRECTION('',(-1.,0.,0.));
#2583=AXIS2_PLACEMENT_3D('',#2578,#2581,$);
#2585=PLANE('',#2583);
#2587=POLY_LOOP('',(#2578,#2579,#2580));
#2589=FACE_OUTER_BOUND('',#2587,.T.);
#2591=FACE_SURFACE('',(#2589),#2585,.T.);
#2582=DIRECTION('',(-1.,0.,0.));
#2584=AXIS2_PLACEMENT_3D('',#2578,#2582,$);
#2586=PLANE('',#2584);
#2588=POLY_LOOP('',(#2578,#2580,#2577));
#2590=FACE_OUTER_BOUND('',#2588,.T.);
#2592=FACE_SURFACE('',(#2590),#2586,.T.);
#2593=CLOSED_SHELL('',(#2591,#2592));
#2594=FACETED_BREP('',#2593);
#2595=CARTESIAN_POINT('',(-0.000725,-0.000949995,0.0001));
#2596=CARTESIAN_POINT('',(-0.000725,-0.00125,0.0001));
#2597=CARTESIAN_POINT('',(-0.000525,-0.00125,0.0001));
#2598=CARTESIAN_POINT('',(-0.000525,-0.000949995,0.0001));
#2599=CARTESIAN_POINT('',(-0.0005265192,-0.0009326302,0.0001));
#2600=CARTESIAN_POINT('',(-0.0005310308,-0.000915793,0.0001));
#2601=CARTESIAN_POINT('',(-0.0005383975,-0.000899995,0.0001));
#2602=CARTESIAN_POINT('',(-0.0005483956,-0.0008857162,0.0001));
#2603=CARTESIAN_POINT('',(-0.0005607213,-0.0008733905,0.0001));
#2604=CARTESIAN_POINT('',(-0.000575,-0.0008633925,0.0001));
#2605=CARTESIAN_POINT('',(-0.000590798,-0.0008560257,0.0001));
#2606=CARTESIAN_POINT('',(-0.0006076352,-0.0008515142,0.0001));
#2607=CARTESIAN_POINT('',(-0.000625,-0.000849995,0.0001));
#2608=CARTESIAN_POINT('',(-0.0006423648,-0.0008515142,0.0001));
#2609=CARTESIAN_POINT('',(-0.000659202,-0.0008560257,0.0001));
#2610=CARTESIAN_POINT('',(-0.000675,-0.0008633925,0.0001));
#2611=CARTESIAN_POINT('',(-0.0006892788,-0.0008733905,0.0001));
#2612=CARTESIAN_POINT('',(-0.0007016045,-0.0008857162,0.0001));
#2613=CARTESIAN_POINT('',(-0.0007116026,-0.000899995,0.0001));
#2614=CARTESIAN_POINT('',(-0.0007189693,-0.000915793,0.0001));
#2615=CARTESIAN_POINT('',(-0.0007234808,-0.0009326302,0.0001));
#2616=DIRECTION('',(0.,0.,1.));
#2635=AXIS2_PLACEMENT_3D('',#2598,#2616,$);
#2654=PLANE('',#2635);
#2673=POLY_LOOP('',(#2598,#2595,#2596));
#2692=FACE_OUTER_BOUND('',#2673,.T.);
#2711=FACE_SURFACE('',(#2692),#2654,.T.);
#2617=DIRECTION('',(0.,0.,1.));
#2636=AXIS2_PLACEMENT_3D('',#2598,#2617,$);
#2655=PLANE('',#2636);
#2674=POLY_LOOP('',(#2598,#2596,#2597));
#2693=FACE_OUTER_BOUND('',#2674,.T.);
#2712=FACE_SURFACE('',(#2693),#2655,.T.);
#2618=DIRECTION('',(0.,0.,1.));
#2637=AXIS2_PLACEMENT_3D('',#2603,#2618,$);
#2656=PLANE('',#2637);
#2675=POLY_LOOP('',(#2603,#2604,#2605));
#2694=FACE_OUTER_BOUND('',#2675,.T.);
#2713=FACE_SURFACE('',(#2694),#2656,.T.);
#2619=DIRECTION('',(0.,0.,1.));
#2638=AXIS2_PLACEMENT_3D('',#2602,#2619,$);
#2657=PLANE('',#2638);
#2676=POLY_LOOP('',(#2602,#2598,#2599));
#2695=FACE_OUTER_BOUND('',#2676,.T.);
#2714=FACE_SURFACE('',(#2695),#2657,.T.);
#2620=DIRECTION('',(0.,0.,1.));
#2639=AXIS2_PLACEMENT_3D('',#2602,#2620,$);
#2658=PLANE('',#2639);
#2677=POLY_LOOP('',(#2602,#2599,#2600));
#2696=FACE_OUTER_BOUND('',#2677,.T.);
#2715=FACE_SURFACE('',(#2696),#2658,.T.);
#2621=DIRECTION('',(0.,0.,1.));
#2640=AXIS2_PLACEMENT_3D('',#2602,#2621,$);
#2659=PLANE('',#2640);
#2678=POLY_LOOP('',(#2602,#2600,#2601));
#2697=FACE_OUTER_BOUND('',#2678,.T.);
#2716=FACE_SURFACE('',(#2697),#2659,.T.);
#2622=DIRECTION('',(0.,0.,1.));
#2641=AXIS2_PLACEMENT_3D('',#2602,#2622,$);
#2660=PLANE('',#2641);
#2679=POLY_LOOP('',(#2602,#2605,#2606));
#2698=FACE_OUTER_BOUND('',#2679,.T.);
#2717=FACE_SURFACE('',(#2698),#2660,.T.);
#2623=DIRECTION('',(0.,0.,1.));
#2642=AXIS2_PLACEMENT_3D('',#2602,#2623,$);
#2661=PLANE('',#2642);
#2680=POLY_LOOP('',(#2602,#2606,#2607));
#2699=FACE_OUTER_BOUND('',#2680,.T.);
#2718=FACE_SURFACE('',(#2699),#2661,.T.);
#2624=DIRECTION('',(0.,0.,1.));
#2643=AXIS2_PLACEMENT_3D('',#2602,#2624,$);
#2662=PLANE('',#2643);
#2681=POLY_LOOP('',(#2602,#2607,#2608));
#2700=FACE_OUTER_BOUND('',#2681,.T.);
#2719=FACE_SURFACE('',(#2700),#2662,.T.);
#2625=DIRECTION('',(0.,0.,1.));
#2644=AXIS2_PLACEMENT_3D('',#2602,#2625,$);
#2663=PLANE('',#2644);
#2682=POLY_LOOP('',(#2602,#2608,#2609));
#2701=FACE_OUTER_BOUND('',#2682,.T.);
#2720=FACE_SURFACE('',(#2701),#2663,.T.);
#2626=DIRECTION('',(0.,0.,1.));
#2645=AXIS2_PLACEMENT_3D('',#2602,#2626,$);
#2664=PLANE('',#2645);
#2683=POLY_LOOP('',(#2602,#2609,#2610));
#2702=FACE_OUTER_BOUND('',#2683,.T.);
#2721=FACE_SURFACE('',(#2702),#2664,.T.);
#2627=DIRECTION('',(0.,0.,1.));
#2646=AXIS2_PLACEMENT_3D('',#2602,#2627,$);
#2665=PLANE('',#2646);
#2684=POLY_LOOP('',(#2602,#2610,#2611));
#2703=FACE_OUTER_BOUND('',#2684,.T.);
#2722=FACE_SURFACE('',(#2703),#2665,.T.);
#2628=DIRECTION('',(0.,0.,1.));
#2647=AXIS2_PLACEMENT_3D('',#2602,#2628,$);
#2666=PLANE('',#2647);
#2685=POLY_LOOP('',(#2602,#2611,#2612));
#2704=FACE_OUTER_BOUND('',#2685,.T.);
#2723=FACE_SURFACE('',(#2704),#2666,.T.);
#2629=DIRECTION('',(0.,0.,1.));
#2648=AXIS2_PLACEMENT_3D('',#2602,#2629,$);
#2667=PLANE('',#2648);
#2686=POLY_LOOP('',(#2602,#2612,#2613));
#2705=FACE_OUTER_BOUND('',#2686,.T.);
#2724=FACE_SURFACE('',(#2705),#2667,.T.);
#2630=DIRECTION('',(0.,0.,1.));
#2649=AXIS2_PLACEMENT_3D('',#2602,#2630,$);
#2668=PLANE('',#2649);
#2687=POLY_LOOP('',(#2602,#2613,#2614));
#2706=FACE_OUTER_BOUND('',#2687,.T.);
#2725=FACE_SURFACE('',(#2706),#2668,.T.);
#2631=DIRECTION('',(0.,0.,1.));
#2650=AXIS2_PLACEMENT_3D('',#2602,#2631,$);
#2669=PLANE('',#2650);
#2688=POLY_LOOP('',(#2602,#2614,#2615));
#2707=FACE_OUTER_BOUND('',#2688,.T.);
#2726=FACE_SURFACE('',(#2707),#2669,.T.);
#2632=DIRECTION('',(0.,0.,1.));
#2651=AXIS2_PLACEMENT_3D('',#2602,#2632,$);
#2670=PLANE('',#2651);
#2689=POLY_LOOP('',(#2602,#2615,#2595));
#2708=FACE_OUTER_BOUND('',#2689,.T.);
#2727=FACE_SURFACE('',(#2708),#2670,.T.);
#2633=DIRECTION('',(0.,0.,1.));
#2652=AXIS2_PLACEMENT_3D('',#2602,#2633,$);
#2671=PLANE('',#2652);
#2690=POLY_LOOP('',(#2602,#2595,#2598));
#2709=FACE_OUTER_BOUND('',#2690,.T.);
#2728=FACE_SURFACE('',(#2709),#2671,.T.);
#2634=DIRECTION('',(0.,0.,1.));
#2653=AXIS2_PLACEMENT_3D('',#2602,#2634,$);
#2672=PLANE('',#2653);
#2691=POLY_LOOP('',(#2602,#2603,#2605));
#2710=FACE_OUTER_BOUND('',#2691,.T.);
#2729=FACE_SURFACE('',(#2710),#2672,.T.);
#2730=CLOSED_SHELL('',(#2711,#2712,#2713,#2714,#2715,#2716,#2717,#2718,#2719,#2720,#2721,#2722,#2723,#2724,#2725,#2726,#2727,#2728,#2729));
#2731=FACETED_BREP('',#2730);
#2732=CARTESIAN_POINT('',(-0.000125,-0.000949995,0.));
#2733=CARTESIAN_POINT('',(-0.0001265192,-0.0009326302,0.));
#2734=CARTESIAN_POINT('',(-0.0001310307,-0.000915793,0.));
#2735=CARTESIAN_POINT('',(-0.0001383975,-0.000899995,0.));
#2736=CARTESIAN_POINT('',(-0.0001483956,-0.0008857162,0.));
#2737=CARTESIAN_POINT('',(-0.0001607212,-0.0008733905,0.));
#2738=CARTESIAN_POINT('',(-0.000175,-0.0008633925,0.));
#2739=CARTESIAN_POINT('',(-0.000190798,-0.0008560257,0.));
#2740=CARTESIAN_POINT('',(-0.0002076352,-0.0008515142,0.));
#2741=CARTESIAN_POINT('',(-0.000225,-0.000849995,0.));
#2742=CARTESIAN_POINT('',(-0.0002423648,-0.0008515142,0.));
#2743=CARTESIAN_POINT('',(-0.000259202,-0.0008560257,0.));
#2744=CARTESIAN_POINT('',(-0.000275,-0.0008633925,0.));
#2745=CARTESIAN_POINT('',(-0.0002892788,-0.0008733905,0.));
#2746=CARTESIAN_POINT('',(-0.0003016045,-0.0008857162,0.));
#2747=CARTESIAN_POINT('',(-0.0003116025,-0.000899995,0.));
#2748=CARTESIAN_POINT('',(-0.0003189693,-0.000915793,0.));
#2749=CARTESIAN_POINT('',(-0.0003234808,-0.0009326302,0.));
#2750=CARTESIAN_POINT('',(-0.000325,-0.000949995,0.));
#2751=CARTESIAN_POINT('',(-0.000325,-0.00125,0.));
#2752=CARTESIAN_POINT('',(-0.000125,-0.00125,0.));
#2753=DIRECTION('',(0.,0.,-1.));
#2772=AXIS2_PLACEMENT_3D('',#2732,#2753,$);
#2791=PLANE('',#2772);
#2810=POLY_LOOP('',(#2732,#2751,#2750));
#2829=FACE_OUTER_BOUND('',#2810,.T.);
#2848=FACE_SURFACE('',(#2829),#2791,.T.);
#2754=DIRECTION('',(0.,0.,-1.));
#2773=AXIS2_PLACEMENT_3D('',#2732,#2754,$);
#2792=PLANE('',#2773);
#2811=POLY_LOOP('',(#2732,#2752,#2751));
#2830=FACE_OUTER_BOUND('',#2811,.T.);
#2849=FACE_SURFACE('',(#2830),#2792,.T.);
#2755=DIRECTION('',(0.,0.,-1.));
#2774=AXIS2_PLACEMENT_3D('',#2733,#2755,$);
#2793=PLANE('',#2774);
#2812=POLY_LOOP('',(#2733,#2750,#2749));
#2831=FACE_OUTER_BOUND('',#2812,.T.);
#2850=FACE_SURFACE('',(#2831),#2793,.T.);
#2756=DIRECTION('',(0.,0.,-1.));
#2775=AXIS2_PLACEMENT_3D('',#2733,#2756,$);
#2794=PLANE('',#2775);
#2813=POLY_LOOP('',(#2733,#2732,#2750));
#2832=FACE_OUTER_BOUND('',#2813,.T.);
#2851=FACE_SURFACE('',(#2832),#2794,.T.);
#2757=DIRECTION('',(0.,0.,-1.));
#2776=AXIS2_PLACEMENT_3D('',#2737,#2757,$);
#2795=PLANE('',#2776);
#2814=POLY_LOOP('',(#2737,#2734,#2733));
#2833=FACE_OUTER_BOUND('',#2814,.T.);
#2852=FACE_SURFACE('',(#2833),#2795,.T.);
#2758=DIRECTION('',(0.,0.,-1.));
#2777=AXIS2_PLACEMENT_3D('',#2737,#2758,$);
#2796=PLANE('',#2777);
#2815=POLY_LOOP('',(#2737,#2735,#2734));
#2834=FACE_OUTER_BOUND('',#2815,.T.);
#2853=FACE_SURFACE('',(#2834),#2796,.T.);
#2759=DIRECTION('',(0.,0.,-1.));
#2778=AXIS2_PLACEMENT_3D('',#2737,#2759,$);
#2797=PLANE('',#2778);
#2816=POLY_LOOP('',(#2737,#2736,#2735));
#2835=FACE_OUTER_BOUND('',#2816,.T.);
#2854=FACE_SURFACE('',(#2835),#2797,.T.);
#2760=DIRECTION('',(0.,0.,-1.));
#2779=AXIS2_PLACEMENT_3D('',#2737,#2760,$);
#2798=PLANE('',#2779);
#2817=POLY_LOOP('',(#2737,#2739,#2738));
#2836=FACE_OUTER_BOUND('',#2817,.T.);
#2855=FACE_SURFACE('',(#2836),#2798,.T.);
#2761=DIRECTION('',(0.,0.,-1.));
#2780=AXIS2_PLACEMENT_3D('',#2737,#2761,$);
#2799=PLANE('',#2780);
#2818=POLY_LOOP('',(#2737,#2740,#2739));
#2837=FACE_OUTER_BOUND('',#2818,.T.);
#2856=FACE_SURFACE('',(#2837),#2799,.T.);
#2762=DIRECTION('',(0.,0.,-1.));
#2781=AXIS2_PLACEMENT_3D('',#2737,#2762,$);
#2800=PLANE('',#2781);
#2819=POLY_LOOP('',(#2737,#2741,#2740));
#2838=FACE_OUTER_BOUND('',#2819,.T.);
#2857=FACE_SURFACE('',(#2838),#2800,.T.);
#2763=DIRECTION('',(0.,0.,-1.));
#2782=AXIS2_PLACEMENT_3D('',#2737,#2763,$);
#2801=PLANE('',#2782);
#2820=POLY_LOOP('',(#2737,#2742,#2741));
#2839=FACE_OUTER_BOUND('',#2820,.T.);
#2858=FACE_SURFACE('',(#2839),#2801,.T.);
#2764=DIRECTION('',(0.,0.,-1.));
#2783=AXIS2_PLACEMENT_3D('',#2737,#2764,$);
#2802=PLANE('',#2783);
#2821=POLY_LOOP('',(#2737,#2743,#2742));
#2840=FACE_OUTER_BOUND('',#2821,.T.);
#2859=FACE_SURFACE('',(#2840),#2802,.T.);
#2765=DIRECTION('',(0.,0.,-1.));
#2784=AXIS2_PLACEMENT_3D('',#2737,#2765,$);
#2803=PLANE('',#2784);
#2822=POLY_LOOP('',(#2737,#2744,#2743));
#2841=FACE_OUTER_BOUND('',#2822,.T.);
#2860=FACE_SURFACE('',(#2841),#2803,.T.);
#2766=DIRECTION('',(0.,0.,-1.));
#2785=AXIS2_PLACEMENT_3D('',#2737,#2766,$);
#2804=PLANE('',#2785);
#2823=POLY_LOOP('',(#2737,#2745,#2744));
#2842=FACE_OUTER_BOUND('',#2823,.T.);
#2861=FACE_SURFACE('',(#2842),#2804,.T.);
#2767=DIRECTION('',(0.,0.,-1.));
#2786=AXIS2_PLACEMENT_3D('',#2737,#2767,$);
#2805=PLANE('',#2786);
#2824=POLY_LOOP('',(#2737,#2746,#2745));
#2843=FACE_OUTER_BOUND('',#2824,.T.);
#2862=FACE_SURFACE('',(#2843),#2805,.T.);
#2768=DIRECTION('',(0.,0.,-1.));
#2787=AXIS2_PLACEMENT_3D('',#2737,#2768,$);
#2806=PLANE('',#2787);
#2825=POLY_LOOP('',(#2737,#2747,#2746));
#2844=FACE_OUTER_BOUND('',#2825,.T.);
#2863=FACE_SURFACE('',(#2844),#2806,.T.);
#2769=DIRECTION('',(0.,0.,-1.));
#2788=AXIS2_PLACEMENT_3D('',#2737,#2769,$);
#2807=PLANE('',#2788);
#2826=POLY_LOOP('',(#2737,#2748,#2747));
#2845=FACE_OUTER_BOUND('',#2826,.T.);
#2864=FACE_SURFACE('',(#2845),#2807,.T.);
#2770=DIRECTION('',(0.,0.,-1.));
#2789=AXIS2_PLACEMENT_3D('',#2737,#2770,$);
#2808=PLANE('',#2789);
#2827=POLY_LOOP('',(#2737,#2749,#2748));
#2846=FACE_OUTER_BOUND('',#2827,.T.);
#2865=FACE_SURFACE('',(#2846),#2808,.T.);
#2771=DIRECTION('',(0.,0.,-1.));
#2790=AXIS2_PLACEMENT_3D('',#2737,#2771,$);
#2809=PLANE('',#2790);
#2828=POLY_LOOP('',(#2737,#2733,#2749));
#2847=FACE_OUTER_BOUND('',#2828,.T.);
#2866=FACE_SURFACE('',(#2847),#2809,.T.);
#2867=CLOSED_SHELL('',(#2848,#2849,#2850,#2851,#2852,#2853,#2854,#2855,#2856,#2857,#2858,#2859,#2860,#2861,#2862,#2863,#2864,#2865,#2866));
#2868=FACETED_BREP('',#2867);
#2869=CARTESIAN_POINT('',(-0.000325,-0.000949995,0.));
#2870=CARTESIAN_POINT('',(-0.000325,-0.000949995,0.0001));
#2871=CARTESIAN_POINT('',(-0.000125,-0.000949995,0.0001));
#2872=CARTESIAN_POINT('',(-0.0001265192,-0.0009326302,0.0001));
#2873=CARTESIAN_POINT('',(-0.0001310307,-0.000915793,0.0001));
#2874=CARTESIAN_POINT('',(-0.0001383975,-0.000899995,0.0001));
#2875=CARTESIAN_POINT('',(-0.0001483956,-0.0008857162,0.0001));
#2876=CARTESIAN_POINT('',(-0.0001607212,-0.0008733905,0.0001));
#2877=CARTESIAN_POINT('',(-0.000175,-0.0008633925,0.0001));
#2878=CARTESIAN_POINT('',(-0.000190798,-0.0008560257,0.0001));
#2879=CARTESIAN_POINT('',(-0.0002076352,-0.0008515142,0.0001));
#2880=CARTESIAN_POINT('',(-0.000225,-0.000849995,0.0001));
#2881=CARTESIAN_POINT('',(-0.0002423648,-0.0008515142,0.0001));
#2882=CARTESIAN_POINT('',(-0.000259202,-0.0008560257,0.0001));
#2883=CARTESIAN_POINT('',(-0.000275,-0.0008633925,0.0001));
#2884=CARTESIAN_POINT('',(-0.0002892788,-0.0008733905,0.0001));
#2885=CARTESIAN_POINT('',(-0.0003016045,-0.0008857162,0.0001));
#2886=CARTESIAN_POINT('',(-0.0003116025,-0.000899995,0.0001));
#2887=CARTESIAN_POINT('',(-0.0003189693,-0.000915793,0.0001));
#2888=CARTESIAN_POINT('',(-0.0003234808,-0.0009326302,0.0001));
#2889=CARTESIAN_POINT('',(-0.000125,-0.000949995,0.));
#2890=CARTESIAN_POINT('',(-0.0001265192,-0.0009326302,0.));
#2891=CARTESIAN_POINT('',(-0.0001310307,-0.000915793,0.));
#2892=CARTESIAN_POINT('',(-0.0001383975,-0.000899995,0.));
#2893=CARTESIAN_POINT('',(-0.0001483956,-0.0008857162,0.));
#2894=CARTESIAN_POINT('',(-0.0001607212,-0.0008733905,0.));
#2895=CARTESIAN_POINT('',(-0.000175,-0.0008633925,0.));
#2896=CARTESIAN_POINT('',(-0.000190798,-0.0008560257,0.));
#2897=CARTESIAN_POINT('',(-0.0002076352,-0.0008515142,0.));
#2898=CARTESIAN_POINT('',(-0.000225,-0.000849995,0.));
#2899=CARTESIAN_POINT('',(-0.0002423648,-0.0008515142,0.));
#2900=CARTESIAN_POINT('',(-0.000259202,-0.0008560257,0.));
#2901=CARTESIAN_POINT('',(-0.000275,-0.0008633925,0.));
#2902=CARTESIAN_POINT('',(-0.0002892788,-0.0008733905,0.));
#2903=CARTESIAN_POINT('',(-0.0003016045,-0.0008857162,0.));
#2904=CARTESIAN_POINT('',(-0.0003116025,-0.000899995,0.));
#2905=CARTESIAN_POINT('',(-0.0003189693,-0.000915793,0.));
#2906=CARTESIAN_POINT('',(-0.0003234808,-0.0009326302,0.));
#2907=DIRECTION('',(0.9961947,0.08715556,0.));
#2943=AXIS2_PLACEMENT_3D('',#2872,#2907,$);
#2979=PLANE('',#2943);
#3015=POLY_LOOP('',(#2872,#2871,#2889));
#3051=FACE_OUTER_BOUND('',#3015,.T.);
#3087=FACE_SURFACE('',(#3051),#2979,.T.);
#2908=DIRECTION('',(0.9961947,0.08715556,0.));
#2944=AXIS2_PLACEMENT_3D('',#2872,#2908,$);
#2980=PLANE('',#2944);
#3016=POLY_LOOP('',(#2872,#2889,#2890));
#3052=FACE_OUTER_BOUND('',#3016,.T.);
#3088=FACE_SURFACE('',(#3052),#2980,.T.);
#2909=DIRECTION('',(0.9659258,0.258819,0.));
#2945=AXIS2_PLACEMENT_3D('',#2873,#2909,$);
#2981=PLANE('',#2945);
#3017=POLY_LOOP('',(#2873,#2890,#2891));
#3053=FACE_OUTER_BOUND('',#3017,.T.);
#3089=FACE_SURFACE('',(#3053),#2981,.T.);
#2910=DIRECTION('',(0.9659258,0.258819,0.));
#2946=AXIS2_PLACEMENT_3D('',#2873,#2910,$);
#2982=PLANE('',#2946);
#3018=POLY_LOOP('',(#2873,#2872,#2890));
#3054=FACE_OUTER_BOUND('',#3018,.T.);
#3090=FACE_SURFACE('',(#3054),#2982,.T.);
#2911=DIRECTION('',(0.9063083,0.4226172,0.));
#2947=AXIS2_PLACEMENT_3D('',#2874,#2911,$);
#2983=PLANE('',#2947);
#3019=POLY_LOOP('',(#2874,#2891,#2892));
#3055=FACE_OUTER_BOUND('',#3019,.T.);
#3091=FACE_SURFACE('',(#3055),#2983,.T.);
#2912=DIRECTION('',(0.9063083,0.4226172,0.));
#2948=AXIS2_PLACEMENT_3D('',#2874,#2912,$);
#2984=PLANE('',#2948);
#3020=POLY_LOOP('',(#2874,#2873,#2891));
#3056=FACE_OUTER_BOUND('',#3020,.T.);
#3092=FACE_SURFACE('',(#3056),#2984,.T.);
#2913=DIRECTION('',(0.8191517,0.5735769,0.));
#2949=AXIS2_PLACEMENT_3D('',#2875,#2913,$);
#2985=PLANE('',#2949);
#3021=POLY_LOOP('',(#2875,#2892,#2893));
#3057=FACE_OUTER_BOUND('',#3021,.T.);
#3093=FACE_SURFACE('',(#3057),#2985,.T.);
#2914=DIRECTION('',(0.8191517,0.5735769,0.));
#2950=AXIS2_PLACEMENT_3D('',#2875,#2914,$);
#2986=PLANE('',#2950);
#3022=POLY_LOOP('',(#2875,#2874,#2892));
#3058=FACE_OUTER_BOUND('',#3022,.T.);
#3094=FACE_SURFACE('',(#3058),#2986,.T.);
#2915=DIRECTION('',(0.7071076,0.7071059,0.));
#2951=AXIS2_PLACEMENT_3D('',#2876,#2915,$);
#2987=PLANE('',#2951);
#3023=POLY_LOOP('',(#2876,#2893,#2894));
#3059=FACE_OUTER_BOUND('',#3023,.T.);
#3095=FACE_SURFACE('',(#3059),#2987,.T.);
#2916=DIRECTION('',(0.7071076,0.7071059,0.));
#2952=AXIS2_PLACEMENT_3D('',#2876,#2916,$);
#2988=PLANE('',#2952);
#3024=POLY_LOOP('',(#2876,#2875,#2893));
#3060=FACE_OUTER_BOUND('',#3024,.T.);
#3096=FACE_SURFACE('',(#3060),#2988,.T.);
#2917=DIRECTION('',(0.5735742,0.8191536,0.));
#2953=AXIS2_PLACEMENT_3D('',#2877,#2917,$);
#2989=PLANE('',#2953);
#3025=POLY_LOOP('',(#2877,#2894,#2895));
#3061=FACE_OUTER_BOUND('',#3025,.T.);
#3097=FACE_SURFACE('',(#3061),#2989,.T.);
#2918=DIRECTION('',(0.5735742,0.8191536,0.));
#2954=AXIS2_PLACEMENT_3D('',#2877,#2918,$);
#2990=PLANE('',#2954);
#3026=POLY_LOOP('',(#2877,#2876,#2894));
#3062=FACE_OUTER_BOUND('',#3026,.T.);
#3098=FACE_SURFACE('',(#3062),#2990,.T.);
#2919=DIRECTION('',(0.4226199,0.906307,0.));
#2955=AXIS2_PLACEMENT_3D('',#2878,#2919,$);
#2991=PLANE('',#2955);
#3027=POLY_LOOP('',(#2878,#2895,#2896));
#3063=FACE_OUTER_BOUND('',#3027,.T.);
#3099=FACE_SURFACE('',(#3063),#2991,.T.);
#2920=DIRECTION('',(0.4226199,0.906307,0.));
#2956=AXIS2_PLACEMENT_3D('',#2878,#2920,$);
#2992=PLANE('',#2956);
#3028=POLY_LOOP('',(#2878,#2877,#2895));
#3064=FACE_OUTER_BOUND('',#3028,.T.);
#3100=FACE_SURFACE('',(#3064),#2992,.T.);
#2921=DIRECTION('',(0.2588185,0.965926,0.));
#2957=AXIS2_PLACEMENT_3D('',#2879,#2921,$);
#2993=PLANE('',#2957);
#3029=POLY_LOOP('',(#2879,#2896,#2897));
#3065=FACE_OUTER_BOUND('',#3029,.T.);
#3101=FACE_SURFACE('',(#3065),#2993,.T.);
#2922=DIRECTION('',(0.2588185,0.965926,0.));
#2958=AXIS2_PLACEMENT_3D('',#2879,#2922,$);
#2994=PLANE('',#2958);
#3030=POLY_LOOP('',(#2879,#2878,#2896));
#3066=FACE_OUTER_BOUND('',#3030,.T.);
#3102=FACE_SURFACE('',(#3066),#2994,.T.);
#2923=DIRECTION('',(0.08715549,0.9961947,0.));
#2959=AXIS2_PLACEMENT_3D('',#2880,#2923,$);
#2995=PLANE('',#2959);
#3031=POLY_LOOP('',(#2880,#2897,#2898));
#3067=FACE_OUTER_BOUND('',#3031,.T.);
#3103=FACE_SURFACE('',(#3067),#2995,.T.);
#2924=DIRECTION('',(0.08715549,0.9961947,0.));
#2960=AXIS2_PLACEMENT_3D('',#2880,#2924,$);
#2996=PLANE('',#2960);
#3032=POLY_LOOP('',(#2880,#2879,#2897));
#3068=FACE_OUTER_BOUND('',#3032,.T.);
#3104=FACE_SURFACE('',(#3068),#2996,.T.);
#2925=DIRECTION('',(-0.08715549,0.9961947,0.));
#2961=AXIS2_PLACEMENT_3D('',#2881,#2925,$);
#2997=PLANE('',#2961);
#3033=POLY_LOOP('',(#2881,#2898,#2899));
#3069=FACE_OUTER_BOUND('',#3033,.T.);
#3105=FACE_SURFACE('',(#3069),#2997,.T.);
#2926=DIRECTION('',(-0.08715549,0.9961947,0.));
#2962=AXIS2_PLACEMENT_3D('',#2881,#2926,$);
#2998=PLANE('',#2962);
#3034=POLY_LOOP('',(#2881,#2880,#2898));
#3070=FACE_OUTER_BOUND('',#3034,.T.);
#3106=FACE_SURFACE('',(#3070),#2998,.T.);
#2927=DIRECTION('',(-0.2588185,0.965926,0.));
#2963=AXIS2_PLACEMENT_3D('',#2882,#2927,$);
#2999=PLANE('',#2963);
#3035=POLY_LOOP('',(#2882,#2899,#2900));
#3071=FACE_OUTER_BOUND('',#3035,.T.);
#3107=FACE_SURFACE('',(#3071),#2999,.T.);
#2928=DIRECTION('',(-0.2588185,0.965926,0.));
#2964=AXIS2_PLACEMENT_3D('',#2882,#2928,$);
#3000=PLANE('',#2964);
#3036=POLY_LOOP('',(#2882,#2881,#2899));
#3072=FACE_OUTER_BOUND('',#3036,.T.);
#3108=FACE_SURFACE('',(#3072),#3000,.T.);
#2929=DIRECTION('',(-0.4226199,0.906307,0.));
#2965=AXIS2_PLACEMENT_3D('',#2883,#2929,$);
#3001=PLANE('',#2965);
#3037=POLY_LOOP('',(#2883,#2900,#2901));
#3073=FACE_OUTER_BOUND('',#3037,.T.);
#3109=FACE_SURFACE('',(#3073),#3001,.T.);
#2930=DIRECTION('',(-0.4226199,0.906307,0.));
#2966=AXIS2_PLACEMENT_3D('',#2883,#2930,$);
#3002=PLANE('',#2966);
#3038=POLY_LOOP('',(#2883,#2882,#2900));
#3074=FACE_OUTER_BOUND('',#3038,.T.);
#3110=FACE_SURFACE('',(#3074),#3002,.T.);
#2931=DIRECTION('',(-0.5735738,0.8191539,0.));
#2967=AXIS2_PLACEMENT_3D('',#2884,#2931,$);
#3003=PLANE('',#2967);
#3039=POLY_LOOP('',(#2884,#2901,#2902));
#3075=FACE_OUTER_BOUND('',#3039,.T.);
#3111=FACE_SURFACE('',(#3075),#3003,.T.);
#2932=DIRECTION('',(-0.5735738,0.8191539,0.));
#2968=AXIS2_PLACEMENT_3D('',#2884,#2932,$);
#3004=PLANE('',#2968);
#3040=POLY_LOOP('',(#2884,#2883,#2901));
#3076=FACE_OUTER_BOUND('',#3040,.T.);
#3112=FACE_SURFACE('',(#3076),#3004,.T.);
#2933=DIRECTION('',(-0.7071076,0.7071059,0.));
#2969=AXIS2_PLACEMENT_3D('',#2885,#2933,$);
#3005=PLANE('',#2969);
#3041=POLY_LOOP('',(#2885,#2902,#2903));
#3077=FACE_OUTER_BOUND('',#3041,.T.);
#3113=FACE_SURFACE('',(#3077),#3005,.T.);
#2934=DIRECTION('',(-0.7071076,0.7071059,0.));
#2970=AXIS2_PLACEMENT_3D('',#2885,#2934,$);
#3006=PLANE('',#2970);
#3042=POLY_LOOP('',(#2885,#2884,#2902));
#3078=FACE_OUTER_BOUND('',#3042,.T.);
#3114=FACE_SURFACE('',(#3078),#3006,.T.);
#2935=DIRECTION('',(-0.8191517,0.5735769,0.));
#2971=AXIS2_PLACEMENT_3D('',#2886,#2935,$);
#3007=PLANE('',#2971);
#3043=POLY_LOOP('',(#2886,#2903,#2904));
#3079=FACE_OUTER_BOUND('',#3043,.T.);
#3115=FACE_SURFACE('',(#3079),#3007,.T.);
#2936=DIRECTION('',(-0.8191517,0.5735769,0.));
#2972=AXIS2_PLACEMENT_3D('',#2886,#2936,$);
#3008=PLANE('',#2972);
#3044=POLY_LOOP('',(#2886,#2885,#2903));
#3080=FACE_OUTER_BOUND('',#3044,.T.);
#3116=FACE_SURFACE('',(#3080),#3008,.T.);
#2937=DIRECTION('',(-0.9063086,0.4226165,0.));
#2973=AXIS2_PLACEMENT_3D('',#2887,#2937,$);
#3009=PLANE('',#2973);
#3045=POLY_LOOP('',(#2887,#2886,#2904));
#3081=FACE_OUTER_BOUND('',#3045,.T.);
#3117=FACE_SURFACE('',(#3081),#3009,.T.);
#2938=DIRECTION('',(-0.9063086,0.4226165,0.));
#2974=AXIS2_PLACEMENT_3D('',#2887,#2938,$);
#3010=PLANE('',#2974);
#3046=POLY_LOOP('',(#2887,#2904,#2905));
#3082=FACE_OUTER_BOUND('',#3046,.T.);
#3118=FACE_SURFACE('',(#3082),#3010,.T.);
#2939=DIRECTION('',(-0.9659256,0.2588198,0.));
#2975=AXIS2_PLACEMENT_3D('',#2888,#2939,$);
#3011=PLANE('',#2975);
#3047=POLY_LOOP('',(#2888,#2887,#2905));
#3083=FACE_OUTER_BOUND('',#3047,.T.);
#3119=FACE_SURFACE('',(#3083),#3011,.T.);
#2940=DIRECTION('',(-0.9659256,0.2588198,0.));
#2976=AXIS2_PLACEMENT_3D('',#2888,#2940,$);
#3012=PLANE('',#2976);
#3048=POLY_LOOP('',(#2888,#2905,#2906));
#3084=FACE_OUTER_BOUND('',#3048,.T.);
#3120=FACE_SURFACE('',(#3084),#3012,.T.);
#2941=DIRECTION('',(-0.9961947,0.08715556,0.));
#2977=AXIS2_PLACEMENT_3D('',#2870,#2941,$);
#3013=PLANE('',#2977);
#3049=POLY_LOOP('',(#2870,#2888,#2906));
#3085=FACE_OUTER_BOUND('',#3049,.T.);
#3121=FACE_SURFACE('',(#3085),#3013,.T.);
#2942=DIRECTION('',(-0.9961947,0.08715556,0.));
#2978=AXIS2_PLACEMENT_3D('',#2870,#2942,$);
#3014=PLANE('',#2978);
#3050=POLY_LOOP('',(#2870,#2906,#2869));
#3086=FACE_OUTER_BOUND('',#3050,.T.);
#3122=FACE_SURFACE('',(#3086),#3014,.T.);
#3123=CLOSED_SHELL('',(#3087,#3088,#3089,#3090,#3091,#3092,#3093,#3094,#3095,#3096,#3097,#3098,#3099,#3100,#3101,#3102,#3103,#3104,#3105,#3106,#3107,#3108,#3109,#3110,#3111,#3112,#3113,#3114,#3115,#3116,#3117,#3118,#3119,#3120,#3121,#3122));
#3124=FACETED_BREP('',#3123);
#3125=CARTESIAN_POINT('',(-0.000125,-0.000949995,0.));
#3126=CARTESIAN_POINT('',(-0.000125,-0.000949995,0.0001));
#3127=CARTESIAN_POINT('',(-0.000125,-0.00125,0.0001));
#3128=CARTESIAN_POINT('',(-0.000125,-0.00125,0.));
#3129=DIRECTION('',(1.,0.,0.));
#3131=AXIS2_PLACEMENT_3D('',#3126,#3129,$);
#3133=PLANE('',#3131);
#3135=POLY_LOOP('',(#3126,#3127,#3128));
#3137=FACE_OUTER_BOUND('',#3135,.T.);
#3139=FACE_SURFACE('',(#3137),#3133,.T.);
#3130=DIRECTION('',(1.,0.,0.));
#3132=AXIS2_PLACEMENT_3D('',#3126,#3130,$);
#3134=PLANE('',#3132);
#3136=POLY_LOOP('',(#3126,#3128,#3125));
#3138=FACE_OUTER_BOUND('',#3136,.T.);
#3140=FACE_SURFACE('',(#3138),#3134,.T.);
#3141=CLOSED_SHELL('',(#3139,#3140));
#3142=FACETED_BREP('',#3141);
#3143=CARTESIAN_POINT('',(-0.000125,-0.00125,0.));
#3144=CARTESIAN_POINT('',(-0.000125,-0.00125,0.0001));
#3145=CARTESIAN_POINT('',(-0.000325,-0.00125,0.0001));
#3146=CARTESIAN_POINT('',(-0.000325,-0.00125,0.));
#3147=DIRECTION('',(0.,-1.,0.));
#3149=AXIS2_PLACEMENT_3D('',#3144,#3147,$);
#3151=PLANE('',#3149);
#3153=POLY_LOOP('',(#3144,#3145,#3146));
#3155=FACE_OUTER_BOUND('',#3153,.T.);
#3157=FACE_SURFACE('',(#3155),#3151,.T.);
#3148=DIRECTION('',(0.,-1.,0.));
#3150=AXIS2_PLACEMENT_3D('',#3144,#3148,$);
#3152=PLANE('',#3150);
#3154=POLY_LOOP('',(#3144,#3146,#3143));
#3156=FACE_OUTER_BOUND('',#3154,.T.);
#3158=FACE_SURFACE('',(#3156),#3152,.T.);
#3159=CLOSED_SHELL('',(#3157,#3158));
#3160=FACETED_BREP('',#3159);
#3161=CARTESIAN_POINT('',(-0.000325,-0.00125,0.));
#3162=CARTESIAN_POINT('',(-0.000325,-0.00125,0.0001));
#3163=CARTESIAN_POINT('',(-0.000325,-0.000949995,0.0001));
#3164=CARTESIAN_POINT('',(-0.000325,-0.000949995,0.));
#3165=DIRECTION('',(-1.,0.,0.));
#3167=AXIS2_PLACEMENT_3D('',#3162,#3165,$);
#3169=PLANE('',#3167);
#3171=POLY_LOOP('',(#3162,#3163,#3164));
#3173=FACE_OUTER_BOUND('',#3171,.T.);
#3175=FACE_SURFACE('',(#3173),#3169,.T.);
#3166=DIRECTION('',(-1.,0.,0.));
#3168=AXIS2_PLACEMENT_3D('',#3162,#3166,$);
#3170=PLANE('',#3168);
#3172=POLY_LOOP('',(#3162,#3164,#3161));
#3174=FACE_OUTER_BOUND('',#3172,.T.);
#3176=FACE_SURFACE('',(#3174),#3170,.T.);
#3177=CLOSED_SHELL('',(#3175,#3176));
#3178=FACETED_BREP('',#3177);
#3179=CARTESIAN_POINT('',(-0.000325,-0.000949995,0.0001));
#3180=CARTESIAN_POINT('',(-0.000325,-0.00125,0.0001));
#3181=CARTESIAN_POINT('',(-0.000125,-0.00125,0.0001));
#3182=CARTESIAN_POINT('',(-0.000125,-0.000949995,0.0001));
#3183=CARTESIAN_POINT('',(-0.0001265192,-0.0009326302,0.0001));
#3184=CARTESIAN_POINT('',(-0.0001310307,-0.000915793,0.0001));
#3185=CARTESIAN_POINT('',(-0.0001383975,-0.000899995,0.0001));
#3186=CARTESIAN_POINT('',(-0.0001483956,-0.0008857162,0.0001));
#3187=CARTESIAN_POINT('',(-0.0001607212,-0.0008733905,0.0001));
#3188=CARTESIAN_POINT('',(-0.000175,-0.0008633925,0.0001));
#3189=CARTESIAN_POINT('',(-0.000190798,-0.0008560257,0.0001));
#3190=CARTESIAN_POINT('',(-0.0002076352,-0.0008515142,0.0001));
#3191=CARTESIAN_POINT('',(-0.000225,-0.000849995,0.0001));
#3192=CARTESIAN_POINT('',(-0.0002423648,-0.0008515142,0.0001));
#3193=CARTESIAN_POINT('',(-0.000259202,-0.0008560257,0.0001));
#3194=CARTESIAN_POINT('',(-0.000275,-0.0008633925,0.0001));
#3195=CARTESIAN_POINT('',(-0.0002892788,-0.0008733905,0.0001));
#3196=CARTESIAN_POINT('',(-0.0003016045,-0.0008857162,0.0001));
#3197=CARTESIAN_POINT('',(-0.0003116025,-0.000899995,0.0001));
#3198=CARTESIAN_POINT('',(-0.0003189693,-0.000915793,0.0001));
#3199=CARTESIAN_POINT('',(-0.0003234808,-0.0009326302,0.0001));
#3200=DIRECTION('',(0.,0.,1.));
#3219=AXIS2_PLACEMENT_3D('',#3182,#3200,$);
#3238=PLANE('',#3219);
#3257=POLY_LOOP('',(#3182,#3179,#3180));
#3276=FACE_OUTER_BOUND('',#3257,.T.);
#3295=FACE_SURFACE('',(#3276),#3238,.T.);
#3201=DIRECTION('',(0.,0.,1.));
#3220=AXIS2_PLACEMENT_3D('',#3182,#3201,$);
#3239=PLANE('',#3220);
#3258=POLY_LOOP('',(#3182,#3180,#3181));
#3277=FACE_OUTER_BOUND('',#3258,.T.);
#3296=FACE_SURFACE('',(#3277),#3239,.T.);
#3202=DIRECTION('',(0.,0.,1.));
#3221=AXIS2_PLACEMENT_3D('',#3187,#3202,$);
#3240=PLANE('',#3221);
#3259=POLY_LOOP('',(#3187,#3182,#3183));
#3278=FACE_OUTER_BOUND('',#3259,.T.);
#3297=FACE_SURFACE('',(#3278),#3240,.T.);
#3203=DIRECTION('',(0.,0.,1.));
#3222=AXIS2_PLACEMENT_3D('',#3187,#3203,$);
#3241=PLANE('',#3222);
#3260=POLY_LOOP('',(#3187,#3183,#3184));
#3279=FACE_OUTER_BOUND('',#3260,.T.);
#3298=FACE_SURFACE('',(#3279),#3241,.T.);
#3204=DIRECTION('',(0.,0.,1.));
#3223=AXIS2_PLACEMENT_3D('',#3187,#3204,$);
#3242=PLANE('',#3223);
#3261=POLY_LOOP('',(#3187,#3184,#3185));
#3280=FACE_OUTER_BOUND('',#3261,.T.);
#3299=FACE_SURFACE('',(#3280),#3242,.T.);
#3205=DIRECTION('',(0.,0.,1.));
#3224=AXIS2_PLACEMENT_3D('',#3187,#3205,$);
#3243=PLANE('',#3224);
#3262=POLY_LOOP('',(#3187,#3185,#3186));
#3281=FACE_OUTER_BOUND('',#3262,.T.);
#3300=FACE_SURFACE('',(#3281),#3243,.T.);
#3206=DIRECTION('',(0.,0.,1.));
#3225=AXIS2_PLACEMENT_3D('',#3187,#3206,$);
#3244=PLANE('',#3225);
#3263=POLY_LOOP('',(#3187,#3188,#3189));
#3282=FACE_OUTER_BOUND('',#3263,.T.);
#3301=FACE_SURFACE('',(#3282),#3244,.T.);
#3207=DIRECTION('',(0.,0.,1.));
#3226=AXIS2_PLACEMENT_3D('',#3187,#3207,$);
#3245=PLANE('',#3226);
#3264=POLY_LOOP('',(#3187,#3189,#3190));
#3283=FACE_OUTER_BOUND('',#3264,.T.);
#3302=FACE_SURFACE('',(#3283),#3245,.T.);
#3208=DIRECTION('',(0.,0.,1.));
#3227=AXIS2_PLACEMENT_3D('',#3187,#3208,$);
#3246=PLANE('',#3227);
#3265=POLY_LOOP('',(#3187,#3190,#3191));
#3284=FACE_OUTER_BOUND('',#3265,.T.);
#3303=FACE_SURFACE('',(#3284),#3246,.T.);
#3209=DIRECTION('',(0.,0.,1.));
#3228=AXIS2_PLACEMENT_3D('',#3187,#3209,$);
#3247=PLANE('',#3228);
#3266=POLY_LOOP('',(#3187,#3191,#3192));
#3285=FACE_OUTER_BOUND('',#3266,.T.);
#3304=FACE_SURFACE('',(#3285),#3247,.T.);
#3210=DIRECTION('',(0.,0.,1.));
#3229=AXIS2_PLACEMENT_3D('',#3187,#3210,$);
#3248=PLANE('',#3229);
#3267=POLY_LOOP('',(#3187,#3192,#3193));
#3286=FACE_OUTER_BOUND('',#3267,.T.);
#3305=FACE_SURFACE('',(#3286),#3248,.T.);
#3211=DIRECTION('',(0.,0.,1.));
#3230=AXIS2_PLACEMENT_3D('',#3187,#3211,$);
#3249=PLANE('',#3230);
#3268=POLY_LOOP('',(#3187,#3193,#3194));
#3287=FACE_OUTER_BOUND('',#3268,.T.);
#3306=FACE_SURFACE('',(#3287),#3249,.T.);
#3212=DIRECTION('',(0.,0.,1.));
#3231=AXIS2_PLACEMENT_3D('',#3187,#3212,$);
#3250=PLANE('',#3231);
#3269=POLY_LOOP('',(#3187,#3194,#3195));
#3288=FACE_OUTER_BOUND('',#3269,.T.);
#3307=FACE_SURFACE('',(#3288),#3250,.T.);
#3213=DIRECTION('',(0.,0.,1.));
#3232=AXIS2_PLACEMENT_3D('',#3187,#3213,$);
#3251=PLANE('',#3232);
#3270=POLY_LOOP('',(#3187,#3195,#3196));
#3289=FACE_OUTER_BOUND('',#3270,.T.);
#3308=FACE_SURFACE('',(#3289),#3251,.T.);
#3214=DIRECTION('',(0.,0.,1.));
#3233=AXIS2_PLACEMENT_3D('',#3187,#3214,$);
#3252=PLANE('',#3233);
#3271=POLY_LOOP('',(#3187,#3196,#3197));
#3290=FACE_OUTER_BOUND('',#3271,.T.);
#3309=FACE_SURFACE('',(#3290),#3252,.T.);
#3215=DIRECTION('',(0.,0.,1.));
#3234=AXIS2_PLACEMENT_3D('',#3187,#3215,$);
#3253=PLANE('',#3234);
#3272=POLY_LOOP('',(#3187,#3197,#3198));
#3291=FACE_OUTER_BOUND('',#3272,.T.);
#3310=FACE_SURFACE('',(#3291),#3253,.T.);
#3216=DIRECTION('',(0.,0.,1.));
#3235=AXIS2_PLACEMENT_3D('',#3187,#3216,$);
#3254=PLANE('',#3235);
#3273=POLY_LOOP('',(#3187,#3198,#3199));
#3292=FACE_OUTER_BOUND('',#3273,.T.);
#3311=FACE_SURFACE('',(#3292),#3254,.T.);
#3217=DIRECTION('',(0.,0.,1.));
#3236=AXIS2_PLACEMENT_3D('',#3187,#3217,$);
#3255=PLANE('',#3236);
#3274=POLY_LOOP('',(#3187,#3199,#3179));
#3293=FACE_OUTER_BOUND('',#3274,.T.);
#3312=FACE_SURFACE('',(#3293),#3255,.T.);
#3218=DIRECTION('',(0.,0.,1.));
#3237=AXIS2_PLACEMENT_3D('',#3187,#3218,$);
#3256=PLANE('',#3237);
#3275=POLY_LOOP('',(#3187,#3179,#3182));
#3294=FACE_OUTER_BOUND('',#3275,.T.);
#3313=FACE_SURFACE('',(#3294),#3256,.T.);
#3314=CLOSED_SHELL('',(#3295,#3296,#3297,#3298,#3299,#3300,#3301,#3302,#3303,#3304,#3305,#3306,#3307,#3308,#3309,#3310,#3311,#3312,#3313));
#3315=FACETED_BREP('',#3314);
#3316=CARTESIAN_POINT('',(0.000275,-0.00055,0.));
#3317=CARTESIAN_POINT('',(0.0002734808,-0.0005326352,0.));
#3318=CARTESIAN_POINT('',(0.0002689692,-0.000515798,0.));
#3319=CARTESIAN_POINT('',(0.0002616025,-0.0005,0.));
#3320=CARTESIAN_POINT('',(0.0002516044,-0.0004857212,0.));
#3321=CARTESIAN_POINT('',(0.0002392788,-0.0004733955,0.));
#3322=CARTESIAN_POINT('',(0.000225,-0.0004633974,0.));
#3323=CARTESIAN_POINT('',(0.000209202,-0.0004560307,0.));
#3324=CARTESIAN_POINT('',(0.0001923648,-0.0004515192,0.));
#3325=CARTESIAN_POINT('',(0.000175,-0.00045,0.));
#3326=CARTESIAN_POINT('',(0.0001576352,-0.0004515192,0.));
#3327=CARTESIAN_POINT('',(0.000140798,-0.0004560307,0.));
#3328=CARTESIAN_POINT('',(0.000125,-0.0004633974,0.));
#3329=CARTESIAN_POINT('',(0.0001107212,-0.0004733955,0.));
#3330=CARTESIAN_POINT('',(0.00009839555,-0.0004857212,0.));
#3331=CARTESIAN_POINT('',(0.00008839746,-0.0005,0.));
#3332=CARTESIAN_POINT('',(0.00008103074,-0.000515798,0.));
#3333=CARTESIAN_POINT('',(0.00007651922,-0.0005326352,0.));
#3334=CARTESIAN_POINT('',(0.000075,-0.00055,0.));
#3335=CARTESIAN_POINT('',(0.000075,-0.00125,0.));
#3336=CARTESIAN_POINT('',(0.000275,-0.00125,0.));
#3337=DIRECTION('',(0.,0.,-1.));
#3356=AXIS2_PLACEMENT_3D('',#3330,#3337,$);
#3375=PLANE('',#3356);
#3394=POLY_LOOP('',(#3330,#3332,#3331));
#3413=FACE_OUTER_BOUND('',#3394,.T.);
#3432=FACE_SURFACE('',(#3413),#3375,.T.);
#3338=DIRECTION('',(0.,0.,-1.));
#3357=AXIS2_PLACEMENT_3D('',#3327,#3338,$);
#3376=PLANE('',#3357);
#3395=POLY_LOOP('',(#3327,#3329,#3328));
#3414=FACE_OUTER_BOUND('',#3395,.T.);
#3433=FACE_SURFACE('',(#3414),#3376,.T.);
#3339=DIRECTION('',(0.,0.,-1.));
#3358=AXIS2_PLACEMENT_3D('',#3327,#3339,$);
#3377=PLANE('',#3358);
#3396=POLY_LOOP('',(#3327,#3330,#3329));
#3415=FACE_OUTER_BOUND('',#3396,.T.);
#3434=FACE_SURFACE('',(#3415),#3377,.T.);
#3340=DIRECTION('',(0.,0.,-1.));
#3359=AXIS2_PLACEMENT_3D('',#3326,#3340,$);
#3378=PLANE('',#3359);
#3397=POLY_LOOP('',(#3326,#3330,#3327));
#3416=FACE_OUTER_BOUND('',#3397,.T.);
#3435=FACE_SURFACE('',(#3416),#3378,.T.);
#3341=DIRECTION('',(0.,0.,-1.));
#3360=AXIS2_PLACEMENT_3D('',#3316,#3341,$);
#3379=PLANE('',#3360);
#3398=POLY_LOOP('',(#3316,#3334,#3333));
#3417=FACE_OUTER_BOUND('',#3398,.T.);
#3436=FACE_SURFACE('',(#3417),#3379,.T.);
#3342=DIRECTION('',(0.,0.,-1.));
#3361=AXIS2_PLACEMENT_3D('',#3316,#3342,$);
#3380=PLANE('',#3361);
#3399=POLY_LOOP('',(#3316,#3335,#3334));
#3418=FACE_OUTER_BOUND('',#3399,.T.);
#3437=FACE_SURFACE('',(#3418),#3380,.T.);
#3343=DIRECTION('',(0.,0.,-1.));
#3362=AXIS2_PLACEMENT_3D('',#3316,#3343,$);
#3381=PLANE('',#3362);
#3400=POLY_LOOP('',(#3316,#3336,#3335));
#3419=FACE_OUTER_BOUND('',#3400,.T.);
#3438=FACE_SURFACE('',(#3419),#3381,.T.);
#3344=DIRECTION('',(0.,0.,-1.));
#3363=AXIS2_PLACEMENT_3D('',#3317,#3344,$);
#3382=PLANE('',#3363);
#3401=POLY_LOOP('',(#3317,#3316,#3333));
#3420=FACE_OUTER_BOUND('',#3401,.T.);
#3439=FACE_SURFACE('',(#3420),#3382,.T.);
#3345=DIRECTION('',(0.,0.,-1.));
#3364=AXIS2_PLACEMENT_3D('',#3323,#3345,$);
#3383=PLANE('',#3364);
#3402=POLY_LOOP('',(#3323,#3325,#3324));
#3421=FACE_OUTER_BOUND('',#3402,.T.);
#3440=FACE_SURFACE('',(#3421),#3383,.T.);
#3346=DIRECTION('',(0.,0.,-1.));
#3365=AXIS2_PLACEMENT_3D('',#3320,#3346,$);
#3384=PLANE('',#3365);
#3403=POLY_LOOP('',(#3320,#3318,#3317));
#3422=FACE_OUTER_BOUND('',#3403,.T.);
#3441=FACE_SURFACE('',(#3422),#3384,.T.);
#3347=DIRECTION('',(0.,0.,-1.));
#3366=AXIS2_PLACEMENT_3D('',#3320,#3347,$);
#3385=PLANE('',#3366);
#3404=POLY_LOOP('',(#3320,#3319,#3318));
#3423=FACE_OUTER_BOUND('',#3404,.T.);
#3442=FACE_SURFACE('',(#3423),#3385,.T.);
#3348=DIRECTION('',(0.,0.,-1.));
#3367=AXIS2_PLACEMENT_3D('',#3321,#3348,$);
#3386=PLANE('',#3367);
#3405=POLY_LOOP('',(#3321,#3323,#3322));
#3424=FACE_OUTER_BOUND('',#3405,.T.);
#3443=FACE_SURFACE('',(#3424),#3386,.T.);
#3349=DIRECTION('',(0.,0.,-1.));
#3368=AXIS2_PLACEMENT_3D('',#3321,#3349,$);
#3387=PLANE('',#3368);
#3406=POLY_LOOP('',(#3321,#3326,#3325));
#3425=FACE_OUTER_BOUND('',#3406,.T.);
#3444=FACE_SURFACE('',(#3425),#3387,.T.);
#3350=DIRECTION('',(0.,0.,-1.));
#3369=AXIS2_PLACEMENT_3D('',#3321,#3350,$);
#3388=PLANE('',#3369);
#3407=POLY_LOOP('',(#3321,#3333,#3332));
#3426=FACE_OUTER_BOUND('',#3407,.T.);
#3445=FACE_SURFACE('',(#3426),#3388,.T.);
#3351=DIRECTION('',(0.,0.,-1.));
#3370=AXIS2_PLACEMENT_3D('',#3321,#3351,$);
#3389=PLANE('',#3370);
#3408=POLY_LOOP('',(#3321,#3332,#3330));
#3427=FACE_OUTER_BOUND('',#3408,.T.);
#3446=FACE_SURFACE('',(#3427),#3389,.T.);
#3352=DIRECTION('',(0.,0.,-1.));
#3371=AXIS2_PLACEMENT_3D('',#3321,#3352,$);
#3390=PLANE('',#3371);
#3409=POLY_LOOP('',(#3321,#3330,#3326));
#3428=FACE_OUTER_BOUND('',#3409,.T.);
#3447=FACE_SURFACE('',(#3428),#3390,.T.);
#3353=DIRECTION('',(0.,0.,-1.));
#3372=AXIS2_PLACEMENT_3D('',#3321,#3353,$);
#3391=PLANE('',#3372);
#3410=POLY_LOOP('',(#3321,#3317,#3333));
#3429=FACE_OUTER_BOUND('',#3410,.T.);
#3448=FACE_SURFACE('',(#3429),#3391,.T.);
#3354=DIRECTION('',(0.,0.,-1.));
#3373=AXIS2_PLACEMENT_3D('',#3321,#3354,$);
#3392=PLANE('',#3373);
#3411=POLY_LOOP('',(#3321,#3325,#3323));
#3430=FACE_OUTER_BOUND('',#3411,.T.);
#3449=FACE_SURFACE('',(#3430),#3392,.T.);
#3355=DIRECTION('',(0.,0.,-1.));
#3374=AXIS2_PLACEMENT_3D('',#3321,#3355,$);
#3393=PLANE('',#3374);
#3412=POLY_LOOP('',(#3321,#3320,#3317));
#3431=FACE_OUTER_BOUND('',#3412,.T.);
#3450=FACE_SURFACE('',(#3431),#3393,.T.);
#3451=CLOSED_SHELL('',(#3432,#3433,#3434,#3435,#3436,#3437,#3438,#3439,#3440,#3441,#3442,#3443,#3444,#3445,#3446,#3447,#3448,#3449,#3450));
#3452=FACETED_BREP('',#3451);
#3453=CARTESIAN_POINT('',(0.000075,-0.00055,0.));
#3454=CARTESIAN_POINT('',(0.000075,-0.00055,0.0001));
#3455=CARTESIAN_POINT('',(0.000275,-0.00055,0.0001));
#3456=CARTESIAN_POINT('',(0.0002734808,-0.0005326352,0.0001));
#3457=CARTESIAN_POINT('',(0.0002689692,-0.000515798,0.0001));
#3458=CARTESIAN_POINT('',(0.0002616025,-0.0005,0.0001));
#3459=CARTESIAN_POINT('',(0.0002516044,-0.0004857212,0.0001));
#3460=CARTESIAN_POINT('',(0.0002392788,-0.0004733955,0.0001));
#3461=CARTESIAN_POINT('',(0.000225,-0.0004633974,0.0001));
#3462=CARTESIAN_POINT('',(0.000209202,-0.0004560307,0.0001));
#3463=CARTESIAN_POINT('',(0.0001923648,-0.0004515192,0.0001));
#3464=CARTESIAN_POINT('',(0.000175,-0.00045,0.0001));
#3465=CARTESIAN_POINT('',(0.0001576352,-0.0004515192,0.0001));
#3466=CARTESIAN_POINT('',(0.000140798,-0.0004560307,0.0001));
#3467=CARTESIAN_POINT('',(0.000125,-0.0004633974,0.0001));
#3468=CARTESIAN_POINT('',(0.0001107212,-0.0004733955,0.0001));
#3469=CARTESIAN_POINT('',(0.00009839555,-0.0004857212,0.0001));
#3470=CARTESIAN_POINT('',(0.00008839746,-0.0005,0.0001));
#3471=CARTESIAN_POINT('',(0.00008103074,-0.000515798,0.0001));
#3472=CARTESIAN_POINT('',(0.00007651922,-0.0005326352,0.0001));
#3473=CARTESIAN_POINT('',(0.000275,-0.00055,0.));
#3474=CARTESIAN_POINT('',(0.0002734808,-0.0005326352,0.));
#3475=CARTESIAN_POINT('',(0.0002689692,-0.000515798,0.));
#3476=CARTESIAN_POINT('',(0.0002616025,-0.0005,0.));
#3477=CARTESIAN_POINT('',(0.0002516044,-0.0004857212,0.));
#3478=CARTESIAN_POINT('',(0.0002392788,-0.0004733955,0.));
#3479=CARTESIAN_POINT('',(0.000225,-0.0004633974,0.));
#3480=CARTESIAN_POINT('',(0.000209202,-0.0004560307,0.));
#3481=CARTESIAN_POINT('',(0.0001923648,-0.0004515192,0.));
#3482=CARTESIAN_POINT('',(0.000175,-0.00045,0.));
#3483=CARTESIAN_POINT('',(0.0001576352,-0.0004515192,0.));
#3484=CARTESIAN_POINT('',(0.000140798,-0.0004560307,0.));
#3485=CARTESIAN_POINT('',(0.000125,-0.0004633974,0.));
#3486=CARTESIAN_POINT('',(0.0001107212,-0.0004733955,0.));
#3487=CARTESIAN_POINT('',(0.00009839555,-0.0004857212,0.));
#3488=CARTESIAN_POINT('',(0.00008839746,-0.0005,0.));
#3489=CARTESIAN_POINT('',(0.00008103074,-0.000515798,0.));
#3490=CARTESIAN_POINT('',(0.00007651922,-0.0005326352,0.));
#3491=DIRECTION('',(0.9961947,0.08715556,0.));
#3527=AXIS2_PLACEMENT_3D('',#3456,#3491,$);
#3563=PLANE('',#3527);
#3599=POLY_LOOP('',(#3456,#3455,#3473));
#3635=FACE_OUTER_BOUND('',#3599,.T.);
#3671=FACE_SURFACE('',(#3635),#3563,.T.);
#3492=DIRECTION('',(0.9961947,0.08715556,0.));
#3528=AXIS2_PLACEMENT_3D('',#3456,#3492,$);
#3564=PLANE('',#3528);
#3600=POLY_LOOP('',(#3456,#3473,#3474));
#3636=FACE_OUTER_BOUND('',#3600,.T.);
#3672=FACE_SURFACE('',(#3636),#3564,.T.);
#3493=DIRECTION('',(0.9659256,0.2588198,0.));
#3529=AXIS2_PLACEMENT_3D('',#3457,#3493,$);
#3565=PLANE('',#3529);
#3601=POLY_LOOP('',(#3457,#3474,#3475));
#3637=FACE_OUTER_BOUND('',#3601,.T.);
#3673=FACE_SURFACE('',(#3637),#3565,.T.);
#3494=DIRECTION('',(0.9659256,0.2588198,0.));
#3530=AXIS2_PLACEMENT_3D('',#3457,#3494,$);
#3566=PLANE('',#3530);
#3602=POLY_LOOP('',(#3457,#3456,#3474));
#3638=FACE_OUTER_BOUND('',#3602,.T.);
#3674=FACE_SURFACE('',(#3638),#3566,.T.);
#3495=DIRECTION('',(0.906308,0.4226178,0.));
#3531=AXIS2_PLACEMENT_3D('',#3458,#3495,$);
#3567=PLANE('',#3531);
#3603=POLY_LOOP('',(#3458,#3475,#3476));
#3639=FACE_OUTER_BOUND('',#3603,.T.);
#3675=FACE_SURFACE('',(#3639),#3567,.T.);
#3496=DIRECTION('',(0.906308,0.4226178,0.));
#3532=AXIS2_PLACEMENT_3D('',#3458,#3496,$);
#3568=PLANE('',#3532);
#3604=POLY_LOOP('',(#3458,#3457,#3475));
#3640=FACE_OUTER_BOUND('',#3604,.T.);
#3676=FACE_SURFACE('',(#3640),#3568,.T.);
#3497=DIRECTION('',(0.8191523,0.5735761,0.));
#3533=AXIS2_PLACEMENT_3D('',#3459,#3497,$);
#3569=PLANE('',#3533);
#3605=POLY_LOOP('',(#3459,#3476,#3477));
#3641=FACE_OUTER_BOUND('',#3605,.T.);
#3677=FACE_SURFACE('',(#3641),#3569,.T.);
#3498=DIRECTION('',(0.8191523,0.5735761,0.));
#3534=AXIS2_PLACEMENT_3D('',#3459,#3498,$);
#3570=PLANE('',#3534);
#3606=POLY_LOOP('',(#3459,#3458,#3476));
#3642=FACE_OUTER_BOUND('',#3606,.T.);
#3678=FACE_SURFACE('',(#3642),#3570,.T.);
#3499=DIRECTION('',(0.7071072,0.7071064,0.));
#3535=AXIS2_PLACEMENT_3D('',#3460,#3499,$);
#3571=PLANE('',#3535);
#3607=POLY_LOOP('',(#3460,#3477,#3478));
#3643=FACE_OUTER_BOUND('',#3607,.T.);
#3679=FACE_SURFACE('',(#3643),#3571,.T.);
#3500=DIRECTION('',(0.7071072,0.7071064,0.));
#3536=AXIS2_PLACEMENT_3D('',#3460,#3500,$);
#3572=PLANE('',#3536);
#3608=POLY_LOOP('',(#3460,#3459,#3477));
#3644=FACE_OUTER_BOUND('',#3608,.T.);
#3680=FACE_SURFACE('',(#3644),#3572,.T.);
#3501=DIRECTION('',(0.5735765,0.819152,0.));
#3537=AXIS2_PLACEMENT_3D('',#3461,#3501,$);
#3573=PLANE('',#3537);
#3609=POLY_LOOP('',(#3461,#3478,#3479));
#3645=FACE_OUTER_BOUND('',#3609,.T.);
#3681=FACE_SURFACE('',(#3645),#3573,.T.);
#3502=DIRECTION('',(0.5735765,0.819152,0.));
#3538=AXIS2_PLACEMENT_3D('',#3461,#3502,$);
#3574=PLANE('',#3538);
#3610=POLY_LOOP('',(#3461,#3460,#3478));
#3646=FACE_OUTER_BOUND('',#3610,.T.);
#3682=FACE_SURFACE('',(#3646),#3574,.T.);
#3503=DIRECTION('',(0.4226175,0.9063081,0.));
#3539=AXIS2_PLACEMENT_3D('',#3462,#3503,$);
#3575=PLANE('',#3539);
#3611=POLY_LOOP('',(#3462,#3479,#3480));
#3647=FACE_OUTER_BOUND('',#3611,.T.);
#3683=FACE_SURFACE('',(#3647),#3575,.T.);
#3504=DIRECTION('',(0.4226175,0.9063081,0.));
#3540=AXIS2_PLACEMENT_3D('',#3462,#3504,$);
#3576=PLANE('',#3540);
#3612=POLY_LOOP('',(#3462,#3461,#3479));
#3648=FACE_OUTER_BOUND('',#3612,.T.);
#3684=FACE_SURFACE('',(#3648),#3576,.T.);
#3505=DIRECTION('',(0.25882,0.9659256,0.));
#3541=AXIS2_PLACEMENT_3D('',#3463,#3505,$);
#3577=PLANE('',#3541);
#3613=POLY_LOOP('',(#3463,#3480,#3481));
#3649=FACE_OUTER_BOUND('',#3613,.T.);
#3685=FACE_SURFACE('',(#3649),#3577,.T.);
#3506=DIRECTION('',(0.25882,0.9659256,0.));
#3542=AXIS2_PLACEMENT_3D('',#3463,#3506,$);
#3578=PLANE('',#3542);
#3614=POLY_LOOP('',(#3463,#3462,#3480));
#3650=FACE_OUTER_BOUND('',#3614,.T.);
#3686=FACE_SURFACE('',(#3650),#3578,.T.);
#3507=DIRECTION('',(0.08715541,0.9961947,0.));
#3543=AXIS2_PLACEMENT_3D('',#3464,#3507,$);
#3579=PLANE('',#3543);
#3615=POLY_LOOP('',(#3464,#3481,#3482));
#3651=FACE_OUTER_BOUND('',#3615,.T.);
#3687=FACE_SURFACE('',(#3651),#3579,.T.);
#3508=DIRECTION('',(0.08715541,0.9961947,0.));
#3544=AXIS2_PLACEMENT_3D('',#3464,#3508,$);
#3580=PLANE('',#3544);
#3616=POLY_LOOP('',(#3464,#3463,#3481));
#3652=FACE_OUTER_BOUND('',#3616,.T.);
#3688=FACE_SURFACE('',(#3652),#3580,.T.);
#3509=DIRECTION('',(-0.08715549,0.9961947,0.));
#3545=AXIS2_PLACEMENT_3D('',#3465,#3509,$);
#3581=PLANE('',#3545);
#3617=POLY_LOOP('',(#3465,#3482,#3483));
#3653=FACE_OUTER_BOUND('',#3617,.T.);
#3689=FACE_SURFACE('',(#3653),#3581,.T.);
#3510=DIRECTION('',(-0.08715549,0.9961947,0.));
#3546=AXIS2_PLACEMENT_3D('',#3465,#3510,$);
#3582=PLANE('',#3546);
#3618=POLY_LOOP('',(#3465,#3464,#3482));
#3654=FACE_OUTER_BOUND('',#3618,.T.);
#3690=FACE_SURFACE('',(#3654),#3582,.T.);
#3511=DIRECTION('',(-0.25882,0.9659256,0.));
#3547=AXIS2_PLACEMENT_3D('',#3466,#3511,$);
#3583=PLANE('',#3547);
#3619=POLY_LOOP('',(#3466,#3483,#3484));
#3655=FACE_OUTER_BOUND('',#3619,.T.);
#3691=FACE_SURFACE('',(#3655),#3583,.T.);
#3512=DIRECTION('',(-0.25882,0.9659256,0.));
#3548=AXIS2_PLACEMENT_3D('',#3466,#3512,$);
#3584=PLANE('',#3548);
#3620=POLY_LOOP('',(#3466,#3465,#3483));
#3656=FACE_OUTER_BOUND('',#3620,.T.);
#3692=FACE_SURFACE('',(#3656),#3584,.T.);
#3513=DIRECTION('',(-0.4226175,0.9063081,0.));
#3549=AXIS2_PLACEMENT_3D('',#3467,#3513,$);
#3585=PLANE('',#3549);
#3621=POLY_LOOP('',(#3467,#3484,#3485));
#3657=FACE_OUTER_BOUND('',#3621,.T.);
#3693=FACE_SURFACE('',(#3657),#3585,.T.);
#3514=DIRECTION('',(-0.4226175,0.9063081,0.));
#3550=AXIS2_PLACEMENT_3D('',#3467,#3514,$);
#3586=PLANE('',#3550);
#3622=POLY_LOOP('',(#3467,#3466,#3484));
#3658=FACE_OUTER_BOUND('',#3622,.T.);
#3694=FACE_SURFACE('',(#3658),#3586,.T.);
#3515=DIRECTION('',(-0.5735763,0.8191522,0.));
#3551=AXIS2_PLACEMENT_3D('',#3468,#3515,$);
#3587=PLANE('',#3551);
#3623=POLY_LOOP('',(#3468,#3485,#3486));
#3659=FACE_OUTER_BOUND('',#3623,.T.);
#3695=FACE_SURFACE('',(#3659),#3587,.T.);
#3516=DIRECTION('',(-0.5735763,0.8191522,0.));
#3552=AXIS2_PLACEMENT_3D('',#3468,#3516,$);
#3588=PLANE('',#3552);
#3624=POLY_LOOP('',(#3468,#3467,#3485));
#3660=FACE_OUTER_BOUND('',#3624,.T.);
#3696=FACE_SURFACE('',(#3660),#3588,.T.);
#3517=DIRECTION('',(-0.7071074,0.7071062,0.));
#3553=AXIS2_PLACEMENT_3D('',#3469,#3517,$);
#3589=PLANE('',#3553);
#3625=POLY_LOOP('',(#3469,#3486,#3487));
#3661=FACE_OUTER_BOUND('',#3625,.T.);
#3697=FACE_SURFACE('',(#3661),#3589,.T.);
#3518=DIRECTION('',(-0.7071074,0.7071062,0.));
#3554=AXIS2_PLACEMENT_3D('',#3469,#3518,$);
#3590=PLANE('',#3554);
#3626=POLY_LOOP('',(#3469,#3468,#3486));
#3662=FACE_OUTER_BOUND('',#3626,.T.);
#3698=FACE_SURFACE('',(#3662),#3590,.T.);
#3519=DIRECTION('',(-0.8191523,0.5735761,0.));
#3555=AXIS2_PLACEMENT_3D('',#3470,#3519,$);
#3591=PLANE('',#3555);
#3627=POLY_LOOP('',(#3470,#3487,#3488));
#3663=FACE_OUTER_BOUND('',#3627,.T.);
#3699=FACE_SURFACE('',(#3663),#3591,.T.);
#3520=DIRECTION('',(-0.8191523,0.5735761,0.));
#3556=AXIS2_PLACEMENT_3D('',#3470,#3520,$);
#3592=PLANE('',#3556);
#3628=POLY_LOOP('',(#3470,#3469,#3487));
#3664=FACE_OUTER_BOUND('',#3628,.T.);
#3700=FACE_SURFACE('',(#3664),#3592,.T.);
#3521=DIRECTION('',(-0.9063077,0.4226185,0.));
#3557=AXIS2_PLACEMENT_3D('',#3471,#3521,$);
#3593=PLANE('',#3557);
#3629=POLY_LOOP('',(#3471,#3470,#3488));
#3665=FACE_OUTER_BOUND('',#3629,.T.);
#3701=FACE_SURFACE('',(#3665),#3593,.T.);
#3522=DIRECTION('',(-0.9063077,0.4226185,0.));
#3558=AXIS2_PLACEMENT_3D('',#3471,#3522,$);
#3594=PLANE('',#3558);
#3630=POLY_LOOP('',(#3471,#3488,#3489));
#3666=FACE_OUTER_BOUND('',#3630,.T.);
#3702=FACE_SURFACE('',(#3666),#3594,.T.);
#3523=DIRECTION('',(-0.9659258,0.258819,0.));
#3559=AXIS2_PLACEMENT_3D('',#3472,#3523,$);
#3595=PLANE('',#3559);
#3631=POLY_LOOP('',(#3472,#3471,#3489));
#3667=FACE_OUTER_BOUND('',#3631,.T.);
#3703=FACE_SURFACE('',(#3667),#3595,.T.);
#3524=DIRECTION('',(-0.9659258,0.258819,0.));
#3560=AXIS2_PLACEMENT_3D('',#3472,#3524,$);
#3596=PLANE('',#3560);
#3632=POLY_LOOP('',(#3472,#3489,#3490));
#3668=FACE_OUTER_BOUND('',#3632,.T.);
#3704=FACE_SURFACE('',(#3668),#3596,.T.);
#3525=DIRECTION('',(-0.9961947,0.08715556,0.));
#3561=AXIS2_PLACEMENT_3D('',#3454,#3525,$);
#3597=PLANE('',#3561);
#3633=POLY_LOOP('',(#3454,#3472,#3490));
#3669=FACE_OUTER_BOUND('',#3633,.T.);
#3705=FACE_SURFACE('',(#3669),#3597,.T.);
#3526=DIRECTION('',(-0.9961947,0.08715556,0.));
#3562=AXIS2_PLACEMENT_3D('',#3454,#3526,$);
#3598=PLANE('',#3562);
#3634=POLY_LOOP('',(#3454,#3490,#3453));
#3670=FACE_OUTER_BOUND('',#3634,.T.);
#3706=FACE_SURFACE('',(#3670),#3598,.T.);
#3707=CLOSED_SHELL('',(#3671,#3672,#3673,#3674,#3675,#3676,#3677,#3678,#3679,#3680,#3681,#3682,#3683,#3684,#3685,#3686,#3687,#3688,#3689,#3690,#3691,#3692,#3693,#3694,#3695,#3696,#3697,#3698,#3699,#3700,#3701,#3702,#3703,#3704,#3705,#3706));
#3708=FACETED_BREP('',#3707);
#3709=CARTESIAN_POINT('',(0.000275,-0.00055,0.));
#3710=CARTESIAN_POINT('',(0.000275,-0.00055,0.0001));
#3711=CARTESIAN_POINT('',(0.000275,-0.00125,0.0001));
#3712=CARTESIAN_POINT('',(0.000275,-0.00125,0.));
#3713=DIRECTION('',(1.,0.,0.));
#3715=AXIS2_PLACEMENT_3D('',#3710,#3713,$);
#3717=PLANE('',#3715);
#3719=POLY_LOOP('',(#3710,#3711,#3712));
#3721=FACE_OUTER_BOUND('',#3719,.T.);
#3723=FACE_SURFACE('',(#3721),#3717,.T.);
#3714=DIRECTION('',(1.,0.,0.));
#3716=AXIS2_PLACEMENT_3D('',#3710,#3714,$);
#3718=PLANE('',#3716);
#3720=POLY_LOOP('',(#3710,#3712,#3709));
#3722=FACE_OUTER_BOUND('',#3720,.T.);
#3724=FACE_SURFACE('',(#3722),#3718,.T.);
#3725=CLOSED_SHELL('',(#3723,#3724));
#3726=FACETED_BREP('',#3725);
#3727=CARTESIAN_POINT('',(0.000275,-0.00125,0.));
#3728=CARTESIAN_POINT('',(0.000275,-0.00125,0.0001));
#3729=CARTESIAN_POINT('',(0.000075,-0.00125,0.0001));
#3730=CARTESIAN_POINT('',(0.000075,-0.00125,0.));
#3731=DIRECTION('',(0.,-1.,0.));
#3733=AXIS2_PLACEMENT_3D('',#3728,#3731,$);
#3735=PLANE('',#3733);
#3737=POLY_LOOP('',(#3728,#3729,#3730));
#3739=FACE_OUTER_BOUND('',#3737,.T.);
#3741=FACE_SURFACE('',(#3739),#3735,.T.);
#3732=DIRECTION('',(0.,-1.,0.));
#3734=AXIS2_PLACEMENT_3D('',#3728,#3732,$);
#3736=PLANE('',#3734);
#3738=POLY_LOOP('',(#3728,#3730,#3727));
#3740=FACE_OUTER_BOUND('',#3738,.T.);
#3742=FACE_SURFACE('',(#3740),#3736,.T.);
#3743=CLOSED_SHELL('',(#3741,#3742));
#3744=FACETED_BREP('',#3743);
#3745=CARTESIAN_POINT('',(0.000075,-0.00125,0.));
#3746=CARTESIAN_POINT('',(0.000075,-0.00125,0.0001));
#3747=CARTESIAN_POINT('',(0.000075,-0.00055,0.0001));
#3748=CARTESIAN_POINT('',(0.000075,-0.00055,0.));
#3749=DIRECTION('',(-1.,0.,0.));
#3751=AXIS2_PLACEMENT_3D('',#3746,#3749,$);
#3753=PLANE('',#3751);
#3755=POLY_LOOP('',(#3746,#3747,#3748));
#3757=FACE_OUTER_BOUND('',#3755,.T.);
#3759=FACE_SURFACE('',(#3757),#3753,.T.);
#3750=DIRECTION('',(-1.,0.,0.));
#3752=AXIS2_PLACEMENT_3D('',#3746,#3750,$);
#3754=PLANE('',#3752);
#3756=POLY_LOOP('',(#3746,#3748,#3745));
#3758=FACE_OUTER_BOUND('',#3756,.T.);
#3760=FACE_SURFACE('',(#3758),#3754,.T.);
#3761=CLOSED_SHELL('',(#3759,#3760));
#3762=FACETED_BREP('',#3761);
#3763=CARTESIAN_POINT('',(0.000075,-0.00055,0.0001));
#3764=CARTESIAN_POINT('',(0.000075,-0.00125,0.0001));
#3765=CARTESIAN_POINT('',(0.000275,-0.00125,0.0001));
#3766=CARTESIAN_POINT('',(0.000275,-0.00055,0.0001));
#3767=CARTESIAN_POINT('',(0.0002734808,-0.0005326352,0.0001));
#3768=CARTESIAN_POINT('',(0.0002689692,-0.000515798,0.0001));
#3769=CARTESIAN_POINT('',(0.0002616025,-0.0005,0.0001));
#3770=CARTESIAN_POINT('',(0.0002516044,-0.0004857212,0.0001));
#3771=CARTESIAN_POINT('',(0.0002392788,-0.0004733955,0.0001));
#3772=CARTESIAN_POINT('',(0.000225,-0.0004633974,0.0001));
#3773=CARTESIAN_POINT('',(0.000209202,-0.0004560307,0.0001));
#3774=CARTESIAN_POINT('',(0.0001923648,-0.0004515192,0.0001));
#3775=CARTESIAN_POINT('',(0.000175,-0.00045,0.0001));
#3776=CARTESIAN_POINT('',(0.0001576352,-0.0004515192,0.0001));
#3777=CARTESIAN_POINT('',(0.000140798,-0.0004560307,0.0001));
#3778=CARTESIAN_POINT('',(0.000125,-0.0004633974,0.0001));
#3779=CARTESIAN_POINT('',(0.0001107212,-0.0004733955,0.0001));
#3780=CARTESIAN_POINT('',(0.00009839555,-0.0004857212,0.0001));
#3781=CARTESIAN_POINT('',(0.00008839746,-0.0005,0.0001));
#3782=CARTESIAN_POINT('',(0.00008103074,-0.000515798,0.0001));
#3783=CARTESIAN_POINT('',(0.00007651922,-0.0005326352,0.0001));
#3784=DIRECTION('',(0.,0.,1.));
#3803=AXIS2_PLACEMENT_3D('',#3763,#3784,$);
#3822=PLANE('',#3803);
#3841=POLY_LOOP('',(#3763,#3764,#3765));
#3860=FACE_OUTER_BOUND('',#3841,.T.);
#3879=FACE_SURFACE('',(#3860),#3822,.T.);
#3785=DIRECTION('',(0.,0.,1.));
#3804=AXIS2_PLACEMENT_3D('',#3780,#3785,$);
#3823=PLANE('',#3804);
#3842=POLY_LOOP('',(#3780,#3781,#3782));
#3861=FACE_OUTER_BOUND('',#3842,.T.);
#3880=FACE_SURFACE('',(#3861),#3823,.T.);
#3786=DIRECTION('',(0.,0.,1.));
#3805=AXIS2_PLACEMENT_3D('',#3779,#3786,$);
#3824=PLANE('',#3805);
#3843=POLY_LOOP('',(#3779,#3782,#3783));
#3862=FACE_OUTER_BOUND('',#3843,.T.);
#3881=FACE_SURFACE('',(#3862),#3824,.T.);
#3787=DIRECTION('',(0.,0.,1.));
#3806=AXIS2_PLACEMENT_3D('',#3779,#3787,$);
#3825=PLANE('',#3806);
#3844=POLY_LOOP('',(#3779,#3783,#3763));
#3863=FACE_OUTER_BOUND('',#3844,.T.);
#3882=FACE_SURFACE('',(#3863),#3825,.T.);
#3788=DIRECTION('',(0.,0.,1.));
#3807=AXIS2_PLACEMENT_3D('',#3779,#3788,$);
#3826=PLANE('',#3807);
#3845=POLY_LOOP('',(#3779,#3780,#3782));
#3864=FACE_OUTER_BOUND('',#3845,.T.);
#3883=FACE_SURFACE('',(#3864),#3826,.T.);
#3789=DIRECTION('',(0.,0.,1.));
#3808=AXIS2_PLACEMENT_3D('',#3778,#3789,$);
#3827=PLANE('',#3808);
#3846=POLY_LOOP('',(#3778,#3779,#3763));
#3865=FACE_OUTER_BOUND('',#3846,.T.);
#3884=FACE_SURFACE('',(#3865),#3827,.T.);
#3790=DIRECTION('',(0.,0.,1.));
#3809=AXIS2_PLACEMENT_3D('',#3766,#3790,$);
#3828=PLANE('',#3809);
#3847=POLY_LOOP('',(#3766,#3763,#3765));
#3866=FACE_OUTER_BOUND('',#3847,.T.);
#3885=FACE_SURFACE('',(#3866),#3828,.T.);
#3791=DIRECTION('',(0.,0.,1.));
#3810=AXIS2_PLACEMENT_3D('',#3773,#3791,$);
#3829=PLANE('',#3810);
#3848=POLY_LOOP('',(#3773,#3774,#3775));
#3867=FACE_OUTER_BOUND('',#3848,.T.);
#3886=FACE_SURFACE('',(#3867),#3829,.T.);
#3792=DIRECTION('',(0.,0.,1.));
#3811=AXIS2_PLACEMENT_3D('',#3770,#3792,$);
#3830=PLANE('',#3811);
#3849=POLY_LOOP('',(#3770,#3767,#3768));
#3868=FACE_OUTER_BOUND('',#3849,.T.);
#3887=FACE_SURFACE('',(#3868),#3830,.T.);
#3793=DIRECTION('',(0.,0.,1.));
#3812=AXIS2_PLACEMENT_3D('',#3770,#3793,$);
#3831=PLANE('',#3812);
#3850=POLY_LOOP('',(#3770,#3768,#3769));
#3869=FACE_OUTER_BOUND('',#3850,.T.);
#3888=FACE_SURFACE('',(#3869),#3831,.T.);
#3794=DIRECTION('',(0.,0.,1.));
#3813=AXIS2_PLACEMENT_3D('',#3771,#3794,$);
#3832=PLANE('',#3813);
#3851=POLY_LOOP('',(#3771,#3766,#3767));
#3870=FACE_OUTER_BOUND('',#3851,.T.);
#3889=FACE_SURFACE('',(#3870),#3832,.T.);
#3795=DIRECTION('',(0.,0.,1.));
#3814=AXIS2_PLACEMENT_3D('',#3771,#3795,$);
#3833=PLANE('',#3814);
#3852=POLY_LOOP('',(#3771,#3772,#3773));
#3871=FACE_OUTER_BOUND('',#3852,.T.);
#3890=FACE_SURFACE('',(#3871),#3833,.T.);
#3796=DIRECTION('',(0.,0.,1.));
#3815=AXIS2_PLACEMENT_3D('',#3771,#3796,$);
#3834=PLANE('',#3815);
#3853=POLY_LOOP('',(#3771,#3775,#3776));
#3872=FACE_OUTER_BOUND('',#3853,.T.);
#3891=FACE_SURFACE('',(#3872),#3834,.T.);
#3797=DIRECTION('',(0.,0.,1.));
#3816=AXIS2_PLACEMENT_3D('',#3771,#3797,$);
#3835=PLANE('',#3816);
#3854=POLY_LOOP('',(#3771,#3776,#3777));
#3873=FACE_OUTER_BOUND('',#3854,.T.);
#3892=FACE_SURFACE('',(#3873),#3835,.T.);
#3798=DIRECTION('',(0.,0.,1.));
#3817=AXIS2_PLACEMENT_3D('',#3771,#3798,$);
#3836=PLANE('',#3817);
#3855=POLY_LOOP('',(#3771,#3777,#3778));
#3874=FACE_OUTER_BOUND('',#3855,.T.);
#3893=FACE_SURFACE('',(#3874),#3836,.T.);
#3799=DIRECTION('',(0.,0.,1.));
#3818=AXIS2_PLACEMENT_3D('',#3771,#3799,$);
#3837=PLANE('',#3818);
#3856=POLY_LOOP('',(#3771,#3778,#3763));
#3875=FACE_OUTER_BOUND('',#3856,.T.);
#3894=FACE_SURFACE('',(#3875),#3837,.T.);
#3800=DIRECTION('',(0.,0.,1.));
#3819=AXIS2_PLACEMENT_3D('',#3771,#3800,$);
#3838=PLANE('',#3819);
#3857=POLY_LOOP('',(#3771,#3763,#3766));
#3876=FACE_OUTER_BOUND('',#3857,.T.);
#3895=FACE_SURFACE('',(#3876),#3838,.T.);
#3801=DIRECTION('',(0.,0.,1.));
#3820=AXIS2_PLACEMENT_3D('',#3771,#3801,$);
#3839=PLANE('',#3820);
#3858=POLY_LOOP('',(#3771,#3773,#3775));
#3877=FACE_OUTER_BOUND('',#3858,.T.);
#3896=FACE_SURFACE('',(#3877),#3839,.T.);
#3802=DIRECTION('',(0.,0.,1.));
#3821=AXIS2_PLACEMENT_3D('',#3771,#3802,$);
#3840=PLANE('',#3821);
#3859=POLY_LOOP('',(#3771,#3767,#3770));
#3878=FACE_OUTER_BOUND('',#3859,.T.);
#3897=FACE_SURFACE('',(#3878),#3840,.T.);
#3898=CLOSED_SHELL('',(#3879,#3880,#3881,#3882,#3883,#3884,#3885,#3886,#3887,#3888,#3889,#3890,#3891,#3892,#3893,#3894,#3895,#3896,#3897));
#3899=FACETED_BREP('',#3898);
#3900=CARTESIAN_POINT('',(0.000675,-0.00055,0.));
#3901=CARTESIAN_POINT('',(0.0006734808,-0.0005326352,0.));
#3902=CARTESIAN_POINT('',(0.0006689692,-0.000515798,0.));
#3903=CARTESIAN_POINT('',(0.0006616025,-0.0005,0.));
#3904=CARTESIAN_POINT('',(0.0006516044,-0.0004857212,0.));
#3905=CARTESIAN_POINT('',(0.0006392787,-0.0004733955,0.));
#3906=CARTESIAN_POINT('',(0.000625,-0.0004633974,0.));
#3907=CARTESIAN_POINT('',(0.000609202,-0.0004560307,0.));
#3908=CARTESIAN_POINT('',(0.0005923648,-0.0004515192,0.));
#3909=CARTESIAN_POINT('',(0.000575,-0.00045,0.));
#3910=CARTESIAN_POINT('',(0.0005576352,-0.0004515192,0.));
#3911=CARTESIAN_POINT('',(0.000540798,-0.0004560307,0.));
#3912=CARTESIAN_POINT('',(0.000525,-0.0004633974,0.));
#3913=CARTESIAN_POINT('',(0.0005107212,-0.0004733955,0.));
#3914=CARTESIAN_POINT('',(0.0004983955,-0.0004857212,0.));
#3915=CARTESIAN_POINT('',(0.0004883974,-0.0005,0.));
#3916=CARTESIAN_POINT('',(0.0004810307,-0.000515798,0.));
#3917=CARTESIAN_POINT('',(0.0004765192,-0.0005326352,0.));
#3918=CARTESIAN_POINT('',(0.000475,-0.00055,0.));
#3919=CARTESIAN_POINT('',(0.000475,-0.00125,0.));
#3920=CARTESIAN_POINT('',(0.000675,-0.00125,0.));
#3921=DIRECTION('',(0.,0.,-1.));
#3940=AXIS2_PLACEMENT_3D('',#3913,#3921,$);
#3959=PLANE('',#3940);
#3978=POLY_LOOP('',(#3913,#3915,#3914));
#3997=FACE_OUTER_BOUND('',#3978,.T.);
#4016=FACE_SURFACE('',(#3997),#3959,.T.);
#3922=DIRECTION('',(0.,0.,-1.));
#3941=AXIS2_PLACEMENT_3D('',#3913,#3922,$);
#3960=PLANE('',#3941);
#3979=POLY_LOOP('',(#3913,#3916,#3915));
#3998=FACE_OUTER_BOUND('',#3979,.T.);
#4017=FACE_SURFACE('',(#3998),#3960,.T.);
#3923=DIRECTION('',(0.,0.,-1.));
#3942=AXIS2_PLACEMENT_3D('',#3913,#3923,$);
#3961=PLANE('',#3942);
#3980=POLY_LOOP('',(#3913,#3917,#3916));
#3999=FACE_OUTER_BOUND('',#3980,.T.);
#4018=FACE_SURFACE('',(#3999),#3961,.T.);
#3924=DIRECTION('',(0.,0.,-1.));
#3943=AXIS2_PLACEMENT_3D('',#3910,#3924,$);
#3962=PLANE('',#3943);
#3981=POLY_LOOP('',(#3910,#3912,#3911));
#4000=FACE_OUTER_BOUND('',#3981,.T.);
#4019=FACE_SURFACE('',(#4000),#3962,.T.);
#3925=DIRECTION('',(0.,0.,-1.));
#3944=AXIS2_PLACEMENT_3D('',#3910,#3925,$);
#3963=PLANE('',#3944);
#3982=POLY_LOOP('',(#3910,#3913,#3912));
#4001=FACE_OUTER_BOUND('',#3982,.T.);
#4020=FACE_SURFACE('',(#4001),#3963,.T.);
#3926=DIRECTION('',(0.,0.,-1.));
#3945=AXIS2_PLACEMENT_3D('',#3910,#3926,$);
#3964=PLANE('',#3945);
#3983=POLY_LOOP('',(#3910,#3917,#3913));
#4002=FACE_OUTER_BOUND('',#3983,.T.);
#4021=FACE_SURFACE('',(#4002),#3964,.T.);
#3927=DIRECTION('',(0.,0.,-1.));
#3946=AXIS2_PLACEMENT_3D('',#3900,#3927,$);
#3965=PLANE('',#3946);
#3984=POLY_LOOP('',(#3900,#3919,#3918));
#4003=FACE_OUTER_BOUND('',#3984,.T.);
#4022=FACE_SURFACE('',(#4003),#3965,.T.);
#3928=DIRECTION('',(0.,0.,-1.));
#3947=AXIS2_PLACEMENT_3D('',#3900,#3928,$);
#3966=PLANE('',#3947);
#3985=POLY_LOOP('',(#3900,#3920,#3919));
#4004=FACE_OUTER_BOUND('',#3985,.T.);
#4023=FACE_SURFACE('',(#4004),#3966,.T.);
#3929=DIRECTION('',(0.,0.,-1.));
#3948=AXIS2_PLACEMENT_3D('',#3901,#3929,$);
#3967=PLANE('',#3948);
#3986=POLY_LOOP('',(#3901,#3918,#3917));
#4005=FACE_OUTER_BOUND('',#3986,.T.);
#4024=FACE_SURFACE('',(#4005),#3967,.T.);
#3930=DIRECTION('',(0.,0.,-1.));
#3949=AXIS2_PLACEMENT_3D('',#3901,#3930,$);
#3968=PLANE('',#3949);
#3987=POLY_LOOP('',(#3901,#3900,#3918));
#4006=FACE_OUTER_BOUND('',#3987,.T.);
#4025=FACE_SURFACE('',(#4006),#3968,.T.);
#3931=DIRECTION('',(0.,0.,-1.));
#3950=AXIS2_PLACEMENT_3D('',#3907,#3931,$);
#3969=PLANE('',#3950);
#3988=POLY_LOOP('',(#3907,#3909,#3908));
#4007=FACE_OUTER_BOUND('',#3988,.T.);
#4026=FACE_SURFACE('',(#4007),#3969,.T.);
#3932=DIRECTION('',(0.,0.,-1.));
#3951=AXIS2_PLACEMENT_3D('',#3905,#3932,$);
#3970=PLANE('',#3951);
#3989=POLY_LOOP('',(#3905,#3902,#3901));
#4008=FACE_OUTER_BOUND('',#3989,.T.);
#4027=FACE_SURFACE('',(#4008),#3970,.T.);
#3933=DIRECTION('',(0.,0.,-1.));
#3952=AXIS2_PLACEMENT_3D('',#3905,#3933,$);
#3971=PLANE('',#3952);
#3990=POLY_LOOP('',(#3905,#3903,#3902));
#4009=FACE_OUTER_BOUND('',#3990,.T.);
#4028=FACE_SURFACE('',(#4009),#3971,.T.);
#3934=DIRECTION('',(0.,0.,-1.));
#3953=AXIS2_PLACEMENT_3D('',#3905,#3934,$);
#3972=PLANE('',#3953);
#3991=POLY_LOOP('',(#3905,#3904,#3903));
#4010=FACE_OUTER_BOUND('',#3991,.T.);
#4029=FACE_SURFACE('',(#4010),#3972,.T.);
#3935=DIRECTION('',(0.,0.,-1.));
#3954=AXIS2_PLACEMENT_3D('',#3905,#3935,$);
#3973=PLANE('',#3954);
#3992=POLY_LOOP('',(#3905,#3907,#3906));
#4011=FACE_OUTER_BOUND('',#3992,.T.);
#4030=FACE_SURFACE('',(#4011),#3973,.T.);
#3936=DIRECTION('',(0.,0.,-1.));
#3955=AXIS2_PLACEMENT_3D('',#3905,#3936,$);
#3974=PLANE('',#3955);
#3993=POLY_LOOP('',(#3905,#3910,#3909));
#4012=FACE_OUTER_BOUND('',#3993,.T.);
#4031=FACE_SURFACE('',(#4012),#3974,.T.);
#3937=DIRECTION('',(0.,0.,-1.));
#3956=AXIS2_PLACEMENT_3D('',#3905,#3937,$);
#3975=PLANE('',#3956);
#3994=POLY_LOOP('',(#3905,#3917,#3910));
#4013=FACE_OUTER_BOUND('',#3994,.T.);
#4032=FACE_SURFACE('',(#4013),#3975,.T.);
#3938=DIRECTION('',(0.,0.,-1.));
#3957=AXIS2_PLACEMENT_3D('',#3905,#3938,$);
#3976=PLANE('',#3957);
#3995=POLY_LOOP('',(#3905,#3909,#3907));
#4014=FACE_OUTER_BOUND('',#3995,.T.);
#4033=FACE_SURFACE('',(#4014),#3976,.T.);
#3939=DIRECTION('',(0.,0.,-1.));
#3958=AXIS2_PLACEMENT_3D('',#3905,#3939,$);
#3977=PLANE('',#3958);
#3996=POLY_LOOP('',(#3905,#3901,#3917));
#4015=FACE_OUTER_BOUND('',#3996,.T.);
#4034=FACE_SURFACE('',(#4015),#3977,.T.);
#4035=CLOSED_SHELL('',(#4016,#4017,#4018,#4019,#4020,#4021,#4022,#4023,#4024,#4025,#4026,#4027,#4028,#4029,#4030,#4031,#4032,#4033,#4034));
#4036=FACETED_BREP('',#4035);
#4037=CARTESIAN_POINT('',(0.000475,-0.00055,0.));
#4038=CARTESIAN_POINT('',(0.000475,-0.00055,0.0001));
#4039=CARTESIAN_POINT('',(0.000675,-0.00055,0.0001));
#4040=CARTESIAN_POINT('',(0.0006734808,-0.0005326352,0.0001));
#4041=CARTESIAN_POINT('',(0.0006689692,-0.000515798,0.0001));
#4042=CARTESIAN_POINT('',(0.0006616025,-0.0005,0.0001));
#4043=CARTESIAN_POINT('',(0.0006516044,-0.0004857212,0.0001));
#4044=CARTESIAN_POINT('',(0.0006392787,-0.0004733955,0.0001));
#4045=CARTESIAN_POINT('',(0.000625,-0.0004633974,0.0001));
#4046=CARTESIAN_POINT('',(0.000609202,-0.0004560307,0.0001));
#4047=CARTESIAN_POINT('',(0.0005923648,-0.0004515192,0.0001));
#4048=CARTESIAN_POINT('',(0.000575,-0.00045,0.0001));
#4049=CARTESIAN_POINT('',(0.0005576352,-0.0004515192,0.0001));
#4050=CARTESIAN_POINT('',(0.000540798,-0.0004560307,0.0001));
#4051=CARTESIAN_POINT('',(0.000525,-0.0004633974,0.0001));
#4052=CARTESIAN_POINT('',(0.0005107212,-0.0004733955,0.0001));
#4053=CARTESIAN_POINT('',(0.0004983955,-0.0004857212,0.0001));
#4054=CARTESIAN_POINT('',(0.0004883974,-0.0005,0.0001));
#4055=CARTESIAN_POINT('',(0.0004810307,-0.000515798,0.0001));
#4056=CARTESIAN_POINT('',(0.0004765192,-0.0005326352,0.0001));
#4057=CARTESIAN_POINT('',(0.000675,-0.00055,0.));
#4058=CARTESIAN_POINT('',(0.0006734808,-0.0005326352,0.));
#4059=CARTESIAN_POINT('',(0.0006689692,-0.000515798,0.));
#4060=CARTESIAN_POINT('',(0.0006616025,-0.0005,0.));
#4061=CARTESIAN_POINT('',(0.0006516044,-0.0004857212,0.));
#4062=CARTESIAN_POINT('',(0.0006392787,-0.0004733955,0.));
#4063=CARTESIAN_POINT('',(0.000625,-0.0004633974,0.));
#4064=CARTESIAN_POINT('',(0.000609202,-0.0004560307,0.));
#4065=CARTESIAN_POINT('',(0.0005923648,-0.0004515192,0.));
#4066=CARTESIAN_POINT('',(0.000575,-0.00045,0.));
#4067=CARTESIAN_POINT('',(0.0005576352,-0.0004515192,0.));
#4068=CARTESIAN_POINT('',(0.000540798,-0.0004560307,0.));
#4069=CARTESIAN_POINT('',(0.000525,-0.0004633974,0.));
#4070=CARTESIAN_POINT('',(0.0005107212,-0.0004733955,0.));
#4071=CARTESIAN_POINT('',(0.0004983955,-0.0004857212,0.));
#4072=CARTESIAN_POINT('',(0.0004883974,-0.0005,0.));
#4073=CARTESIAN_POINT('',(0.0004810307,-0.000515798,0.));
#4074=CARTESIAN_POINT('',(0.0004765192,-0.0005326352,0.));
#4075=DIRECTION('',(0.9961947,0.08715556,0.));
#4111=AXIS2_PLACEMENT_3D('',#4040,#4075,$);
#4147=PLANE('',#4111);
#4183=POLY_LOOP('',(#4040,#4039,#4057));
#4219=FACE_OUTER_BOUND('',#4183,.T.);
#4255=FACE_SURFACE('',(#4219),#4147,.T.);
#4076=DIRECTION('',(0.9961947,0.08715556,0.));
#4112=AXIS2_PLACEMENT_3D('',#4040,#4076,$);
#4148=PLANE('',#4112);
#4184=POLY_LOOP('',(#4040,#4057,#4058));
#4220=FACE_OUTER_BOUND('',#4184,.T.);
#4256=FACE_SURFACE('',(#4220),#4148,.T.);
#4077=DIRECTION('',(0.9659252,0.2588214,0.));
#4113=AXIS2_PLACEMENT_3D('',#4041,#4077,$);
#4149=PLANE('',#4113);
#4185=POLY_LOOP('',(#4041,#4058,#4059));
#4221=FACE_OUTER_BOUND('',#4185,.T.);
#4257=FACE_SURFACE('',(#4221),#4149,.T.);
#4078=DIRECTION('',(0.9659252,0.2588214,0.));
#4114=AXIS2_PLACEMENT_3D('',#4041,#4078,$);
#4150=PLANE('',#4114);
#4186=POLY_LOOP('',(#4041,#4040,#4058));
#4222=FACE_OUTER_BOUND('',#4186,.T.);
#4258=FACE_SURFACE('',(#4222),#4150,.T.);
#4079=DIRECTION('',(0.906308,0.4226178,0.));
#4115=AXIS2_PLACEMENT_3D('',#4042,#4079,$);
#4151=PLANE('',#4115);
#4187=POLY_LOOP('',(#4042,#4059,#4060));
#4223=FACE_OUTER_BOUND('',#4187,.T.);
#4259=FACE_SURFACE('',(#4223),#4151,.T.);
#4080=DIRECTION('',(0.906308,0.4226178,0.));
#4116=AXIS2_PLACEMENT_3D('',#4042,#4080,$);
#4152=PLANE('',#4116);
#4188=POLY_LOOP('',(#4042,#4041,#4059));
#4224=FACE_OUTER_BOUND('',#4188,.T.);
#4260=FACE_SURFACE('',(#4224),#4152,.T.);
#4081=DIRECTION('',(0.8191523,0.5735761,0.));
#4117=AXIS2_PLACEMENT_3D('',#4043,#4081,$);
#4153=PLANE('',#4117);
#4189=POLY_LOOP('',(#4043,#4060,#4061));
#4225=FACE_OUTER_BOUND('',#4189,.T.);
#4261=FACE_SURFACE('',(#4225),#4153,.T.);
#4082=DIRECTION('',(0.8191523,0.5735761,0.));
#4118=AXIS2_PLACEMENT_3D('',#4043,#4082,$);
#4154=PLANE('',#4118);
#4190=POLY_LOOP('',(#4043,#4042,#4060));
#4226=FACE_OUTER_BOUND('',#4190,.T.);
#4262=FACE_SURFACE('',(#4226),#4154,.T.);
#4083=DIRECTION('',(0.7071068,0.7071068,0.));
#4119=AXIS2_PLACEMENT_3D('',#4044,#4083,$);
#4155=PLANE('',#4119);
#4191=POLY_LOOP('',(#4044,#4061,#4062));
#4227=FACE_OUTER_BOUND('',#4191,.T.);
#4263=FACE_SURFACE('',(#4227),#4155,.T.);
#4084=DIRECTION('',(0.7071068,0.7071068,0.));
#4120=AXIS2_PLACEMENT_3D('',#4044,#4084,$);
#4156=PLANE('',#4120);
#4192=POLY_LOOP('',(#4044,#4043,#4061));
#4228=FACE_OUTER_BOUND('',#4192,.T.);
#4264=FACE_SURFACE('',(#4228),#4156,.T.);
#4085=DIRECTION('',(0.5735769,0.8191517,0.));
#4121=AXIS2_PLACEMENT_3D('',#4045,#4085,$);
#4157=PLANE('',#4121);
#4193=POLY_LOOP('',(#4045,#4062,#4063));
#4229=FACE_OUTER_BOUND('',#4193,.T.);
#4265=FACE_SURFACE('',(#4229),#4157,.T.);
#4086=DIRECTION('',(0.5735769,0.8191517,0.));
#4122=AXIS2_PLACEMENT_3D('',#4045,#4086,$);
#4158=PLANE('',#4122);
#4194=POLY_LOOP('',(#4045,#4044,#4062));
#4230=FACE_OUTER_BOUND('',#4194,.T.);
#4266=FACE_SURFACE('',(#4230),#4158,.T.);
#4087=DIRECTION('',(0.4226178,0.906308,0.));
#4123=AXIS2_PLACEMENT_3D('',#4046,#4087,$);
#4159=PLANE('',#4123);
#4195=POLY_LOOP('',(#4046,#4063,#4064));
#4231=FACE_OUTER_BOUND('',#4195,.T.);
#4267=FACE_SURFACE('',(#4231),#4159,.T.);
#4088=DIRECTION('',(0.4226178,0.906308,0.));
#4124=AXIS2_PLACEMENT_3D('',#4046,#4088,$);
#4160=PLANE('',#4124);
#4196=POLY_LOOP('',(#4046,#4045,#4063));
#4232=FACE_OUTER_BOUND('',#4196,.T.);
#4268=FACE_SURFACE('',(#4232),#4160,.T.);
#4089=DIRECTION('',(0.2588198,0.9659256,0.));
#4125=AXIS2_PLACEMENT_3D('',#4047,#4089,$);
#4161=PLANE('',#4125);
#4197=POLY_LOOP('',(#4047,#4064,#4065));
#4233=FACE_OUTER_BOUND('',#4197,.T.);
#4269=FACE_SURFACE('',(#4233),#4161,.T.);
#4090=DIRECTION('',(0.2588198,0.9659256,0.));
#4126=AXIS2_PLACEMENT_3D('',#4047,#4090,$);
#4162=PLANE('',#4126);
#4198=POLY_LOOP('',(#4047,#4046,#4064));
#4234=FACE_OUTER_BOUND('',#4198,.T.);
#4270=FACE_SURFACE('',(#4234),#4162,.T.);
#4091=DIRECTION('',(0.08715556,0.9961947,0.));
#4127=AXIS2_PLACEMENT_3D('',#4048,#4091,$);
#4163=PLANE('',#4127);
#4199=POLY_LOOP('',(#4048,#4065,#4066));
#4235=FACE_OUTER_BOUND('',#4199,.T.);
#4271=FACE_SURFACE('',(#4235),#4163,.T.);
#4092=DIRECTION('',(0.08715556,0.9961947,0.));
#4128=AXIS2_PLACEMENT_3D('',#4048,#4092,$);
#4164=PLANE('',#4128);
#4200=POLY_LOOP('',(#4048,#4047,#4065));
#4236=FACE_OUTER_BOUND('',#4200,.T.);
#4272=FACE_SURFACE('',(#4236),#4164,.T.);
#4093=DIRECTION('',(-0.08715527,0.9961947,0.));
#4129=AXIS2_PLACEMENT_3D('',#4049,#4093,$);
#4165=PLANE('',#4129);
#4201=POLY_LOOP('',(#4049,#4066,#4067));
#4237=FACE_OUTER_BOUND('',#4201,.T.);
#4273=FACE_SURFACE('',(#4237),#4165,.T.);
#4094=DIRECTION('',(-0.08715527,0.9961947,0.));
#4130=AXIS2_PLACEMENT_3D('',#4049,#4094,$);
#4166=PLANE('',#4130);
#4202=POLY_LOOP('',(#4049,#4048,#4066));
#4238=FACE_OUTER_BOUND('',#4202,.T.);
#4274=FACE_SURFACE('',(#4238),#4166,.T.);
#4095=DIRECTION('',(-0.2588207,0.9659254,0.));
#4131=AXIS2_PLACEMENT_3D('',#4050,#4095,$);
#4167=PLANE('',#4131);
#4203=POLY_LOOP('',(#4050,#4067,#4068));
#4239=FACE_OUTER_BOUND('',#4203,.T.);
#4275=FACE_SURFACE('',(#4239),#4167,.T.);
#4096=DIRECTION('',(-0.2588207,0.9659254,0.));
#4132=AXIS2_PLACEMENT_3D('',#4050,#4096,$);
#4168=PLANE('',#4132);
#4204=POLY_LOOP('',(#4050,#4049,#4067));
#4240=FACE_OUTER_BOUND('',#4204,.T.);
#4276=FACE_SURFACE('',(#4240),#4168,.T.);
#4097=DIRECTION('',(-0.4226165,0.9063086,0.));
#4133=AXIS2_PLACEMENT_3D('',#4051,#4097,$);
#4169=PLANE('',#4133);
#4205=POLY_LOOP('',(#4051,#4068,#4069));
#4241=FACE_OUTER_BOUND('',#4205,.T.);
#4277=FACE_SURFACE('',(#4241),#4169,.T.);
#4098=DIRECTION('',(-0.4226165,0.9063086,0.));
#4134=AXIS2_PLACEMENT_3D('',#4051,#4098,$);
#4170=PLANE('',#4134);
#4206=POLY_LOOP('',(#4051,#4050,#4068));
#4242=FACE_OUTER_BOUND('',#4206,.T.);
#4278=FACE_SURFACE('',(#4242),#4170,.T.);
#4099=DIRECTION('',(-0.5735769,0.8191517,0.));
#4135=AXIS2_PLACEMENT_3D('',#4052,#4099,$);
#4171=PLANE('',#4135);
#4207=POLY_LOOP('',(#4052,#4069,#4070));
#4243=FACE_OUTER_BOUND('',#4207,.T.);
#4279=FACE_SURFACE('',(#4243),#4171,.T.);
#4100=DIRECTION('',(-0.5735769,0.8191517,0.));
#4136=AXIS2_PLACEMENT_3D('',#4052,#4100,$);
#4172=PLANE('',#4136);
#4208=POLY_LOOP('',(#4052,#4051,#4069));
#4244=FACE_OUTER_BOUND('',#4208,.T.);
#4280=FACE_SURFACE('',(#4244),#4172,.T.);
#4101=DIRECTION('',(-0.7071068,0.7071068,0.));
#4137=AXIS2_PLACEMENT_3D('',#4053,#4101,$);
#4173=PLANE('',#4137);
#4209=POLY_LOOP('',(#4053,#4070,#4071));
#4245=FACE_OUTER_BOUND('',#4209,.T.);
#4281=FACE_SURFACE('',(#4245),#4173,.T.);
#4102=DIRECTION('',(-0.7071068,0.7071068,0.));
#4138=AXIS2_PLACEMENT_3D('',#4053,#4102,$);
#4174=PLANE('',#4138);
#4210=POLY_LOOP('',(#4053,#4052,#4070));
#4246=FACE_OUTER_BOUND('',#4210,.T.);
#4282=FACE_SURFACE('',(#4246),#4174,.T.);
#4103=DIRECTION('',(-0.8191523,0.5735761,0.));
#4139=AXIS2_PLACEMENT_3D('',#4054,#4103,$);
#4175=PLANE('',#4139);
#4211=POLY_LOOP('',(#4054,#4071,#4072));
#4247=FACE_OUTER_BOUND('',#4211,.T.);
#4283=FACE_SURFACE('',(#4247),#4175,.T.);
#4104=DIRECTION('',(-0.8191523,0.5735761,0.));
#4140=AXIS2_PLACEMENT_3D('',#4054,#4104,$);
#4176=PLANE('',#4140);
#4212=POLY_LOOP('',(#4054,#4053,#4071));
#4248=FACE_OUTER_BOUND('',#4212,.T.);
#4284=FACE_SURFACE('',(#4248),#4176,.T.);
#4105=DIRECTION('',(-0.906308,0.4226178,0.));
#4141=AXIS2_PLACEMENT_3D('',#4055,#4105,$);
#4177=PLANE('',#4141);
#4213=POLY_LOOP('',(#4055,#4054,#4072));
#4249=FACE_OUTER_BOUND('',#4213,.T.);
#4285=FACE_SURFACE('',(#4249),#4177,.T.);
#4106=DIRECTION('',(-0.906308,0.4226178,0.));
#4142=AXIS2_PLACEMENT_3D('',#4055,#4106,$);
#4178=PLANE('',#4142);
#4214=POLY_LOOP('',(#4055,#4072,#4073));
#4250=FACE_OUTER_BOUND('',#4214,.T.);
#4286=FACE_SURFACE('',(#4250),#4178,.T.);
#4107=DIRECTION('',(-0.965926,0.2588183,0.));
#4143=AXIS2_PLACEMENT_3D('',#4056,#4107,$);
#4179=PLANE('',#4143);
#4215=POLY_LOOP('',(#4056,#4055,#4073));
#4251=FACE_OUTER_BOUND('',#4215,.T.);
#4287=FACE_SURFACE('',(#4251),#4179,.T.);
#4108=DIRECTION('',(-0.965926,0.2588183,0.));
#4144=AXIS2_PLACEMENT_3D('',#4056,#4108,$);
#4180=PLANE('',#4144);
#4216=POLY_LOOP('',(#4056,#4073,#4074));
#4252=FACE_OUTER_BOUND('',#4216,.T.);
#4288=FACE_SURFACE('',(#4252),#4180,.T.);
#4109=DIRECTION('',(-0.9961947,0.08715556,0.));
#4145=AXIS2_PLACEMENT_3D('',#4038,#4109,$);
#4181=PLANE('',#4145);
#4217=POLY_LOOP('',(#4038,#4056,#4074));
#4253=FACE_OUTER_BOUND('',#4217,.T.);
#4289=FACE_SURFACE('',(#4253),#4181,.T.);
#4110=DIRECTION('',(-0.9961947,0.08715556,0.));
#4146=AXIS2_PLACEMENT_3D('',#4038,#4110,$);
#4182=PLANE('',#4146);
#4218=POLY_LOOP('',(#4038,#4074,#4037));
#4254=FACE_OUTER_BOUND('',#4218,.T.);
#4290=FACE_SURFACE('',(#4254),#4182,.T.);
#4291=CLOSED_SHELL('',(#4255,#4256,#4257,#4258,#4259,#4260,#4261,#4262,#4263,#4264,#4265,#4266,#4267,#4268,#4269,#4270,#4271,#4272,#4273,#4274,#4275,#4276,#4277,#4278,#4279,#4280,#4281,#4282,#4283,#4284,#4285,#4286,#4287,#4288,#4289,#4290));
#4292=FACETED_BREP('',#4291);
#4293=CARTESIAN_POINT('',(0.000675,-0.00055,0.));
#4294=CARTESIAN_POINT('',(0.000675,-0.00055,0.0001));
#4295=CARTESIAN_POINT('',(0.000675,-0.00125,0.0001));
#4296=CARTESIAN_POINT('',(0.000675,-0.00125,0.));
#4297=DIRECTION('',(1.,0.,0.));
#4299=AXIS2_PLACEMENT_3D('',#4294,#4297,$);
#4301=PLANE('',#4299);
#4303=POLY_LOOP('',(#4294,#4295,#4296));
#4305=FACE_OUTER_BOUND('',#4303,.T.);
#4307=FACE_SURFACE('',(#4305),#4301,.T.);
#4298=DIRECTION('',(1.,0.,0.));
#4300=AXIS2_PLACEMENT_3D('',#4294,#4298,$);
#4302=PLANE('',#4300);
#4304=POLY_LOOP('',(#4294,#4296,#4293));
#4306=FACE_OUTER_BOUND('',#4304,.T.);
#4308=FACE_SURFACE('',(#4306),#4302,.T.);
#4309=CLOSED_SHELL('',(#4307,#4308));
#4310=FACETED_BREP('',#4309);
#4311=CARTESIAN_POINT('',(0.000675,-0.00125,0.));
#4312=CARTESIAN_POINT('',(0.000675,-0.00125,0.0001));
#4313=CARTESIAN_POINT('',(0.000475,-0.00125,0.0001));
#4314=CARTESIAN_POINT('',(0.000475,-0.00125,0.));
#4315=DIRECTION('',(0.,-1.,0.));
#4317=AXIS2_PLACEMENT_3D('',#4312,#4315,$);
#4319=PLANE('',#4317);
#4321=POLY_LOOP('',(#4312,#4313,#4314));
#4323=FACE_OUTER_BOUND('',#4321,.T.);
#4325=FACE_SURFACE('',(#4323),#4319,.T.);
#4316=DIRECTION('',(0.,-1.,0.));
#4318=AXIS2_PLACEMENT_3D('',#4312,#4316,$);
#4320=PLANE('',#4318);
#4322=POLY_LOOP('',(#4312,#4314,#4311));
#4324=FACE_OUTER_BOUND('',#4322,.T.);
#4326=FACE_SURFACE('',(#4324),#4320,.T.);
#4327=CLOSED_SHELL('',(#4325,#4326));
#4328=FACETED_BREP('',#4327);
#4329=CARTESIAN_POINT('',(0.000475,-0.00125,0.));
#4330=CARTESIAN_POINT('',(0.000475,-0.00125,0.0001));
#4331=CARTESIAN_POINT('',(0.000475,-0.00055,0.0001));
#4332=CARTESIAN_POINT('',(0.000475,-0.00055,0.));
#4333=DIRECTION('',(-1.,0.,0.));
#4335=AXIS2_PLACEMENT_3D('',#4330,#4333,$);
#4337=PLANE('',#4335);
#4339=POLY_LOOP('',(#4330,#4331,#4332));
#4341=FACE_OUTER_BOUND('',#4339,.T.);
#4343=FACE_SURFACE('',(#4341),#4337,.T.);
#4334=DIRECTION('',(-1.,0.,0.));
#4336=AXIS2_PLACEMENT_3D('',#4330,#4334,$);
#4338=PLANE('',#4336);
#4340=POLY_LOOP('',(#4330,#4332,#4329));
#4342=FACE_OUTER_BOUND('',#4340,.T.);
#4344=FACE_SURFACE('',(#4342),#4338,.T.);
#4345=CLOSED_SHELL('',(#4343,#4344));
#4346=FACETED_BREP('',#4345);
#4347=CARTESIAN_POINT('',(0.000475,-0.00055,0.0001));
#4348=CARTESIAN_POINT('',(0.000475,-0.00125,0.0001));
#4349=CARTESIAN_POINT('',(0.000675,-0.00125,0.0001));
#4350=CARTESIAN_POINT('',(0.000675,-0.00055,0.0001));
#4351=CARTESIAN_POINT('',(0.0006734808,-0.0005326352,0.0001));
#4352=CARTESIAN_POINT('',(0.0006689692,-0.000515798,0.0001));
#4353=CARTESIAN_POINT('',(0.0006616025,-0.0005,0.0001));
#4354=CARTESIAN_POINT('',(0.0006516044,-0.0004857212,0.0001));
#4355=CARTESIAN_POINT('',(0.0006392787,-0.0004733955,0.0001));
#4356=CARTESIAN_POINT('',(0.000625,-0.0004633974,0.0001));
#4357=CARTESIAN_POINT('',(0.000609202,-0.0004560307,0.0001));
#4358=CARTESIAN_POINT('',(0.0005923648,-0.0004515192,0.0001));
#4359=CARTESIAN_POINT('',(0.000575,-0.00045,0.0001));
#4360=CARTESIAN_POINT('',(0.0005576352,-0.0004515192,0.0001));
#4361=CARTESIAN_POINT('',(0.000540798,-0.0004560307,0.0001));
#4362=CARTESIAN_POINT('',(0.000525,-0.0004633974,0.0001));
#4363=CARTESIAN_POINT('',(0.0005107212,-0.0004733955,0.0001));
#4364=CARTESIAN_POINT('',(0.0004983955,-0.0004857212,0.0001));
#4365=CARTESIAN_POINT('',(0.0004883974,-0.0005,0.0001));
#4366=CARTESIAN_POINT('',(0.0004810307,-0.000515798,0.0001));
#4367=CARTESIAN_POINT('',(0.0004765192,-0.0005326352,0.0001));
#4368=DIRECTION('',(0.,0.,1.));
#4387=AXIS2_PLACEMENT_3D('',#4363,#4368,$);
#4406=PLANE('',#4387);
#4425=POLY_LOOP('',(#4363,#4364,#4365));
#4444=FACE_OUTER_BOUND('',#4425,.T.);
#4463=FACE_SURFACE('',(#4444),#4406,.T.);
#4369=DIRECTION('',(0.,0.,1.));
#4388=AXIS2_PLACEMENT_3D('',#4363,#4369,$);
#4407=PLANE('',#4388);
#4426=POLY_LOOP('',(#4363,#4365,#4366));
#4445=FACE_OUTER_BOUND('',#4426,.T.);
#4464=FACE_SURFACE('',(#4445),#4407,.T.);
#4370=DIRECTION('',(0.,0.,1.));
#4389=AXIS2_PLACEMENT_3D('',#4363,#4370,$);
#4408=PLANE('',#4389);
#4427=POLY_LOOP('',(#4363,#4366,#4367));
#4446=FACE_OUTER_BOUND('',#4427,.T.);
#4465=FACE_SURFACE('',(#4446),#4408,.T.);
#4371=DIRECTION('',(0.,0.,1.));
#4390=AXIS2_PLACEMENT_3D('',#4360,#4371,$);
#4409=PLANE('',#4390);
#4428=POLY_LOOP('',(#4360,#4361,#4362));
#4447=FACE_OUTER_BOUND('',#4428,.T.);
#4466=FACE_SURFACE('',(#4447),#4409,.T.);
#4372=DIRECTION('',(0.,0.,1.));
#4391=AXIS2_PLACEMENT_3D('',#4360,#4372,$);
#4410=PLANE('',#4391);
#4429=POLY_LOOP('',(#4360,#4362,#4363));
#4448=FACE_OUTER_BOUND('',#4429,.T.);
#4467=FACE_SURFACE('',(#4448),#4410,.T.);
#4373=DIRECTION('',(0.,0.,1.));
#4392=AXIS2_PLACEMENT_3D('',#4360,#4373,$);
#4411=PLANE('',#4392);
#4430=POLY_LOOP('',(#4360,#4363,#4367));
#4449=FACE_OUTER_BOUND('',#4430,.T.);
#4468=FACE_SURFACE('',(#4449),#4411,.T.);
#4374=DIRECTION('',(0.,0.,1.));
#4393=AXIS2_PLACEMENT_3D('',#4350,#4374,$);
#4412=PLANE('',#4393);
#4431=POLY_LOOP('',(#4350,#4347,#4348));
#4450=FACE_OUTER_BOUND('',#4431,.T.);
#4469=FACE_SURFACE('',(#4450),#4412,.T.);
#4375=DIRECTION('',(0.,0.,1.));
#4394=AXIS2_PLACEMENT_3D('',#4350,#4375,$);
#4413=PLANE('',#4394);
#4432=POLY_LOOP('',(#4350,#4348,#4349));
#4451=FACE_OUTER_BOUND('',#4432,.T.);
#4470=FACE_SURFACE('',(#4451),#4413,.T.);
#4376=DIRECTION('',(0.,0.,1.));
#4395=AXIS2_PLACEMENT_3D('',#4357,#4376,$);
#4414=PLANE('',#4395);
#4433=POLY_LOOP('',(#4357,#4358,#4359));
#4452=FACE_OUTER_BOUND('',#4433,.T.);
#4471=FACE_SURFACE('',(#4452),#4414,.T.);
#4377=DIRECTION('',(0.,0.,1.));
#4396=AXIS2_PLACEMENT_3D('',#4352,#4377,$);
#4415=PLANE('',#4396);
#4434=POLY_LOOP('',(#4352,#4350,#4351));
#4453=FACE_OUTER_BOUND('',#4434,.T.);
#4472=FACE_SURFACE('',(#4453),#4415,.T.);
#4378=DIRECTION('',(0.,0.,1.));
#4397=AXIS2_PLACEMENT_3D('',#4353,#4378,$);
#4416=PLANE('',#4397);
#4435=POLY_LOOP('',(#4353,#4350,#4352));
#4454=FACE_OUTER_BOUND('',#4435,.T.);
#4473=FACE_SURFACE('',(#4454),#4416,.T.);
#4379=DIRECTION('',(0.,0.,1.));
#4398=AXIS2_PLACEMENT_3D('',#4355,#4379,$);
#4417=PLANE('',#4398);
#4436=POLY_LOOP('',(#4355,#4353,#4354));
#4455=FACE_OUTER_BOUND('',#4436,.T.);
#4474=FACE_SURFACE('',(#4455),#4417,.T.);
#4380=DIRECTION('',(0.,0.,1.));
#4399=AXIS2_PLACEMENT_3D('',#4355,#4380,$);
#4418=PLANE('',#4399);
#4437=POLY_LOOP('',(#4355,#4356,#4357));
#4456=FACE_OUTER_BOUND('',#4437,.T.);
#4475=FACE_SURFACE('',(#4456),#4418,.T.);
#4381=DIRECTION('',(0.,0.,1.));
#4400=AXIS2_PLACEMENT_3D('',#4355,#4381,$);
#4419=PLANE('',#4400);
#4438=POLY_LOOP('',(#4355,#4359,#4360));
#4457=FACE_OUTER_BOUND('',#4438,.T.);
#4476=FACE_SURFACE('',(#4457),#4419,.T.);
#4382=DIRECTION('',(0.,0.,1.));
#4401=AXIS2_PLACEMENT_3D('',#4355,#4382,$);
#4420=PLANE('',#4401);
#4439=POLY_LOOP('',(#4355,#4367,#4347));
#4458=FACE_OUTER_BOUND('',#4439,.T.);
#4477=FACE_SURFACE('',(#4458),#4420,.T.);
#4383=DIRECTION('',(0.,0.,1.));
#4402=AXIS2_PLACEMENT_3D('',#4355,#4383,$);
#4421=PLANE('',#4402);
#4440=POLY_LOOP('',(#4355,#4357,#4359));
#4459=FACE_OUTER_BOUND('',#4440,.T.);
#4478=FACE_SURFACE('',(#4459),#4421,.T.);
#4384=DIRECTION('',(0.,0.,1.));
#4403=AXIS2_PLACEMENT_3D('',#4355,#4384,$);
#4422=PLANE('',#4403);
#4441=POLY_LOOP('',(#4355,#4360,#4367));
#4460=FACE_OUTER_BOUND('',#4441,.T.);
#4479=FACE_SURFACE('',(#4460),#4422,.T.);
#4385=DIRECTION('',(0.,0.,1.));
#4404=AXIS2_PLACEMENT_3D('',#4355,#4385,$);
#4423=PLANE('',#4404);
#4442=POLY_LOOP('',(#4355,#4347,#4350));
#4461=FACE_OUTER_BOUND('',#4442,.T.);
#4480=FACE_SURFACE('',(#4461),#4423,.T.);
#4386=DIRECTION('',(0.,0.,1.));
#4405=AXIS2_PLACEMENT_3D('',#4355,#4386,$);
#4424=PLANE('',#4405);
#4443=POLY_LOOP('',(#4355,#4350,#4353));
#4462=FACE_OUTER_BOUND('',#4443,.T.);
#4481=FACE_SURFACE('',(#4462),#4424,.T.);
#4482=CLOSED_SHELL('',(#4463,#4464,#4465,#4466,#4467,#4468,#4469,#4470,#4471,#4472,#4473,#4474,#4475,#4476,#4477,#4478,#4479,#4480,#4481));
#4483=FACETED_BREP('',#4482);
#4484=CARTESIAN_POINT('',(0.0015,-0.00075,0.));
#4485=CARTESIAN_POINT('',(0.000875,-0.00075,0.));
#4486=CARTESIAN_POINT('',(0.000875,-0.00125,0.));
#4487=CARTESIAN_POINT('',(0.001075,-0.00125,0.));
#4488=CARTESIAN_POINT('',(0.001075,-0.00095,0.));
#4489=CARTESIAN_POINT('',(0.0015,-0.00095,0.));
#4490=DIRECTION('',(0.,0.,-1.));
#4494=AXIS2_PLACEMENT_3D('',#4488,#4490,$);
#4498=PLANE('',#4494);
#4502=POLY_LOOP('',(#4488,#4487,#4486));
#4506=FACE_OUTER_BOUND('',#4502,.T.);
#4510=FACE_SURFACE('',(#4506),#4498,.T.);
#4491=DIRECTION('',(0.,0.,-1.));
#4495=AXIS2_PLACEMENT_3D('',#4485,#4491,$);
#4499=PLANE('',#4495);
#4503=POLY_LOOP('',(#4485,#4488,#4486));
#4507=FACE_OUTER_BOUND('',#4503,.T.);
#4511=FACE_SURFACE('',(#4507),#4499,.T.);
#4492=DIRECTION('',(0.,0.,-1.));
#4496=AXIS2_PLACEMENT_3D('',#4484,#4492,$);
#4500=PLANE('',#4496);
#4504=POLY_LOOP('',(#4484,#4489,#4488));
#4508=FACE_OUTER_BOUND('',#4504,.T.);
#4512=FACE_SURFACE('',(#4508),#4500,.T.);
#4493=DIRECTION('',(0.,0.,-1.));
#4497=AXIS2_PLACEMENT_3D('',#4484,#4493,$);
#4501=PLANE('',#4497);
#4505=POLY_LOOP('',(#4484,#4488,#4485));
#4509=FACE_OUTER_BOUND('',#4505,.T.);
#4513=FACE_SURFACE('',(#4509),#4501,.T.);
#4514=CLOSED_SHELL('',(#4510,#4511,#4512,#4513));
#4515=FACETED_BREP('',#4514);
#4516=CARTESIAN_POINT('',(0.000875,-0.00075,0.));
#4517=CARTESIAN_POINT('',(0.000875,-0.00075,0.0001));
#4518=CARTESIAN_POINT('',(0.0015,-0.00075,0.0001));
#4519=CARTESIAN_POINT('',(0.0015,-0.00075,0.));
#4520=DIRECTION('',(0.,1.,0.));
#4522=AXIS2_PLACEMENT_3D('',#4517,#4520,$);
#4524=PLANE('',#4522);
#4526=POLY_LOOP('',(#4517,#4518,#4519));
#4528=FACE_OUTER_BOUND('',#4526,.T.);
#4530=FACE_SURFACE('',(#4528),#4524,.T.);
#4521=DIRECTION('',(0.,1.,0.));
#4523=AXIS2_PLACEMENT_3D('',#4517,#4521,$);
#4525=PLANE('',#4523);
#4527=POLY_LOOP('',(#4517,#4519,#4516));
#4529=FACE_OUTER_BOUND('',#4527,.T.);
#4531=FACE_SURFACE('',(#4529),#4525,.T.);
#4532=CLOSED_SHELL('',(#4530,#4531));
#4533=FACETED_BREP('',#4532);
#4534=CARTESIAN_POINT('',(0.0015,-0.00075,0.));
#4535=CARTESIAN_POINT('',(0.0015,-0.00075,0.0001));
#4536=CARTESIAN_POINT('',(0.0015,-0.00095,0.0001));
#4537=CARTESIAN_POINT('',(0.0015,-0.00095,0.));
#4538=DIRECTION('',(1.,0.,0.));
#4540=AXIS2_PLACEMENT_3D('',#4535,#4538,$);
#4542=PLANE('',#4540);
#4544=POLY_LOOP('',(#4535,#4536,#4537));
#4546=FACE_OUTER_BOUND('',#4544,.T.);
#4548=FACE_SURFACE('',(#4546),#4542,.T.);
#4539=DIRECTION('',(1.,0.,0.));
#4541=AXIS2_PLACEMENT_3D('',#4535,#4539,$);
#4543=PLANE('',#4541);
#4545=POLY_LOOP('',(#4535,#4537,#4534));
#4547=FACE_OUTER_BOUND('',#4545,.T.);
#4549=FACE_SURFACE('',(#4547),#4543,.T.);
#4550=CLOSED_SHELL('',(#4548,#4549));
#4551=FACETED_BREP('',#4550);
#4552=CARTESIAN_POINT('',(0.0015,-0.00095,0.));
#4553=CARTESIAN_POINT('',(0.0015,-0.00095,0.0001));
#4554=CARTESIAN_POINT('',(0.001075,-0.00095,0.0001));
#4555=CARTESIAN_POINT('',(0.001075,-0.00095,0.));
#4556=DIRECTION('',(0.,-1.,0.));
#4558=AXIS2_PLACEMENT_3D('',#4553,#4556,$);
#4560=PLANE('',#4558);
#4562=POLY_LOOP('',(#4553,#4554,#4555));
#4564=FACE_OUTER_BOUND('',#4562,.T.);
#4566=FACE_SURFACE('',(#4564),#4560,.T.);
#4557=DIRECTION('',(0.,-1.,0.));
#4559=AXIS2_PLACEMENT_3D('',#4553,#4557,$);
#4561=PLANE('',#4559);
#4563=POLY_LOOP('',(#4553,#4555,#4552));
#4565=FACE_OUTER_BOUND('',#4563,.T.);
#4567=FACE_SURFACE('',(#4565),#4561,.T.);
#4568=CLOSED_SHELL('',(#4566,#4567));
#4569=FACETED_BREP('',#4568);
#4570=CARTESIAN_POINT('',(0.001075,-0.00095,0.));
#4571=CARTESIAN_POINT('',(0.001075,-0.00095,0.0001));
#4572=CARTESIAN_POINT('',(0.001075,-0.00125,0.0001));
#4573=CARTESIAN_POINT('',(0.001075,-0.00125,0.));
#4574=DIRECTION('',(1.,0.,0.));
#4576=AXIS2_PLACEMENT_3D('',#4571,#4574,$);
#4578=PLANE('',#4576);
#4580=POLY_LOOP('',(#4571,#4572,#4573));
#4582=FACE_OUTER_BOUND('',#4580,.T.);
#4584=FACE_SURFACE('',(#4582),#4578,.T.);
#4575=DIRECTION('',(1.,0.,0.));
#4577=AXIS2_PLACEMENT_3D('',#4571,#4575,$);
#4579=PLANE('',#4577);
#4581=POLY_LOOP('',(#4571,#4573,#4570));
#4583=FACE_OUTER_BOUND('',#4581,.T.);
#4585=FACE_SURFACE('',(#4583),#4579,.T.);
#4586=CLOSED_SHELL('',(#4584,#4585));
#4587=FACETED_BREP('',#4586);
#4588=CARTESIAN_POINT('',(0.001075,-0.00125,0.));
#4589=CARTESIAN_POINT('',(0.001075,-0.00125,0.0001));
#4590=CARTESIAN_POINT('',(0.000875,-0.00125,0.0001));
#4591=CARTESIAN_POINT('',(0.000875,-0.00125,0.));
#4592=DIRECTION('',(0.,-1.,0.));
#4594=AXIS2_PLACEMENT_3D('',#4589,#4592,$);
#4596=PLANE('',#4594);
#4598=POLY_LOOP('',(#4589,#4590,#4591));
#4600=FACE_OUTER_BOUND('',#4598,.T.);
#4602=FACE_SURFACE('',(#4600),#4596,.T.);
#4593=DIRECTION('',(0.,-1.,0.));
#4595=AXIS2_PLACEMENT_3D('',#4589,#4593,$);
#4597=PLANE('',#4595);
#4599=POLY_LOOP('',(#4589,#4591,#4588));
#4601=FACE_OUTER_BOUND('',#4599,.T.);
#4603=FACE_SURFACE('',(#4601),#4597,.T.);
#4604=CLOSED_SHELL('',(#4602,#4603));
#4605=FACETED_BREP('',#4604);
#4606=CARTESIAN_POINT('',(0.000875,-0.00125,0.));
#4607=CARTESIAN_POINT('',(0.000875,-0.00125,0.0001));
#4608=CARTESIAN_POINT('',(0.000875,-0.00075,0.0001));
#4609=CARTESIAN_POINT('',(0.000875,-0.00075,0.));
#4610=DIRECTION('',(-1.,0.,0.));
#4612=AXIS2_PLACEMENT_3D('',#4607,#4610,$);
#4614=PLANE('',#4612);
#4616=POLY_LOOP('',(#4607,#4608,#4609));
#4618=FACE_OUTER_BOUND('',#4616,.T.);
#4620=FACE_SURFACE('',(#4618),#4614,.T.);
#4611=DIRECTION('',(-1.,0.,0.));
#4613=AXIS2_PLACEMENT_3D('',#4607,#4611,$);
#4615=PLANE('',#4613);
#4617=POLY_LOOP('',(#4607,#4609,#4606));
#4619=FACE_OUTER_BOUND('',#4617,.T.);
#4621=FACE_SURFACE('',(#4619),#4615,.T.);
#4622=CLOSED_SHELL('',(#4620,#4621));
#4623=FACETED_BREP('',#4622);
#4624=CARTESIAN_POINT('',(0.000875,-0.00075,0.0001));
#4625=CARTESIAN_POINT('',(0.000875,-0.00125,0.0001));
#4626=CARTESIAN_POINT('',(0.001075,-0.00125,0.0001));
#4627=CARTESIAN_POINT('',(0.001075,-0.00095,0.0001));
#4628=CARTESIAN_POINT('',(0.0015,-0.00095,0.0001));
#4629=CARTESIAN_POINT('',(0.0015,-0.00075,0.0001));
#4630=DIRECTION('',(0.,0.,1.));
#4634=AXIS2_PLACEMENT_3D('',#4627,#4630,$);
#4638=PLANE('',#4634);
#4642=POLY_LOOP('',(#4627,#4625,#4626));
#4646=FACE_OUTER_BOUND('',#4642,.T.);
#4650=FACE_SURFACE('',(#4646),#4638,.T.);
#4631=DIRECTION('',(0.,0.,1.));
#4635=AXIS2_PLACEMENT_3D('',#4624,#4631,$);
#4639=PLANE('',#4635);
#4643=POLY_LOOP('',(#4624,#4625,#4627));
#4647=FACE_OUTER_BOUND('',#4643,.T.);
#4651=FACE_SURFACE('',(#4647),#4639,.T.);
#4632=DIRECTION('',(0.,0.,1.));
#4636=AXIS2_PLACEMENT_3D('',#4629,#4632,$);
#4640=PLANE('',#4636);
#4644=POLY_LOOP('',(#4629,#4627,#4628));
#4648=FACE_OUTER_BOUND('',#4644,.T.);
#4652=FACE_SURFACE('',(#4648),#4640,.T.);
#4633=DIRECTION('',(0.,0.,1.));
#4637=AXIS2_PLACEMENT_3D('',#4629,#4633,$);
#4641=PLANE('',#4637);
#4645=POLY_LOOP('',(#4629,#4624,#4627));
#4649=FACE_OUTER_BOUND('',#4645,.T.);
#4653=FACE_SURFACE('',(#4649),#4641,.T.);
#4654=CLOSED_SHELL('',(#4650,#4651,#4652,#4653));
#4655=FACETED_BREP('',#4654);
#4656=CARTESIAN_POINT('',(0.0012,-0.000306515,0.));
#4657=CARTESIAN_POINT('',(0.001182635,-0.0003080342,0.));
#4658=CARTESIAN_POINT('',(0.001165798,-0.0003125457,0.));
#4659=CARTESIAN_POINT('',(0.00115,-0.0003199124,0.));
#4660=CARTESIAN_POINT('',(0.001135721,-0.0003299105,0.));
#4661=CARTESIAN_POINT('',(0.001123396,-0.0003422362,0.));
#4662=CARTESIAN_POINT('',(0.001113397,-0.000356515,0.));
#4663=CARTESIAN_POINT('',(0.001106031,-0.000372313,0.));
#4664=CARTESIAN_POINT('',(0.001101519,-0.0003891502,0.));
#4665=CARTESIAN_POINT('',(0.0011,-0.000406515,0.));
#4666=CARTESIAN_POINT('',(0.001101519,-0.0004238798,0.));
#4667=CARTESIAN_POINT('',(0.001106031,-0.000440717,0.));
#4668=CARTESIAN_POINT('',(0.001113397,-0.000456515,0.));
#4669=CARTESIAN_POINT('',(0.001123396,-0.0004707937,0.));
#4670=CARTESIAN_POINT('',(0.001135721,-0.0004831195,0.));
#4671=CARTESIAN_POINT('',(0.00115,-0.0004931175,0.));
#4672=CARTESIAN_POINT('',(0.001165798,-0.0005004843,0.));
#4673=CARTESIAN_POINT('',(0.001182635,-0.0005049958,0.));
#4674=CARTESIAN_POINT('',(0.0012,-0.000506515,0.));
#4675=CARTESIAN_POINT('',(0.0015,-0.000506515,0.));
#4676=CARTESIAN_POINT('',(0.0015,-0.000306515,0.));
#4677=DIRECTION('',(0.,0.,-1.));
#4696=AXIS2_PLACEMENT_3D('',#4673,#4677,$);
#4715=PLANE('',#4696);
#4734=POLY_LOOP('',(#4673,#4669,#4668));
#4753=FACE_OUTER_BOUND('',#4734,.T.);
#4772=FACE_SURFACE('',(#4753),#4715,.T.);
#4678=DIRECTION('',(0.,0.,-1.));
#4697=AXIS2_PLACEMENT_3D('',#4673,#4678,$);
#4716=PLANE('',#4697);
#4735=POLY_LOOP('',(#4673,#4670,#4669));
#4754=FACE_OUTER_BOUND('',#4735,.T.);
#4773=FACE_SURFACE('',(#4754),#4716,.T.);
#4679=DIRECTION('',(0.,0.,-1.));
#4698=AXIS2_PLACEMENT_3D('',#4673,#4679,$);
#4717=PLANE('',#4698);
#4736=POLY_LOOP('',(#4673,#4671,#4670));
#4755=FACE_OUTER_BOUND('',#4736,.T.);
#4774=FACE_SURFACE('',(#4755),#4717,.T.);
#4680=DIRECTION('',(0.,0.,-1.));
#4699=AXIS2_PLACEMENT_3D('',#4673,#4680,$);
#4718=PLANE('',#4699);
#4737=POLY_LOOP('',(#4673,#4672,#4671));
#4756=FACE_OUTER_BOUND('',#4737,.T.);
#4775=FACE_SURFACE('',(#4756),#4718,.T.);
#4681=DIRECTION('',(0.,0.,-1.));
#4700=AXIS2_PLACEMENT_3D('',#4657,#4681,$);
#4719=PLANE('',#4700);
#4738=POLY_LOOP('',(#4657,#4659,#4658));
#4757=FACE_OUTER_BOUND('',#4738,.T.);
#4776=FACE_SURFACE('',(#4757),#4719,.T.);
#4682=DIRECTION('',(0.,0.,-1.));
#4701=AXIS2_PLACEMENT_3D('',#4657,#4682,$);
#4720=PLANE('',#4701);
#4739=POLY_LOOP('',(#4657,#4660,#4659));
#4758=FACE_OUTER_BOUND('',#4739,.T.);
#4777=FACE_SURFACE('',(#4758),#4720,.T.);
#4683=DIRECTION('',(0.,0.,-1.));
#4702=AXIS2_PLACEMENT_3D('',#4657,#4683,$);
#4721=PLANE('',#4702);
#4740=POLY_LOOP('',(#4657,#4661,#4660));
#4759=FACE_OUTER_BOUND('',#4740,.T.);
#4778=FACE_SURFACE('',(#4759),#4721,.T.);
#4684=DIRECTION('',(0.,0.,-1.));
#4703=AXIS2_PLACEMENT_3D('',#4657,#4684,$);
#4722=PLANE('',#4703);
#4741=POLY_LOOP('',(#4657,#4662,#4661));
#4760=FACE_OUTER_BOUND('',#4741,.T.);
#4779=FACE_SURFACE('',(#4760),#4722,.T.);
#4685=DIRECTION('',(0.,0.,-1.));
#4704=AXIS2_PLACEMENT_3D('',#4657,#4685,$);
#4723=PLANE('',#4704);
#4742=POLY_LOOP('',(#4657,#4663,#4662));
#4761=FACE_OUTER_BOUND('',#4742,.T.);
#4780=FACE_SURFACE('',(#4761),#4723,.T.);
#4686=DIRECTION('',(0.,0.,-1.));
#4705=AXIS2_PLACEMENT_3D('',#4657,#4686,$);
#4724=PLANE('',#4705);
#4743=POLY_LOOP('',(#4657,#4664,#4663));
#4762=FACE_OUTER_BOUND('',#4743,.T.);
#4781=FACE_SURFACE('',(#4762),#4724,.T.);
#4687=DIRECTION('',(0.,0.,-1.));
#4706=AXIS2_PLACEMENT_3D('',#4657,#4687,$);
#4725=PLANE('',#4706);
#4744=POLY_LOOP('',(#4657,#4665,#4664));
#4763=FACE_OUTER_BOUND('',#4744,.T.);
#4782=FACE_SURFACE('',(#4763),#4725,.T.);
#4688=DIRECTION('',(0.,0.,-1.));
#4707=AXIS2_PLACEMENT_3D('',#4657,#4688,$);
#4726=PLANE('',#4707);
#4745=POLY_LOOP('',(#4657,#4666,#4665));
#4764=FACE_OUTER_BOUND('',#4745,.T.);
#4783=FACE_SURFACE('',(#4764),#4726,.T.);
#4689=DIRECTION('',(0.,0.,-1.));
#4708=AXIS2_PLACEMENT_3D('',#4657,#4689,$);
#4727=PLANE('',#4708);
#4746=POLY_LOOP('',(#4657,#4667,#4666));
#4765=FACE_OUTER_BOUND('',#4746,.T.);
#4784=FACE_SURFACE('',(#4765),#4727,.T.);
#4690=DIRECTION('',(0.,0.,-1.));
#4709=AXIS2_PLACEMENT_3D('',#4657,#4690,$);
#4728=PLANE('',#4709);
#4747=POLY_LOOP('',(#4657,#4668,#4667));
#4766=FACE_OUTER_BOUND('',#4747,.T.);
#4785=FACE_SURFACE('',(#4766),#4728,.T.);
#4691=DIRECTION('',(0.,0.,-1.));
#4710=AXIS2_PLACEMENT_3D('',#4657,#4691,$);
#4729=PLANE('',#4710);
#4748=POLY_LOOP('',(#4657,#4673,#4668));
#4767=FACE_OUTER_BOUND('',#4748,.T.);
#4786=FACE_SURFACE('',(#4767),#4729,.T.);
#4692=DIRECTION('',(0.,0.,-1.));
#4711=AXIS2_PLACEMENT_3D('',#4656,#4692,$);
#4730=PLANE('',#4711);
#4749=POLY_LOOP('',(#4656,#4674,#4673));
#4768=FACE_OUTER_BOUND('',#4749,.T.);
#4787=FACE_SURFACE('',(#4768),#4730,.T.);
#4693=DIRECTION('',(0.,0.,-1.));
#4712=AXIS2_PLACEMENT_3D('',#4656,#4693,$);
#4731=PLANE('',#4712);
#4750=POLY_LOOP('',(#4656,#4673,#4657));
#4769=FACE_OUTER_BOUND('',#4750,.T.);
#4788=FACE_SURFACE('',(#4769),#4731,.T.);
#4694=DIRECTION('',(0.,0.,-1.));
#4713=AXIS2_PLACEMENT_3D('',#4676,#4694,$);
#4732=PLANE('',#4713);
#4751=POLY_LOOP('',(#4676,#4675,#4674));
#4770=FACE_OUTER_BOUND('',#4751,.T.);
#4789=FACE_SURFACE('',(#4770),#4732,.T.);
#4695=DIRECTION('',(0.,0.,-1.));
#4714=AXIS2_PLACEMENT_3D('',#4676,#4695,$);
#4733=PLANE('',#4714);
#4752=POLY_LOOP('',(#4676,#4674,#4656));
#4771=FACE_OUTER_BOUND('',#4752,.T.);
#4790=FACE_SURFACE('',(#4771),#4733,.T.);
#4791=CLOSED_SHELL('',(#4772,#4773,#4774,#4775,#4776,#4777,#4778,#4779,#4780,#4781,#4782,#4783,#4784,#4785,#4786,#4787,#4788,#4789,#4790));
#4792=FACETED_BREP('',#4791);
#4793=CARTESIAN_POINT('',(0.0012,-0.000506515,0.));
#4794=CARTESIAN_POINT('',(0.0012,-0.000506515,0.0001));
#4795=CARTESIAN_POINT('',(0.0012,-0.000306515,0.0001));
#4796=CARTESIAN_POINT('',(0.001182635,-0.0003080342,0.0001));
#4797=CARTESIAN_POINT('',(0.001165798,-0.0003125457,0.0001));
#4798=CARTESIAN_POINT('',(0.00115,-0.0003199124,0.0001));
#4799=CARTESIAN_POINT('',(0.001135721,-0.0003299105,0.0001));
#4800=CARTESIAN_POINT('',(0.001123396,-0.0003422362,0.0001));
#4801=CARTESIAN_POINT('',(0.001113397,-0.000356515,0.0001));
#4802=CARTESIAN_POINT('',(0.001106031,-0.000372313,0.0001));
#4803=CARTESIAN_POINT('',(0.001101519,-0.0003891502,0.0001));
#4804=CARTESIAN_POINT('',(0.0011,-0.000406515,0.0001));
#4805=CARTESIAN_POINT('',(0.001101519,-0.0004238798,0.0001));
#4806=CARTESIAN_POINT('',(0.001106031,-0.000440717,0.0001));
#4807=CARTESIAN_POINT('',(0.001113397,-0.000456515,0.0001));
#4808=CARTESIAN_POINT('',(0.001123396,-0.0004707937,0.0001));
#4809=CARTESIAN_POINT('',(0.001135721,-0.0004831195,0.0001));
#4810=CARTESIAN_POINT('',(0.00115,-0.0004931175,0.0001));
#4811=CARTESIAN_POINT('',(0.001165798,-0.0005004843,0.0001));
#4812=CARTESIAN_POINT('',(0.001182635,-0.0005049958,0.0001));
#4813=CARTESIAN_POINT('',(0.0012,-0.000306515,0.));
#4814=CARTESIAN_POINT('',(0.001182635,-0.0003080342,0.));
#4815=CARTESIAN_POINT('',(0.001165798,-0.0003125457,0.));
#4816=CARTESIAN_POINT('',(0.00115,-0.0003199124,0.));
#4817=CARTESIAN_POINT('',(0.001135721,-0.0003299105,0.));
#4818=CARTESIAN_POINT('',(0.001123396,-0.0003422362,0.));
#4819=CARTESIAN_POINT('',(0.001113397,-0.000356515,0.));
#4820=CARTESIAN_POINT('',(0.001106031,-0.000372313,0.));
#4821=CARTESIAN_POINT('',(0.001101519,-0.0003891502,0.));
#4822=CARTESIAN_POINT('',(0.0011,-0.000406515,0.));
#4823=CARTESIAN_POINT('',(0.001101519,-0.0004238798,0.));
#4824=CARTESIAN_POINT('',(0.001106031,-0.000440717,0.));
#4825=CARTESIAN_POINT('',(0.001113397,-0.000456515,0.));
#4826=CARTESIAN_POINT('',(0.001123396,-0.0004707937,0.));
#4827=CARTESIAN_POINT('',(0.001135721,-0.0004831195,0.));
#4828=CARTESIAN_POINT('',(0.00115,-0.0004931175,0.));
#4829=CARTESIAN_POINT('',(0.001165798,-0.0005004843,0.));
#4830=CARTESIAN_POINT('',(0.001182635,-0.0005049958,0.));
#4831=DIRECTION('',(-0.08715527,0.9961947,0.));
#4867=AXIS2_PLACEMENT_3D('',#4796,#4831,$);
#4903=PLANE('',#4867);
#4939=POLY_LOOP('',(#4796,#4795,#4813));
#4975=FACE_OUTER_BOUND('',#4939,.T.);
#5011=FACE_SURFACE('',(#4975),#4903,.T.);
#4832=DIRECTION('',(-0.08715527,0.9961947,0.));
#4868=AXIS2_PLACEMENT_3D('',#4796,#4832,$);
#4904=PLANE('',#4868);
#4940=POLY_LOOP('',(#4796,#4813,#4814));
#4976=FACE_OUTER_BOUND('',#4940,.T.);
#5012=FACE_SURFACE('',(#4976),#4904,.T.);
#4833=DIRECTION('',(-0.258819,0.9659258,0.));
#4869=AXIS2_PLACEMENT_3D('',#4797,#4833,$);
#4905=PLANE('',#4869);
#4941=POLY_LOOP('',(#4797,#4814,#4815));
#4977=FACE_OUTER_BOUND('',#4941,.T.);
#5013=FACE_SURFACE('',(#4977),#4905,.T.);
#4834=DIRECTION('',(-0.258819,0.9659258,0.));
#4870=AXIS2_PLACEMENT_3D('',#4797,#4834,$);
#4906=PLANE('',#4870);
#4942=POLY_LOOP('',(#4797,#4796,#4814));
#4978=FACE_OUTER_BOUND('',#4942,.T.);
#5014=FACE_SURFACE('',(#4978),#4906,.T.);
#4835=DIRECTION('',(-0.4226191,0.9063074,0.));
#4871=AXIS2_PLACEMENT_3D('',#4798,#4835,$);
#4907=PLANE('',#4871);
#4943=POLY_LOOP('',(#4798,#4815,#4816));
#4979=FACE_OUTER_BOUND('',#4943,.T.);
#5015=FACE_SURFACE('',(#4979),#4907,.T.);
#4836=DIRECTION('',(-0.4226191,0.9063074,0.));
#4872=AXIS2_PLACEMENT_3D('',#4798,#4836,$);
#4908=PLANE('',#4872);
#4944=POLY_LOOP('',(#4798,#4797,#4815));
#4980=FACE_OUTER_BOUND('',#4944,.T.);
#5016=FACE_SURFACE('',(#4980),#4908,.T.);
#4837=DIRECTION('',(-0.5735753,0.8191528,0.));
#4873=AXIS2_PLACEMENT_3D('',#4799,#4837,$);
#4909=PLANE('',#4873);
#4945=POLY_LOOP('',(#4799,#4816,#4817));
#4981=FACE_OUTER_BOUND('',#4945,.T.);
#5017=FACE_SURFACE('',(#4981),#4909,.T.);
#4838=DIRECTION('',(-0.5735753,0.8191528,0.));
#4874=AXIS2_PLACEMENT_3D('',#4799,#4838,$);
#4910=PLANE('',#4874);
#4946=POLY_LOOP('',(#4799,#4798,#4816));
#4982=FACE_OUTER_BOUND('',#4946,.T.);
#5018=FACE_SURFACE('',(#4982),#4910,.T.);
#4839=DIRECTION('',(-0.7071068,0.7071068,0.));
#4875=AXIS2_PLACEMENT_3D('',#4800,#4839,$);
#4911=PLANE('',#4875);
#4947=POLY_LOOP('',(#4800,#4817,#4818));
#4983=FACE_OUTER_BOUND('',#4947,.T.);
#5019=FACE_SURFACE('',(#4983),#4911,.T.);
#4840=DIRECTION('',(-0.7071068,0.7071068,0.));
#4876=AXIS2_PLACEMENT_3D('',#4800,#4840,$);
#4912=PLANE('',#4876);
#4948=POLY_LOOP('',(#4800,#4799,#4817));
#4984=FACE_OUTER_BOUND('',#4948,.T.);
#5020=FACE_SURFACE('',(#4984),#4912,.T.);
#4841=DIRECTION('',(-0.8191517,0.5735769,0.));
#4877=AXIS2_PLACEMENT_3D('',#4801,#4841,$);
#4913=PLANE('',#4877);
#4949=POLY_LOOP('',(#4801,#4818,#4819));
#4985=FACE_OUTER_BOUND('',#4949,.T.);
#5021=FACE_SURFACE('',(#4985),#4913,.T.);
#4842=DIRECTION('',(-0.8191517,0.5735769,0.));
#4878=AXIS2_PLACEMENT_3D('',#4801,#4842,$);
#4914=PLANE('',#4878);
#4950=POLY_LOOP('',(#4801,#4800,#4818));
#4986=FACE_OUTER_BOUND('',#4950,.T.);
#5022=FACE_SURFACE('',(#4986),#4914,.T.);
#4843=DIRECTION('',(-0.9063096,0.4226144,0.));
#4879=AXIS2_PLACEMENT_3D('',#4802,#4843,$);
#4915=PLANE('',#4879);
#4951=POLY_LOOP('',(#4802,#4819,#4820));
#4987=FACE_OUTER_BOUND('',#4951,.T.);
#5023=FACE_SURFACE('',(#4987),#4915,.T.);
#4844=DIRECTION('',(-0.9063096,0.4226144,0.));
#4880=AXIS2_PLACEMENT_3D('',#4802,#4844,$);
#4916=PLANE('',#4880);
#4952=POLY_LOOP('',(#4802,#4801,#4819));
#4988=FACE_OUTER_BOUND('',#4952,.T.);
#5024=FACE_SURFACE('',(#4988),#4916,.T.);
#4845=DIRECTION('',(-0.9659251,0.2588218,0.));
#4881=AXIS2_PLACEMENT_3D('',#4803,#4845,$);
#4917=PLANE('',#4881);
#4953=POLY_LOOP('',(#4803,#4820,#4821));
#4989=FACE_OUTER_BOUND('',#4953,.T.);
#5025=FACE_SURFACE('',(#4989),#4917,.T.);
#4846=DIRECTION('',(-0.9659251,0.2588218,0.));
#4882=AXIS2_PLACEMENT_3D('',#4803,#4846,$);
#4918=PLANE('',#4882);
#4954=POLY_LOOP('',(#4803,#4802,#4820));
#4990=FACE_OUTER_BOUND('',#4954,.T.);
#5026=FACE_SURFACE('',(#4990),#4918,.T.);
#4847=DIRECTION('',(-0.9961947,0.08715541,0.));
#4883=AXIS2_PLACEMENT_3D('',#4804,#4847,$);
#4919=PLANE('',#4883);
#4955=POLY_LOOP('',(#4804,#4821,#4822));
#4991=FACE_OUTER_BOUND('',#4955,.T.);
#5027=FACE_SURFACE('',(#4991),#4919,.T.);
#4848=DIRECTION('',(-0.9961947,0.08715541,0.));
#4884=AXIS2_PLACEMENT_3D('',#4804,#4848,$);
#4920=PLANE('',#4884);
#4956=POLY_LOOP('',(#4804,#4803,#4821));
#4992=FACE_OUTER_BOUND('',#4956,.T.);
#5028=FACE_SURFACE('',(#4992),#4920,.T.);
#4849=DIRECTION('',(-0.9961947,-0.08715541,0.));
#4885=AXIS2_PLACEMENT_3D('',#4805,#4849,$);
#4921=PLANE('',#4885);
#4957=POLY_LOOP('',(#4805,#4822,#4823));
#4993=FACE_OUTER_BOUND('',#4957,.T.);
#5029=FACE_SURFACE('',(#4993),#4921,.T.);
#4850=DIRECTION('',(-0.9961947,-0.08715541,0.));
#4886=AXIS2_PLACEMENT_3D('',#4805,#4850,$);
#4922=PLANE('',#4886);
#4958=POLY_LOOP('',(#4805,#4804,#4822));
#4994=FACE_OUTER_BOUND('',#4958,.T.);
#5030=FACE_SURFACE('',(#4994),#4922,.T.);
#4851=DIRECTION('',(-0.9659251,-0.2588218,0.));
#4887=AXIS2_PLACEMENT_3D('',#4806,#4851,$);
#4923=PLANE('',#4887);
#4959=POLY_LOOP('',(#4806,#4823,#4824));
#4995=FACE_OUTER_BOUND('',#4959,.T.);
#5031=FACE_SURFACE('',(#4995),#4923,.T.);
#4852=DIRECTION('',(-0.9659251,-0.2588218,0.));
#4888=AXIS2_PLACEMENT_3D('',#4806,#4852,$);
#4924=PLANE('',#4888);
#4960=POLY_LOOP('',(#4806,#4805,#4823));
#4996=FACE_OUTER_BOUND('',#4960,.T.);
#5032=FACE_SURFACE('',(#4996),#4924,.T.);
#4853=DIRECTION('',(-0.9063096,-0.4226144,0.));
#4889=AXIS2_PLACEMENT_3D('',#4807,#4853,$);
#4925=PLANE('',#4889);
#4961=POLY_LOOP('',(#4807,#4824,#4825));
#4997=FACE_OUTER_BOUND('',#4961,.T.);
#5033=FACE_SURFACE('',(#4997),#4925,.T.);
#4854=DIRECTION('',(-0.9063096,-0.4226144,0.));
#4890=AXIS2_PLACEMENT_3D('',#4807,#4854,$);
#4926=PLANE('',#4890);
#4962=POLY_LOOP('',(#4807,#4806,#4824));
#4998=FACE_OUTER_BOUND('',#4962,.T.);
#5034=FACE_SURFACE('',(#4998),#4926,.T.);
#4855=DIRECTION('',(-0.8191517,-0.5735769,0.));
#4891=AXIS2_PLACEMENT_3D('',#4808,#4855,$);
#4927=PLANE('',#4891);
#4963=POLY_LOOP('',(#4808,#4825,#4826));
#4999=FACE_OUTER_BOUND('',#4963,.T.);
#5035=FACE_SURFACE('',(#4999),#4927,.T.);
#4856=DIRECTION('',(-0.8191517,-0.5735769,0.));
#4892=AXIS2_PLACEMENT_3D('',#4808,#4856,$);
#4928=PLANE('',#4892);
#4964=POLY_LOOP('',(#4808,#4807,#4825));
#5000=FACE_OUTER_BOUND('',#4964,.T.);
#5036=FACE_SURFACE('',(#5000),#4928,.T.);
#4857=DIRECTION('',(-0.7071068,-0.7071068,0.));
#4893=AXIS2_PLACEMENT_3D('',#4809,#4857,$);
#4929=PLANE('',#4893);
#4965=POLY_LOOP('',(#4809,#4826,#4827));
#5001=FACE_OUTER_BOUND('',#4965,.T.);
#5037=FACE_SURFACE('',(#5001),#4929,.T.);
#4858=DIRECTION('',(-0.7071068,-0.7071068,0.));
#4894=AXIS2_PLACEMENT_3D('',#4809,#4858,$);
#4930=PLANE('',#4894);
#4966=POLY_LOOP('',(#4809,#4808,#4826));
#5002=FACE_OUTER_BOUND('',#4966,.T.);
#5038=FACE_SURFACE('',(#5002),#4930,.T.);
#4859=DIRECTION('',(-0.5735753,-0.8191528,0.));
#4895=AXIS2_PLACEMENT_3D('',#4810,#4859,$);
#4931=PLANE('',#4895);
#4967=POLY_LOOP('',(#4810,#4827,#4828));
#5003=FACE_OUTER_BOUND('',#4967,.T.);
#5039=FACE_SURFACE('',(#5003),#4931,.T.);
#4860=DIRECTION('',(-0.5735753,-0.8191528,0.));
#4896=AXIS2_PLACEMENT_3D('',#4810,#4860,$);
#4932=PLANE('',#4896);
#4968=POLY_LOOP('',(#4810,#4809,#4827));
#5004=FACE_OUTER_BOUND('',#4968,.T.);
#5040=FACE_SURFACE('',(#5004),#4932,.T.);
#4861=DIRECTION('',(-0.4226191,-0.9063074,0.));
#4897=AXIS2_PLACEMENT_3D('',#4811,#4861,$);
#4933=PLANE('',#4897);
#4969=POLY_LOOP('',(#4811,#4810,#4828));
#5005=FACE_OUTER_BOUND('',#4969,.T.);
#5041=FACE_SURFACE('',(#5005),#4933,.T.);
#4862=DIRECTION('',(-0.4226191,-0.9063074,0.));
#4898=AXIS2_PLACEMENT_3D('',#4811,#4862,$);
#4934=PLANE('',#4898);
#4970=POLY_LOOP('',(#4811,#4828,#4829));
#5006=FACE_OUTER_BOUND('',#4970,.T.);
#5042=FACE_SURFACE('',(#5006),#4934,.T.);
#4863=DIRECTION('',(-0.2588174,-0.9659263,0.));
#4899=AXIS2_PLACEMENT_3D('',#4812,#4863,$);
#4935=PLANE('',#4899);
#4971=POLY_LOOP('',(#4812,#4811,#4829));
#5007=FACE_OUTER_BOUND('',#4971,.T.);
#5043=FACE_SURFACE('',(#5007),#4935,.T.);
#4864=DIRECTION('',(-0.2588174,-0.9659263,0.));
#4900=AXIS2_PLACEMENT_3D('',#4812,#4864,$);
#4936=PLANE('',#4900);
#4972=POLY_LOOP('',(#4812,#4829,#4830));
#5008=FACE_OUTER_BOUND('',#4972,.T.);
#5044=FACE_SURFACE('',(#5008),#4936,.T.);
#4865=DIRECTION('',(-0.08715527,-0.9961947,0.));
#4901=AXIS2_PLACEMENT_3D('',#4794,#4865,$);
#4937=PLANE('',#4901);
#4973=POLY_LOOP('',(#4794,#4812,#4830));
#5009=FACE_OUTER_BOUND('',#4973,.T.);
#5045=FACE_SURFACE('',(#5009),#4937,.T.);
#4866=DIRECTION('',(-0.08715527,-0.9961947,0.));
#4902=AXIS2_PLACEMENT_3D('',#4794,#4866,$);
#4938=PLANE('',#4902);
#4974=POLY_LOOP('',(#4794,#4830,#4793));
#5010=FACE_OUTER_BOUND('',#4974,.T.);
#5046=FACE_SURFACE('',(#5010),#4938,.T.);
#5047=CLOSED_SHELL('',(#5011,#5012,#5013,#5014,#5015,#5016,#5017,#5018,#5019,#5020,#5021,#5022,#5023,#5024,#5025,#5026,#5027,#5028,#5029,#5030,#5031,#5032,#5033,#5034,#5035,#5036,#5037,#5038,#5039,#5040,#5041,#5042,#5043,#5044,#5045,#5046));
#5048=FACETED_BREP('',#5047);
#5049=CARTESIAN_POINT('',(0.0012,-0.000306515,0.));
#5050=CARTESIAN_POINT('',(0.0012,-0.000306515,0.0001));
#5051=CARTESIAN_POINT('',(0.0015,-0.000306515,0.0001));
#5052=CARTESIAN_POINT('',(0.0015,-0.000306515,0.));
#5053=DIRECTION('',(0.,1.,0.));
#5055=AXIS2_PLACEMENT_3D('',#5050,#5053,$);
#5057=PLANE('',#5055);
#5059=POLY_LOOP('',(#5050,#5051,#5052));
#5061=FACE_OUTER_BOUND('',#5059,.T.);
#5063=FACE_SURFACE('',(#5061),#5057,.T.);
#5054=DIRECTION('',(0.,1.,0.));
#5056=AXIS2_PLACEMENT_3D('',#5050,#5054,$);
#5058=PLANE('',#5056);
#5060=POLY_LOOP('',(#5050,#5052,#5049));
#5062=FACE_OUTER_BOUND('',#5060,.T.);
#5064=FACE_SURFACE('',(#5062),#5058,.T.);
#5065=CLOSED_SHELL('',(#5063,#5064));
#5066=FACETED_BREP('',#5065);
#5067=CARTESIAN_POINT('',(0.0015,-0.000306515,0.));
#5068=CARTESIAN_POINT('',(0.0015,-0.000306515,0.0001));
#5069=CARTESIAN_POINT('',(0.0015,-0.000506515,0.0001));
#5070=CARTESIAN_POINT('',(0.0015,-0.000506515,0.));
#5071=DIRECTION('',(1.,0.,0.));
#5073=AXIS2_PLACEMENT_3D('',#5068,#5071,$);
#5075=PLANE('',#5073);
#5077=POLY_LOOP('',(#5068,#5069,#5070));
#5079=FACE_OUTER_BOUND('',#5077,.T.);
#5081=FACE_SURFACE('',(#5079),#5075,.T.);
#5072=DIRECTION('',(1.,0.,0.));
#5074=AXIS2_PLACEMENT_3D('',#5068,#5072,$);
#5076=PLANE('',#5074);
#5078=POLY_LOOP('',(#5068,#5070,#5067));
#5080=FACE_OUTER_BOUND('',#5078,.T.);
#5082=FACE_SURFACE('',(#5080),#5076,.T.);
#5083=CLOSED_SHELL('',(#5081,#5082));
#5084=FACETED_BREP('',#5083);
#5085=CARTESIAN_POINT('',(0.0015,-0.000506515,0.));
#5086=CARTESIAN_POINT('',(0.0015,-0.000506515,0.0001));
#5087=CARTESIAN_POINT('',(0.0012,-0.000506515,0.0001));
#5088=CARTESIAN_POINT('',(0.0012,-0.000506515,0.));
#5089=DIRECTION('',(0.,-1.,0.));
#5091=AXIS2_PLACEMENT_3D('',#5086,#5089,$);
#5093=PLANE('',#5091);
#5095=POLY_LOOP('',(#5086,#5087,#5088));
#5097=FACE_OUTER_BOUND('',#5095,.T.);
#5099=FACE_SURFACE('',(#5097),#5093,.T.);
#5090=DIRECTION('',(0.,-1.,0.));
#5092=AXIS2_PLACEMENT_3D('',#5086,#5090,$);
#5094=PLANE('',#5092);
#5096=POLY_LOOP('',(#5086,#5088,#5085));
#5098=FACE_OUTER_BOUND('',#5096,.T.);
#5100=FACE_SURFACE('',(#5098),#5094,.T.);
#5101=CLOSED_SHELL('',(#5099,#5100));
#5102=FACETED_BREP('',#5101);
#5103=CARTESIAN_POINT('',(0.0012,-0.000506515,0.0001));
#5104=CARTESIAN_POINT('',(0.0015,-0.000506515,0.0001));
#5105=CARTESIAN_POINT('',(0.0015,-0.000306515,0.0001));
#5106=CARTESIAN_POINT('',(0.0012,-0.000306515,0.0001));
#5107=CARTESIAN_POINT('',(0.001182635,-0.0003080342,0.0001));
#5108=CARTESIAN_POINT('',(0.001165798,-0.0003125457,0.0001));
#5109=CARTESIAN_POINT('',(0.00115,-0.0003199124,0.0001));
#5110=CARTESIAN_POINT('',(0.001135721,-0.0003299105,0.0001));
#5111=CARTESIAN_POINT('',(0.001123396,-0.0003422362,0.0001));
#5112=CARTESIAN_POINT('',(0.001113397,-0.000356515,0.0001));
#5113=CARTESIAN_POINT('',(0.001106031,-0.000372313,0.0001));
#5114=CARTESIAN_POINT('',(0.001101519,-0.0003891502,0.0001));
#5115=CARTESIAN_POINT('',(0.0011,-0.000406515,0.0001));
#5116=CARTESIAN_POINT('',(0.001101519,-0.0004238798,0.0001));
#5117=CARTESIAN_POINT('',(0.001106031,-0.000440717,0.0001));
#5118=CARTESIAN_POINT('',(0.001113397,-0.000456515,0.0001));
#5119=CARTESIAN_POINT('',(0.001123396,-0.0004707937,0.0001));
#5120=CARTESIAN_POINT('',(0.001135721,-0.0004831195,0.0001));
#5121=CARTESIAN_POINT('',(0.00115,-0.0004931175,0.0001));
#5122=CARTESIAN_POINT('',(0.001165798,-0.0005004843,0.0001));
#5123=CARTESIAN_POINT('',(0.001182635,-0.0005049958,0.0001));
#5124=DIRECTION('',(0.,0.,1.));
#5143=AXIS2_PLACEMENT_3D('',#5103,#5124,$);
#5162=PLANE('',#5143);
#5181=POLY_LOOP('',(#5103,#5118,#5119));
#5200=FACE_OUTER_BOUND('',#5181,.T.);
#5219=FACE_SURFACE('',(#5200),#5162,.T.);
#5125=DIRECTION('',(0.,0.,1.));
#5144=AXIS2_PLACEMENT_3D('',#5103,#5125,$);
#5163=PLANE('',#5144);
#5182=POLY_LOOP('',(#5103,#5119,#5120));
#5201=FACE_OUTER_BOUND('',#5182,.T.);
#5220=FACE_SURFACE('',(#5201),#5163,.T.);
#5126=DIRECTION('',(0.,0.,1.));
#5145=AXIS2_PLACEMENT_3D('',#5103,#5126,$);
#5164=PLANE('',#5145);
#5183=POLY_LOOP('',(#5103,#5120,#5121));
#5202=FACE_OUTER_BOUND('',#5183,.T.);
#5221=FACE_SURFACE('',(#5202),#5164,.T.);
#5127=DIRECTION('',(0.,0.,1.));
#5146=AXIS2_PLACEMENT_3D('',#5103,#5127,$);
#5165=PLANE('',#5146);
#5184=POLY_LOOP('',(#5103,#5121,#5122));
#5203=FACE_OUTER_BOUND('',#5184,.T.);
#5222=FACE_SURFACE('',(#5203),#5165,.T.);
#5128=DIRECTION('',(0.,0.,1.));
#5147=AXIS2_PLACEMENT_3D('',#5103,#5128,$);
#5166=PLANE('',#5147);
#5185=POLY_LOOP('',(#5103,#5122,#5123));
#5204=FACE_OUTER_BOUND('',#5185,.T.);
#5223=FACE_SURFACE('',(#5204),#5166,.T.);
#5129=DIRECTION('',(0.,0.,1.));
#5148=AXIS2_PLACEMENT_3D('',#5106,#5129,$);
#5167=PLANE('',#5148);
#5186=POLY_LOOP('',(#5106,#5107,#5108));
#5205=FACE_OUTER_BOUND('',#5186,.T.);
#5224=FACE_SURFACE('',(#5205),#5167,.T.);
#5130=DIRECTION('',(0.,0.,1.));
#5149=AXIS2_PLACEMENT_3D('',#5106,#5130,$);
#5168=PLANE('',#5149);
#5187=POLY_LOOP('',(#5106,#5108,#5109));
#5206=FACE_OUTER_BOUND('',#5187,.T.);
#5225=FACE_SURFACE('',(#5206),#5168,.T.);
#5131=DIRECTION('',(0.,0.,1.));
#5150=AXIS2_PLACEMENT_3D('',#5106,#5131,$);
#5169=PLANE('',#5150);
#5188=POLY_LOOP('',(#5106,#5109,#5110));
#5207=FACE_OUTER_BOUND('',#5188,.T.);
#5226=FACE_SURFACE('',(#5207),#5169,.T.);
#5132=DIRECTION('',(0.,0.,1.));
#5151=AXIS2_PLACEMENT_3D('',#5106,#5132,$);
#5170=PLANE('',#5151);
#5189=POLY_LOOP('',(#5106,#5110,#5111));
#5208=FACE_OUTER_BOUND('',#5189,.T.);
#5227=FACE_SURFACE('',(#5208),#5170,.T.);
#5133=DIRECTION('',(0.,0.,1.));
#5152=AXIS2_PLACEMENT_3D('',#5106,#5133,$);
#5171=PLANE('',#5152);
#5190=POLY_LOOP('',(#5106,#5111,#5112));
#5209=FACE_OUTER_BOUND('',#5190,.T.);
#5228=FACE_SURFACE('',(#5209),#5171,.T.);
#5134=DIRECTION('',(0.,0.,1.));
#5153=AXIS2_PLACEMENT_3D('',#5106,#5134,$);
#5172=PLANE('',#5153);
#5191=POLY_LOOP('',(#5106,#5112,#5113));
#5210=FACE_OUTER_BOUND('',#5191,.T.);
#5229=FACE_SURFACE('',(#5210),#5172,.T.);
#5135=DIRECTION('',(0.,0.,1.));
#5154=AXIS2_PLACEMENT_3D('',#5106,#5135,$);
#5173=PLANE('',#5154);
#5192=POLY_LOOP('',(#5106,#5113,#5114));
#5211=FACE_OUTER_BOUND('',#5192,.T.);
#5230=FACE_SURFACE('',(#5211),#5173,.T.);
#5136=DIRECTION('',(0.,0.,1.));
#5155=AXIS2_PLACEMENT_3D('',#5106,#5136,$);
#5174=PLANE('',#5155);
#5193=POLY_LOOP('',(#5106,#5114,#5115));
#5212=FACE_OUTER_BOUND('',#5193,.T.);
#5231=FACE_SURFACE('',(#5212),#5174,.T.);
#5137=DIRECTION('',(0.,0.,1.));
#5156=AXIS2_PLACEMENT_3D('',#5106,#5137,$);
#5175=PLANE('',#5156);
#5194=POLY_LOOP('',(#5106,#5115,#5116));
#5213=FACE_OUTER_BOUND('',#5194,.T.);
#5232=FACE_SURFACE('',(#5213),#5175,.T.);
#5138=DIRECTION('',(0.,0.,1.));
#5157=AXIS2_PLACEMENT_3D('',#5106,#5138,$);
#5176=PLANE('',#5157);
#5195=POLY_LOOP('',(#5106,#5116,#5117));
#5214=FACE_OUTER_BOUND('',#5195,.T.);
#5233=FACE_SURFACE('',(#5214),#5176,.T.);
#5139=DIRECTION('',(0.,0.,1.));
#5158=AXIS2_PLACEMENT_3D('',#5106,#5139,$);
#5177=PLANE('',#5158);
#5196=POLY_LOOP('',(#5106,#5117,#5118));
#5215=FACE_OUTER_BOUND('',#5196,.T.);
#5234=FACE_SURFACE('',(#5215),#5177,.T.);
#5140=DIRECTION('',(0.,0.,1.));
#5159=AXIS2_PLACEMENT_3D('',#5106,#5140,$);
#5178=PLANE('',#5159);
#5197=POLY_LOOP('',(#5106,#5118,#5103));
#5216=FACE_OUTER_BOUND('',#5197,.T.);
#5235=FACE_SURFACE('',(#5216),#5178,.T.);
#5141=DIRECTION('',(0.,0.,1.));
#5160=AXIS2_PLACEMENT_3D('',#5105,#5141,$);
#5179=PLANE('',#5160);
#5198=POLY_LOOP('',(#5105,#5103,#5104));
#5217=FACE_OUTER_BOUND('',#5198,.T.);
#5236=FACE_SURFACE('',(#5217),#5179,.T.);
#5142=DIRECTION('',(0.,0.,1.));
#5161=AXIS2_PLACEMENT_3D('',#5105,#5142,$);
#5180=PLANE('',#5161);
#5199=POLY_LOOP('',(#5105,#5106,#5103));
#5218=FACE_OUTER_BOUND('',#5199,.T.);
#5237=FACE_SURFACE('',(#5218),#5180,.T.);
#5238=CLOSED_SHELL('',(#5219,#5220,#5221,#5222,#5223,#5224,#5225,#5226,#5227,#5228,#5229,#5230,#5231,#5232,#5233,#5234,#5235,#5236,#5237));
#5239=FACETED_BREP('',#5238);
#5240=CARTESIAN_POINT('',(0.0012,0.000093485,0.));
#5241=CARTESIAN_POINT('',(0.001182635,0.00009196578,0.));
#5242=CARTESIAN_POINT('',(0.001165798,0.00008745426,0.));
#5243=CARTESIAN_POINT('',(0.00115,0.00008008754,0.));
#5244=CARTESIAN_POINT('',(0.001135721,0.00007008945,0.));
#5245=CARTESIAN_POINT('',(0.001123396,0.00005776376,0.));
#5246=CARTESIAN_POINT('',(0.001113397,0.000043485,0.));
#5247=CARTESIAN_POINT('',(0.001106031,0.00002768701,0.));
#5248=CARTESIAN_POINT('',(0.001101519,0.00001084982,0.));
#5249=CARTESIAN_POINT('',(0.0011,-0.000006515,0.));
#5250=CARTESIAN_POINT('',(0.001101519,-0.00002387982,0.));
#5251=CARTESIAN_POINT('',(0.001106031,-0.00004071702,0.));
#5252=CARTESIAN_POINT('',(0.001113397,-0.000056515,0.));
#5253=CARTESIAN_POINT('',(0.001123396,-0.00007079376,0.));
#5254=CARTESIAN_POINT('',(0.001135721,-0.00008311944,0.));
#5255=CARTESIAN_POINT('',(0.00115,-0.00009311754,0.));
#5256=CARTESIAN_POINT('',(0.001165798,-0.0001004843,0.));
#5257=CARTESIAN_POINT('',(0.001182635,-0.0001049958,0.));
#5258=CARTESIAN_POINT('',(0.0012,-0.000106515,0.));
#5259=CARTESIAN_POINT('',(0.0015,-0.000106515,0.));
#5260=CARTESIAN_POINT('',(0.0015,0.000093485,0.));
#5261=DIRECTION('',(0.,0.,-1.));
#5280=AXIS2_PLACEMENT_3D('',#5257,#5261,$);
#5299=PLANE('',#5280);
#5318=POLY_LOOP('',(#5257,#5254,#5253));
#5337=FACE_OUTER_BOUND('',#5318,.T.);
#5356=FACE_SURFACE('',(#5337),#5299,.T.);
#5262=DIRECTION('',(0.,0.,-1.));
#5281=AXIS2_PLACEMENT_3D('',#5257,#5262,$);
#5300=PLANE('',#5281);
#5319=POLY_LOOP('',(#5257,#5255,#5254));
#5338=FACE_OUTER_BOUND('',#5319,.T.);
#5357=FACE_SURFACE('',(#5338),#5300,.T.);
#5263=DIRECTION('',(0.,0.,-1.));
#5282=AXIS2_PLACEMENT_3D('',#5257,#5263,$);
#5301=PLANE('',#5282);
#5320=POLY_LOOP('',(#5257,#5256,#5255));
#5339=FACE_OUTER_BOUND('',#5320,.T.);
#5358=FACE_SURFACE('',(#5339),#5301,.T.);
#5264=DIRECTION('',(0.,0.,-1.));
#5283=AXIS2_PLACEMENT_3D('',#5241,#5264,$);
#5302=PLANE('',#5283);
#5321=POLY_LOOP('',(#5241,#5243,#5242));
#5340=FACE_OUTER_BOUND('',#5321,.T.);
#5359=FACE_SURFACE('',(#5340),#5302,.T.);
#5265=DIRECTION('',(0.,0.,-1.));
#5284=AXIS2_PLACEMENT_3D('',#5241,#5265,$);
#5303=PLANE('',#5284);
#5322=POLY_LOOP('',(#5241,#5244,#5243));
#5341=FACE_OUTER_BOUND('',#5322,.T.);
#5360=FACE_SURFACE('',(#5341),#5303,.T.);
#5266=DIRECTION('',(0.,0.,-1.));
#5285=AXIS2_PLACEMENT_3D('',#5241,#5266,$);
#5304=PLANE('',#5285);
#5323=POLY_LOOP('',(#5241,#5245,#5244));
#5342=FACE_OUTER_BOUND('',#5323,.T.);
#5361=FACE_SURFACE('',(#5342),#5304,.T.);
#5267=DIRECTION('',(0.,0.,-1.));
#5286=AXIS2_PLACEMENT_3D('',#5241,#5267,$);
#5305=PLANE('',#5286);
#5324=POLY_LOOP('',(#5241,#5246,#5245));
#5343=FACE_OUTER_BOUND('',#5324,.T.);
#5362=FACE_SURFACE('',(#5343),#5305,.T.);
#5268=DIRECTION('',(0.,0.,-1.));
#5287=AXIS2_PLACEMENT_3D('',#5241,#5268,$);
#5306=PLANE('',#5287);
#5325=POLY_LOOP('',(#5241,#5247,#5246));
#5344=FACE_OUTER_BOUND('',#5325,.T.);
#5363=FACE_SURFACE('',(#5344),#5306,.T.);
#5269=DIRECTION('',(0.,0.,-1.));
#5288=AXIS2_PLACEMENT_3D('',#5241,#5269,$);
#5307=PLANE('',#5288);
#5326=POLY_LOOP('',(#5241,#5248,#5247));
#5345=FACE_OUTER_BOUND('',#5326,.T.);
#5364=FACE_SURFACE('',(#5345),#5307,.T.);
#5270=DIRECTION('',(0.,0.,-1.));
#5289=AXIS2_PLACEMENT_3D('',#5241,#5270,$);
#5308=PLANE('',#5289);
#5327=POLY_LOOP('',(#5241,#5249,#5248));
#5346=FACE_OUTER_BOUND('',#5327,.T.);
#5365=FACE_SURFACE('',(#5346),#5308,.T.);
#5271=DIRECTION('',(0.,0.,-1.));
#5290=AXIS2_PLACEMENT_3D('',#5241,#5271,$);
#5309=PLANE('',#5290);
#5328=POLY_LOOP('',(#5241,#5250,#5249));
#5347=FACE_OUTER_BOUND('',#5328,.T.);
#5366=FACE_SURFACE('',(#5347),#5309,.T.);
#5272=DIRECTION('',(0.,0.,-1.));
#5291=AXIS2_PLACEMENT_3D('',#5241,#5272,$);
#5310=PLANE('',#5291);
#5329=POLY_LOOP('',(#5241,#5251,#5250));
#5348=FACE_OUTER_BOUND('',#5329,.T.);
#5367=FACE_SURFACE('',(#5348),#5310,.T.);
#5273=DIRECTION('',(0.,0.,-1.));
#5292=AXIS2_PLACEMENT_3D('',#5241,#5273,$);
#5311=PLANE('',#5292);
#5330=POLY_LOOP('',(#5241,#5252,#5251));
#5349=FACE_OUTER_BOUND('',#5330,.T.);
#5368=FACE_SURFACE('',(#5349),#5311,.T.);
#5274=DIRECTION('',(0.,0.,-1.));
#5293=AXIS2_PLACEMENT_3D('',#5241,#5274,$);
#5312=PLANE('',#5293);
#5331=POLY_LOOP('',(#5241,#5253,#5252));
#5350=FACE_OUTER_BOUND('',#5331,.T.);
#5369=FACE_SURFACE('',(#5350),#5312,.T.);
#5275=DIRECTION('',(0.,0.,-1.));
#5294=AXIS2_PLACEMENT_3D('',#5241,#5275,$);
#5313=PLANE('',#5294);
#5332=POLY_LOOP('',(#5241,#5257,#5253));
#5351=FACE_OUTER_BOUND('',#5332,.T.);
#5370=FACE_SURFACE('',(#5351),#5313,.T.);
#5276=DIRECTION('',(0.,0.,-1.));
#5295=AXIS2_PLACEMENT_3D('',#5240,#5276,$);
#5314=PLANE('',#5295);
#5333=POLY_LOOP('',(#5240,#5258,#5257));
#5352=FACE_OUTER_BOUND('',#5333,.T.);
#5371=FACE_SURFACE('',(#5352),#5314,.T.);
#5277=DIRECTION('',(0.,0.,-1.));
#5296=AXIS2_PLACEMENT_3D('',#5240,#5277,$);
#5315=PLANE('',#5296);
#5334=POLY_LOOP('',(#5240,#5257,#5241));
#5353=FACE_OUTER_BOUND('',#5334,.T.);
#5372=FACE_SURFACE('',(#5353),#5315,.T.);
#5278=DIRECTION('',(0.,0.,-1.));
#5297=AXIS2_PLACEMENT_3D('',#5260,#5278,$);
#5316=PLANE('',#5297);
#5335=POLY_LOOP('',(#5260,#5259,#5258));
#5354=FACE_OUTER_BOUND('',#5335,.T.);
#5373=FACE_SURFACE('',(#5354),#5316,.T.);
#5279=DIRECTION('',(0.,0.,-1.));
#5298=AXIS2_PLACEMENT_3D('',#5260,#5279,$);
#5317=PLANE('',#5298);
#5336=POLY_LOOP('',(#5260,#5258,#5240));
#5355=FACE_OUTER_BOUND('',#5336,.T.);
#5374=FACE_SURFACE('',(#5355),#5317,.T.);
#5375=CLOSED_SHELL('',(#5356,#5357,#5358,#5359,#5360,#5361,#5362,#5363,#5364,#5365,#5366,#5367,#5368,#5369,#5370,#5371,#5372,#5373,#5374));
#5376=FACETED_BREP('',#5375);
#5377=CARTESIAN_POINT('',(0.0012,-0.000106515,0.));
#5378=CARTESIAN_POINT('',(0.0012,-0.000106515,0.0001));
#5379=CARTESIAN_POINT('',(0.0012,0.000093485,0.0001));
#5380=CARTESIAN_POINT('',(0.001182635,0.00009196578,0.0001));
#5381=CARTESIAN_POINT('',(0.001165798,0.00008745426,0.0001));
#5382=CARTESIAN_POINT('',(0.00115,0.00008008754,0.0001));
#5383=CARTESIAN_POINT('',(0.001135721,0.00007008945,0.0001));
#5384=CARTESIAN_POINT('',(0.001123396,0.00005776376,0.0001));
#5385=CARTESIAN_POINT('',(0.001113397,0.000043485,0.0001));
#5386=CARTESIAN_POINT('',(0.001106031,0.00002768701,0.0001));
#5387=CARTESIAN_POINT('',(0.001101519,0.00001084982,0.0001));
#5388=CARTESIAN_POINT('',(0.0011,-0.000006515,0.0001));
#5389=CARTESIAN_POINT('',(0.001101519,-0.00002387982,0.0001));
#5390=CARTESIAN_POINT('',(0.001106031,-0.00004071702,0.0001));
#5391=CARTESIAN_POINT('',(0.001113397,-0.000056515,0.0001));
#5392=CARTESIAN_POINT('',(0.001123396,-0.00007079376,0.0001));
#5393=CARTESIAN_POINT('',(0.001135721,-0.00008311944,0.0001));
#5394=CARTESIAN_POINT('',(0.00115,-0.00009311754,0.0001));
#5395=CARTESIAN_POINT('',(0.001165798,-0.0001004843,0.0001));
#5396=CARTESIAN_POINT('',(0.001182635,-0.0001049958,0.0001));
#5397=CARTESIAN_POINT('',(0.0012,0.000093485,0.));
#5398=CARTESIAN_POINT('',(0.001182635,0.00009196578,0.));
#5399=CARTESIAN_POINT('',(0.001165798,0.00008745426,0.));
#5400=CARTESIAN_POINT('',(0.00115,0.00008008754,0.));
#5401=CARTESIAN_POINT('',(0.001135721,0.00007008945,0.));
#5402=CARTESIAN_POINT('',(0.001123396,0.00005776376,0.));
#5403=CARTESIAN_POINT('',(0.001113397,0.000043485,0.));
#5404=CARTESIAN_POINT('',(0.001106031,0.00002768701,0.));
#5405=CARTESIAN_POINT('',(0.001101519,0.00001084982,0.));
#5406=CARTESIAN_POINT('',(0.0011,-0.000006515,0.));
#5407=CARTESIAN_POINT('',(0.001101519,-0.00002387982,0.));
#5408=CARTESIAN_POINT('',(0.001106031,-0.00004071702,0.));
#5409=CARTESIAN_POINT('',(0.001113397,-0.000056515,0.));
#5410=CARTESIAN_POINT('',(0.001123396,-0.00007079376,0.));
#5411=CARTESIAN_POINT('',(0.001135721,-0.00008311944,0.));
#5412=CARTESIAN_POINT('',(0.00115,-0.00009311754,0.));
#5413=CARTESIAN_POINT('',(0.001165798,-0.0001004843,0.));
#5414=CARTESIAN_POINT('',(0.001182635,-0.0001049958,0.));
#5415=DIRECTION('',(-0.08715568,0.9961947,0.));
#5451=AXIS2_PLACEMENT_3D('',#5380,#5415,$);
#5487=PLANE('',#5451);
#5523=POLY_LOOP('',(#5380,#5379,#5397));
#5559=FACE_OUTER_BOUND('',#5523,.T.);
#5595=FACE_SURFACE('',(#5559),#5487,.T.);
#5416=DIRECTION('',(-0.08715568,0.9961947,0.));
#5452=AXIS2_PLACEMENT_3D('',#5380,#5416,$);
#5488=PLANE('',#5452);
#5524=POLY_LOOP('',(#5380,#5397,#5398));
#5560=FACE_OUTER_BOUND('',#5524,.T.);
#5596=FACE_SURFACE('',(#5560),#5488,.T.);
#5417=DIRECTION('',(-0.2588182,0.9659261,0.));
#5453=AXIS2_PLACEMENT_3D('',#5381,#5417,$);
#5489=PLANE('',#5453);
#5525=POLY_LOOP('',(#5381,#5398,#5399));
#5561=FACE_OUTER_BOUND('',#5525,.T.);
#5597=FACE_SURFACE('',(#5561),#5489,.T.);
#5418=DIRECTION('',(-0.2588182,0.9659261,0.));
#5454=AXIS2_PLACEMENT_3D('',#5381,#5418,$);
#5490=PLANE('',#5454);
#5526=POLY_LOOP('',(#5381,#5380,#5398));
#5562=FACE_OUTER_BOUND('',#5526,.T.);
#5598=FACE_SURFACE('',(#5562),#5490,.T.);
#5419=DIRECTION('',(-0.4226198,0.9063071,0.));
#5455=AXIS2_PLACEMENT_3D('',#5382,#5419,$);
#5491=PLANE('',#5455);
#5527=POLY_LOOP('',(#5382,#5399,#5400));
#5563=FACE_OUTER_BOUND('',#5527,.T.);
#5599=FACE_SURFACE('',(#5563),#5491,.T.);
#5420=DIRECTION('',(-0.4226198,0.9063071,0.));
#5456=AXIS2_PLACEMENT_3D('',#5382,#5420,$);
#5492=PLANE('',#5456);
#5528=POLY_LOOP('',(#5382,#5381,#5399));
#5564=FACE_OUTER_BOUND('',#5528,.T.);
#5600=FACE_SURFACE('',(#5564),#5492,.T.);
#5421=DIRECTION('',(-0.5735753,0.8191528,0.));
#5457=AXIS2_PLACEMENT_3D('',#5383,#5421,$);
#5493=PLANE('',#5457);
#5529=POLY_LOOP('',(#5383,#5400,#5401));
#5565=FACE_OUTER_BOUND('',#5529,.T.);
#5601=FACE_SURFACE('',(#5565),#5493,.T.);
#5422=DIRECTION('',(-0.5735753,0.8191528,0.));
#5458=AXIS2_PLACEMENT_3D('',#5383,#5422,$);
#5494=PLANE('',#5458);
#5530=POLY_LOOP('',(#5383,#5382,#5400));
#5566=FACE_OUTER_BOUND('',#5530,.T.);
#5602=FACE_SURFACE('',(#5566),#5494,.T.);
#5423=DIRECTION('',(-0.7071062,0.7071074,0.));
#5459=AXIS2_PLACEMENT_3D('',#5384,#5423,$);
#5495=PLANE('',#5459);
#5531=POLY_LOOP('',(#5384,#5401,#5402));
#5567=FACE_OUTER_BOUND('',#5531,.T.);
#5603=FACE_SURFACE('',(#5567),#5495,.T.);
#5424=DIRECTION('',(-0.7071062,0.7071074,0.));
#5460=AXIS2_PLACEMENT_3D('',#5384,#5424,$);
#5496=PLANE('',#5460);
#5532=POLY_LOOP('',(#5384,#5383,#5401));
#5568=FACE_OUTER_BOUND('',#5532,.T.);
#5604=FACE_SURFACE('',(#5568),#5496,.T.);
#5425=DIRECTION('',(-0.819152,0.5735765,0.));
#5461=AXIS2_PLACEMENT_3D('',#5385,#5425,$);
#5497=PLANE('',#5461);
#5533=POLY_LOOP('',(#5385,#5402,#5403));
#5569=FACE_OUTER_BOUND('',#5533,.T.);
#5605=FACE_SURFACE('',(#5569),#5497,.T.);
#5426=DIRECTION('',(-0.819152,0.5735765,0.));
#5462=AXIS2_PLACEMENT_3D('',#5385,#5426,$);
#5498=PLANE('',#5462);
#5534=POLY_LOOP('',(#5385,#5384,#5402));
#5570=FACE_OUTER_BOUND('',#5534,.T.);
#5606=FACE_SURFACE('',(#5570),#5498,.T.);
#5427=DIRECTION('',(-0.9063095,0.4226146,0.));
#5463=AXIS2_PLACEMENT_3D('',#5386,#5427,$);
#5499=PLANE('',#5463);
#5535=POLY_LOOP('',(#5386,#5403,#5404));
#5571=FACE_OUTER_BOUND('',#5535,.T.);
#5607=FACE_SURFACE('',(#5571),#5499,.T.);
#5428=DIRECTION('',(-0.9063095,0.4226146,0.));
#5464=AXIS2_PLACEMENT_3D('',#5386,#5428,$);
#5500=PLANE('',#5464);
#5536=POLY_LOOP('',(#5386,#5385,#5403));
#5572=FACE_OUTER_BOUND('',#5536,.T.);
#5608=FACE_SURFACE('',(#5572),#5500,.T.);
#5429=DIRECTION('',(-0.9659252,0.2588215,0.));
#5465=AXIS2_PLACEMENT_3D('',#5387,#5429,$);
#5501=PLANE('',#5465);
#5537=POLY_LOOP('',(#5387,#5404,#5405));
#5573=FACE_OUTER_BOUND('',#5537,.T.);
#5609=FACE_SURFACE('',(#5573),#5501,.T.);
#5430=DIRECTION('',(-0.9659252,0.2588215,0.));
#5466=AXIS2_PLACEMENT_3D('',#5387,#5430,$);
#5502=PLANE('',#5466);
#5538=POLY_LOOP('',(#5387,#5386,#5404));
#5574=FACE_OUTER_BOUND('',#5538,.T.);
#5610=FACE_SURFACE('',(#5574),#5502,.T.);
#5431=DIRECTION('',(-0.9961947,0.08715547,0.));
#5467=AXIS2_PLACEMENT_3D('',#5388,#5431,$);
#5503=PLANE('',#5467);
#5539=POLY_LOOP('',(#5388,#5405,#5406));
#5575=FACE_OUTER_BOUND('',#5539,.T.);
#5611=FACE_SURFACE('',(#5575),#5503,.T.);
#5432=DIRECTION('',(-0.9961947,0.08715547,0.));
#5468=AXIS2_PLACEMENT_3D('',#5388,#5432,$);
#5504=PLANE('',#5468);
#5540=POLY_LOOP('',(#5388,#5387,#5405));
#5576=FACE_OUTER_BOUND('',#5540,.T.);
#5612=FACE_SURFACE('',(#5576),#5504,.T.);
#5433=DIRECTION('',(-0.9961947,-0.08715547,0.));
#5469=AXIS2_PLACEMENT_3D('',#5389,#5433,$);
#5505=PLANE('',#5469);
#5541=POLY_LOOP('',(#5389,#5406,#5407));
#5577=FACE_OUTER_BOUND('',#5541,.T.);
#5613=FACE_SURFACE('',(#5577),#5505,.T.);
#5434=DIRECTION('',(-0.9961947,-0.08715547,0.));
#5470=AXIS2_PLACEMENT_3D('',#5389,#5434,$);
#5506=PLANE('',#5470);
#5542=POLY_LOOP('',(#5389,#5388,#5406));
#5578=FACE_OUTER_BOUND('',#5542,.T.);
#5614=FACE_SURFACE('',(#5578),#5506,.T.);
#5435=DIRECTION('',(-0.9659252,-0.2588215,0.));
#5471=AXIS2_PLACEMENT_3D('',#5390,#5435,$);
#5507=PLANE('',#5471);
#5543=POLY_LOOP('',(#5390,#5407,#5408));
#5579=FACE_OUTER_BOUND('',#5543,.T.);
#5615=FACE_SURFACE('',(#5579),#5507,.T.);
#5436=DIRECTION('',(-0.9659252,-0.2588215,0.));
#5472=AXIS2_PLACEMENT_3D('',#5390,#5436,$);
#5508=PLANE('',#5472);
#5544=POLY_LOOP('',(#5390,#5389,#5407));
#5580=FACE_OUTER_BOUND('',#5544,.T.);
#5616=FACE_SURFACE('',(#5580),#5508,.T.);
#5437=DIRECTION('',(-0.9063095,-0.4226147,0.));
#5473=AXIS2_PLACEMENT_3D('',#5391,#5437,$);
#5509=PLANE('',#5473);
#5545=POLY_LOOP('',(#5391,#5408,#5409));
#5581=FACE_OUTER_BOUND('',#5545,.T.);
#5617=FACE_SURFACE('',(#5581),#5509,.T.);
#5438=DIRECTION('',(-0.9063095,-0.4226147,0.));
#5474=AXIS2_PLACEMENT_3D('',#5391,#5438,$);
#5510=PLANE('',#5474);
#5546=POLY_LOOP('',(#5391,#5390,#5408));
#5582=FACE_OUTER_BOUND('',#5546,.T.);
#5618=FACE_SURFACE('',(#5582),#5510,.T.);
#5439=DIRECTION('',(-0.819152,-0.5735766,0.));
#5475=AXIS2_PLACEMENT_3D('',#5392,#5439,$);
#5511=PLANE('',#5475);
#5547=POLY_LOOP('',(#5392,#5409,#5410));
#5583=FACE_OUTER_BOUND('',#5547,.T.);
#5619=FACE_SURFACE('',(#5583),#5511,.T.);
#5440=DIRECTION('',(-0.819152,-0.5735766,0.));
#5476=AXIS2_PLACEMENT_3D('',#5392,#5440,$);
#5512=PLANE('',#5476);
#5548=POLY_LOOP('',(#5392,#5391,#5409));
#5584=FACE_OUTER_BOUND('',#5548,.T.);
#5620=FACE_SURFACE('',(#5584),#5512,.T.);
#5441=DIRECTION('',(-0.7071062,-0.7071074,0.));
#5477=AXIS2_PLACEMENT_3D('',#5393,#5441,$);
#5513=PLANE('',#5477);
#5549=POLY_LOOP('',(#5393,#5410,#5411));
#5585=FACE_OUTER_BOUND('',#5549,.T.);
#5621=FACE_SURFACE('',(#5585),#5513,.T.);
#5442=DIRECTION('',(-0.7071062,-0.7071074,0.));
#5478=AXIS2_PLACEMENT_3D('',#5393,#5442,$);
#5514=PLANE('',#5478);
#5550=POLY_LOOP('',(#5393,#5392,#5410));
#5586=FACE_OUTER_BOUND('',#5550,.T.);
#5622=FACE_SURFACE('',(#5586),#5514,.T.);
#5443=DIRECTION('',(-0.5735753,-0.8191528,0.));
#5479=AXIS2_PLACEMENT_3D('',#5394,#5443,$);
#5515=PLANE('',#5479);
#5551=POLY_LOOP('',(#5394,#5411,#5412));
#5587=FACE_OUTER_BOUND('',#5551,.T.);
#5623=FACE_SURFACE('',(#5587),#5515,.T.);
#5444=DIRECTION('',(-0.5735753,-0.8191528,0.));
#5480=AXIS2_PLACEMENT_3D('',#5394,#5444,$);
#5516=PLANE('',#5480);
#5552=POLY_LOOP('',(#5394,#5393,#5411));
#5588=FACE_OUTER_BOUND('',#5552,.T.);
#5624=FACE_SURFACE('',(#5588),#5516,.T.);
#5445=DIRECTION('',(-0.4226201,-0.9063069,0.));
#5481=AXIS2_PLACEMENT_3D('',#5395,#5445,$);
#5517=PLANE('',#5481);
#5553=POLY_LOOP('',(#5395,#5394,#5412));
#5589=FACE_OUTER_BOUND('',#5553,.T.);
#5625=FACE_SURFACE('',(#5589),#5517,.T.);
#5446=DIRECTION('',(-0.4226201,-0.9063069,0.));
#5482=AXIS2_PLACEMENT_3D('',#5395,#5446,$);
#5518=PLANE('',#5482);
#5554=POLY_LOOP('',(#5395,#5412,#5413));
#5590=FACE_OUTER_BOUND('',#5554,.T.);
#5626=FACE_SURFACE('',(#5590),#5518,.T.);
#5447=DIRECTION('',(-0.2588178,-0.9659262,0.));
#5483=AXIS2_PLACEMENT_3D('',#5396,#5447,$);
#5519=PLANE('',#5483);
#5555=POLY_LOOP('',(#5396,#5395,#5413));
#5591=FACE_OUTER_BOUND('',#5555,.T.);
#5627=FACE_SURFACE('',(#5591),#5519,.T.);
#5448=DIRECTION('',(-0.2588178,-0.9659262,0.));
#5484=AXIS2_PLACEMENT_3D('',#5396,#5448,$);
#5520=PLANE('',#5484);
#5556=POLY_LOOP('',(#5396,#5413,#5414));
#5592=FACE_OUTER_BOUND('',#5556,.T.);
#5628=FACE_SURFACE('',(#5592),#5520,.T.);
#5449=DIRECTION('',(-0.08715568,-0.9961947,0.));
#5485=AXIS2_PLACEMENT_3D('',#5378,#5449,$);
#5521=PLANE('',#5485);
#5557=POLY_LOOP('',(#5378,#5396,#5414));
#5593=FACE_OUTER_BOUND('',#5557,.T.);
#5629=FACE_SURFACE('',(#5593),#5521,.T.);
#5450=DIRECTION('',(-0.08715568,-0.9961947,0.));
#5486=AXIS2_PLACEMENT_3D('',#5378,#5450,$);
#5522=PLANE('',#5486);
#5558=POLY_LOOP('',(#5378,#5414,#5377));
#5594=FACE_OUTER_BOUND('',#5558,.T.);
#5630=FACE_SURFACE('',(#5594),#5522,.T.);
#5631=CLOSED_SHELL('',(#5595,#5596,#5597,#5598,#5599,#5600,#5601,#5602,#5603,#5604,#5605,#5606,#5607,#5608,#5609,#5610,#5611,#5612,#5613,#5614,#5615,#5616,#5617,#5618,#5619,#5620,#5621,#5622,#5623,#5624,#5625,#5626,#5627,#5628,#5629,#5630));
#5632=FACETED_BREP('',#5631);
#5633=CARTESIAN_POINT('',(0.0012,0.000093485,0.));
#5634=CARTESIAN_POINT('',(0.0012,0.000093485,0.0001));
#5635=CARTESIAN_POINT('',(0.0015,0.000093485,0.0001));
#5636=CARTESIAN_POINT('',(0.0015,0.000093485,0.));
#5637=DIRECTION('',(0.,1.,0.));
#5639=AXIS2_PLACEMENT_3D('',#5634,#5637,$);
#5641=PLANE('',#5639);
#5643=POLY_LOOP('',(#5634,#5635,#5636));
#5645=FACE_OUTER_BOUND('',#5643,.T.);
#5647=FACE_SURFACE('',(#5645),#5641,.T.);
#5638=DIRECTION('',(0.,1.,0.));
#5640=AXIS2_PLACEMENT_3D('',#5634,#5638,$);
#5642=PLANE('',#5640);
#5644=POLY_LOOP('',(#5634,#5636,#5633));
#5646=FACE_OUTER_BOUND('',#5644,.T.);
#5648=FACE_SURFACE('',(#5646),#5642,.T.);
#5649=CLOSED_SHELL('',(#5647,#5648));
#5650=FACETED_BREP('',#5649);
#5651=CARTESIAN_POINT('',(0.0015,0.000093485,0.));
#5652=CARTESIAN_POINT('',(0.0015,0.000093485,0.0001));
#5653=CARTESIAN_POINT('',(0.0015,-0.000106515,0.0001));
#5654=CARTESIAN_POINT('',(0.0015,-0.000106515,0.));
#5655=DIRECTION('',(1.,0.,0.));
#5657=AXIS2_PLACEMENT_3D('',#5652,#5655,$);
#5659=PLANE('',#5657);
#5661=POLY_LOOP('',(#5652,#5653,#5654));
#5663=FACE_OUTER_BOUND('',#5661,.T.);
#5665=FACE_SURFACE('',(#5663),#5659,.T.);
#5656=DIRECTION('',(1.,0.,0.));
#5658=AXIS2_PLACEMENT_3D('',#5652,#5656,$);
#5660=PLANE('',#5658);
#5662=POLY_LOOP('',(#5652,#5654,#5651));
#5664=FACE_OUTER_BOUND('',#5662,.T.);
#5666=FACE_SURFACE('',(#5664),#5660,.T.);
#5667=CLOSED_SHELL('',(#5665,#5666));
#5668=FACETED_BREP('',#5667);
#5669=CARTESIAN_POINT('',(0.0015,-0.000106515,0.));
#5670=CARTESIAN_POINT('',(0.0015,-0.000106515,0.0001));
#5671=CARTESIAN_POINT('',(0.0012,-0.000106515,0.0001));
#5672=CARTESIAN_POINT('',(0.0012,-0.000106515,0.));
#5673=DIRECTION('',(0.,-1.,0.));
#5675=AXIS2_PLACEMENT_3D('',#5670,#5673,$);
#5677=PLANE('',#5675);
#5679=POLY_LOOP('',(#5670,#5671,#5672));
#5681=FACE_OUTER_BOUND('',#5679,.T.);
#5683=FACE_SURFACE('',(#5681),#5677,.T.);
#5674=DIRECTION('',(0.,-1.,0.));
#5676=AXIS2_PLACEMENT_3D('',#5670,#5674,$);
#5678=PLANE('',#5676);
#5680=POLY_LOOP('',(#5670,#5672,#5669));
#5682=FACE_OUTER_BOUND('',#5680,.T.);
#5684=FACE_SURFACE('',(#5682),#5678,.T.);
#5685=CLOSED_SHELL('',(#5683,#5684));
#5686=FACETED_BREP('',#5685);
#5687=CARTESIAN_POINT('',(0.0012,-0.000106515,0.0001));
#5688=CARTESIAN_POINT('',(0.0015,-0.000106515,0.0001));
#5689=CARTESIAN_POINT('',(0.0015,0.000093485,0.0001));
#5690=CARTESIAN_POINT('',(0.0012,0.000093485,0.0001));
#5691=CARTESIAN_POINT('',(0.001182635,0.00009196578,0.0001));
#5692=CARTESIAN_POINT('',(0.001165798,0.00008745426,0.0001));
#5693=CARTESIAN_POINT('',(0.00115,0.00008008754,0.0001));
#5694=CARTESIAN_POINT('',(0.001135721,0.00007008945,0.0001));
#5695=CARTESIAN_POINT('',(0.001123396,0.00005776376,0.0001));
#5696=CARTESIAN_POINT('',(0.001113397,0.000043485,0.0001));
#5697=CARTESIAN_POINT('',(0.001106031,0.00002768701,0.0001));
#5698=CARTESIAN_POINT('',(0.001101519,0.00001084982,0.0001));
#5699=CARTESIAN_POINT('',(0.0011,-0.000006515,0.0001));
#5700=CARTESIAN_POINT('',(0.001101519,-0.00002387982,0.0001));
#5701=CARTESIAN_POINT('',(0.001106031,-0.00004071702,0.0001));
#5702=CARTESIAN_POINT('',(0.001113397,-0.000056515,0.0001));
#5703=CARTESIAN_POINT('',(0.001123396,-0.00007079376,0.0001));
#5704=CARTESIAN_POINT('',(0.001135721,-0.00008311944,0.0001));
#5705=CARTESIAN_POINT('',(0.00115,-0.00009311754,0.0001));
#5706=CARTESIAN_POINT('',(0.001165798,-0.0001004843,0.0001));
#5707=CARTESIAN_POINT('',(0.001182635,-0.0001049958,0.0001));
#5708=DIRECTION('',(0.,0.,1.));
#5727=AXIS2_PLACEMENT_3D('',#5687,#5708,$);
#5746=PLANE('',#5727);
#5765=POLY_LOOP('',(#5687,#5703,#5704));
#5784=FACE_OUTER_BOUND('',#5765,.T.);
#5803=FACE_SURFACE('',(#5784),#5746,.T.);
#5709=DIRECTION('',(0.,0.,1.));
#5728=AXIS2_PLACEMENT_3D('',#5687,#5709,$);
#5747=PLANE('',#5728);
#5766=POLY_LOOP('',(#5687,#5704,#5705));
#5785=FACE_OUTER_BOUND('',#5766,.T.);
#5804=FACE_SURFACE('',(#5785),#5747,.T.);
#5710=DIRECTION('',(0.,0.,1.));
#5729=AXIS2_PLACEMENT_3D('',#5687,#5710,$);
#5748=PLANE('',#5729);
#5767=POLY_LOOP('',(#5687,#5705,#5706));
#5786=FACE_OUTER_BOUND('',#5767,.T.);
#5805=FACE_SURFACE('',(#5786),#5748,.T.);
#5711=DIRECTION('',(0.,0.,1.));
#5730=AXIS2_PLACEMENT_3D('',#5687,#5711,$);
#5749=PLANE('',#5730);
#5768=POLY_LOOP('',(#5687,#5706,#5707));
#5787=FACE_OUTER_BOUND('',#5768,.T.);
#5806=FACE_SURFACE('',(#5787),#5749,.T.);
#5712=DIRECTION('',(0.,0.,1.));
#5731=AXIS2_PLACEMENT_3D('',#5690,#5712,$);
#5750=PLANE('',#5731);
#5769=POLY_LOOP('',(#5690,#5691,#5692));
#5788=FACE_OUTER_BOUND('',#5769,.T.);
#5807=FACE_SURFACE('',(#5788),#5750,.T.);
#5713=DIRECTION('',(0.,0.,1.));
#5732=AXIS2_PLACEMENT_3D('',#5690,#5713,$);
#5751=PLANE('',#5732);
#5770=POLY_LOOP('',(#5690,#5692,#5693));
#5789=FACE_OUTER_BOUND('',#5770,.T.);
#5808=FACE_SURFACE('',(#5789),#5751,.T.);
#5714=DIRECTION('',(0.,0.,1.));
#5733=AXIS2_PLACEMENT_3D('',#5690,#5714,$);
#5752=PLANE('',#5733);
#5771=POLY_LOOP('',(#5690,#5693,#5694));
#5790=FACE_OUTER_BOUND('',#5771,.T.);
#5809=FACE_SURFACE('',(#5790),#5752,.T.);
#5715=DIRECTION('',(0.,0.,1.));
#5734=AXIS2_PLACEMENT_3D('',#5690,#5715,$);
#5753=PLANE('',#5734);
#5772=POLY_LOOP('',(#5690,#5694,#5695));
#5791=FACE_OUTER_BOUND('',#5772,.T.);
#5810=FACE_SURFACE('',(#5791),#5753,.T.);
#5716=DIRECTION('',(0.,0.,1.));
#5735=AXIS2_PLACEMENT_3D('',#5690,#5716,$);
#5754=PLANE('',#5735);
#5773=POLY_LOOP('',(#5690,#5695,#5696));
#5792=FACE_OUTER_BOUND('',#5773,.T.);
#5811=FACE_SURFACE('',(#5792),#5754,.T.);
#5717=DIRECTION('',(0.,0.,1.));
#5736=AXIS2_PLACEMENT_3D('',#5690,#5717,$);
#5755=PLANE('',#5736);
#5774=POLY_LOOP('',(#5690,#5696,#5697));
#5793=FACE_OUTER_BOUND('',#5774,.T.);
#5812=FACE_SURFACE('',(#5793),#5755,.T.);
#5718=DIRECTION('',(0.,0.,1.));
#5737=AXIS2_PLACEMENT_3D('',#5690,#5718,$);
#5756=PLANE('',#5737);
#5775=POLY_LOOP('',(#5690,#5697,#5698));
#5794=FACE_OUTER_BOUND('',#5775,.T.);
#5813=FACE_SURFACE('',(#5794),#5756,.T.);
#5719=DIRECTION('',(0.,0.,1.));
#5738=AXIS2_PLACEMENT_3D('',#5690,#5719,$);
#5757=PLANE('',#5738);
#5776=POLY_LOOP('',(#5690,#5698,#5699));
#5795=FACE_OUTER_BOUND('',#5776,.T.);
#5814=FACE_SURFACE('',(#5795),#5757,.T.);
#5720=DIRECTION('',(0.,0.,1.));
#5739=AXIS2_PLACEMENT_3D('',#5690,#5720,$);
#5758=PLANE('',#5739);
#5777=POLY_LOOP('',(#5690,#5699,#5700));
#5796=FACE_OUTER_BOUND('',#5777,.T.);
#5815=FACE_SURFACE('',(#5796),#5758,.T.);
#5721=DIRECTION('',(0.,0.,1.));
#5740=AXIS2_PLACEMENT_3D('',#5690,#5721,$);
#5759=PLANE('',#5740);
#5778=POLY_LOOP('',(#5690,#5700,#5701));
#5797=FACE_OUTER_BOUND('',#5778,.T.);
#5816=FACE_SURFACE('',(#5797),#5759,.T.);
#5722=DIRECTION('',(0.,0.,1.));
#5741=AXIS2_PLACEMENT_3D('',#5690,#5722,$);
#5760=PLANE('',#5741);
#5779=POLY_LOOP('',(#5690,#5701,#5702));
#5798=FACE_OUTER_BOUND('',#5779,.T.);
#5817=FACE_SURFACE('',(#5798),#5760,.T.);
#5723=DIRECTION('',(0.,0.,1.));
#5742=AXIS2_PLACEMENT_3D('',#5690,#5723,$);
#5761=PLANE('',#5742);
#5780=POLY_LOOP('',(#5690,#5702,#5703));
#5799=FACE_OUTER_BOUND('',#5780,.T.);
#5818=FACE_SURFACE('',(#5799),#5761,.T.);
#5724=DIRECTION('',(0.,0.,1.));
#5743=AXIS2_PLACEMENT_3D('',#5690,#5724,$);
#5762=PLANE('',#5743);
#5781=POLY_LOOP('',(#5690,#5703,#5687));
#5800=FACE_OUTER_BOUND('',#5781,.T.);
#5819=FACE_SURFACE('',(#5800),#5762,.T.);
#5725=DIRECTION('',(0.,0.,1.));
#5744=AXIS2_PLACEMENT_3D('',#5689,#5725,$);
#5763=PLANE('',#5744);
#5782=POLY_LOOP('',(#5689,#5687,#5688));
#5801=FACE_OUTER_BOUND('',#5782,.T.);
#5820=FACE_SURFACE('',(#5801),#5763,.T.);
#5726=DIRECTION('',(0.,0.,1.));
#5745=AXIS2_PLACEMENT_3D('',#5689,#5726,$);
#5764=PLANE('',#5745);
#5783=POLY_LOOP('',(#5689,#5690,#5687));
#5802=FACE_OUTER_BOUND('',#5783,.T.);
#5821=FACE_SURFACE('',(#5802),#5764,.T.);
#5822=CLOSED_SHELL('',(#5803,#5804,#5805,#5806,#5807,#5808,#5809,#5810,#5811,#5812,#5813,#5814,#5815,#5816,#5817,#5818,#5819,#5820,#5821));
#5823=FACETED_BREP('',#5822);
#5824=CARTESIAN_POINT('',(0.0012,0.000493485,0.));
#5825=CARTESIAN_POINT('',(0.001182635,0.0004919658,0.));
#5826=CARTESIAN_POINT('',(0.001165798,0.0004874543,0.));
#5827=CARTESIAN_POINT('',(0.00115,0.0004800875,0.));
#5828=CARTESIAN_POINT('',(0.001135721,0.0004700894,0.));
#5829=CARTESIAN_POINT('',(0.001123396,0.0004577638,0.));
#5830=CARTESIAN_POINT('',(0.001113397,0.000443485,0.));
#5831=CARTESIAN_POINT('',(0.001106031,0.000427687,0.));
#5832=CARTESIAN_POINT('',(0.001101519,0.0004108498,0.));
#5833=CARTESIAN_POINT('',(0.0011,0.000393485,0.));
#5834=CARTESIAN_POINT('',(0.001101519,0.0003761202,0.));
#5835=CARTESIAN_POINT('',(0.001106031,0.000359283,0.));
#5836=CARTESIAN_POINT('',(0.001113397,0.000343485,0.));
#5837=CARTESIAN_POINT('',(0.001123396,0.0003292062,0.));
#5838=CARTESIAN_POINT('',(0.001135721,0.0003168806,0.));
#5839=CARTESIAN_POINT('',(0.00115,0.0003068825,0.));
#5840=CARTESIAN_POINT('',(0.001165798,0.0002995157,0.));
#5841=CARTESIAN_POINT('',(0.001182635,0.0002950042,0.));
#5842=CARTESIAN_POINT('',(0.0012,0.000293485,0.));
#5843=CARTESIAN_POINT('',(0.0015,0.000293485,0.));
#5844=CARTESIAN_POINT('',(0.0015,0.000493485,0.));
#5845=DIRECTION('',(0.,0.,-1.));
#5864=AXIS2_PLACEMENT_3D('',#5841,#5845,$);
#5883=PLANE('',#5864);
#5902=POLY_LOOP('',(#5841,#5837,#5836));
#5921=FACE_OUTER_BOUND('',#5902,.T.);
#5940=FACE_SURFACE('',(#5921),#5883,.T.);
#5846=DIRECTION('',(0.,0.,-1.));
#5865=AXIS2_PLACEMENT_3D('',#5841,#5846,$);
#5884=PLANE('',#5865);
#5903=POLY_LOOP('',(#5841,#5838,#5837));
#5922=FACE_OUTER_BOUND('',#5903,.T.);
#5941=FACE_SURFACE('',(#5922),#5884,.T.);
#5847=DIRECTION('',(0.,0.,-1.));
#5866=AXIS2_PLACEMENT_3D('',#5841,#5847,$);
#5885=PLANE('',#5866);
#5904=POLY_LOOP('',(#5841,#5839,#5838));
#5923=FACE_OUTER_BOUND('',#5904,.T.);
#5942=FACE_SURFACE('',(#5923),#5885,.T.);
#5848=DIRECTION('',(0.,0.,-1.));
#5867=AXIS2_PLACEMENT_3D('',#5841,#5848,$);
#5886=PLANE('',#5867);
#5905=POLY_LOOP('',(#5841,#5840,#5839));
#5924=FACE_OUTER_BOUND('',#5905,.T.);
#5943=FACE_SURFACE('',(#5924),#5886,.T.);
#5849=DIRECTION('',(0.,0.,-1.));
#5868=AXIS2_PLACEMENT_3D('',#5825,#5849,$);
#5887=PLANE('',#5868);
#5906=POLY_LOOP('',(#5825,#5827,#5826));
#5925=FACE_OUTER_BOUND('',#5906,.T.);
#5944=FACE_SURFACE('',(#5925),#5887,.T.);
#5850=DIRECTION('',(0.,0.,-1.));
#5869=AXIS2_PLACEMENT_3D('',#5825,#5850,$);
#5888=PLANE('',#5869);
#5907=POLY_LOOP('',(#5825,#5828,#5827));
#5926=FACE_OUTER_BOUND('',#5907,.T.);
#5945=FACE_SURFACE('',(#5926),#5888,.T.);
#5851=DIRECTION('',(0.,0.,-1.));
#5870=AXIS2_PLACEMENT_3D('',#5825,#5851,$);
#5889=PLANE('',#5870);
#5908=POLY_LOOP('',(#5825,#5829,#5828));
#5927=FACE_OUTER_BOUND('',#5908,.T.);
#5946=FACE_SURFACE('',(#5927),#5889,.T.);
#5852=DIRECTION('',(0.,0.,-1.));
#5871=AXIS2_PLACEMENT_3D('',#5825,#5852,$);
#5890=PLANE('',#5871);
#5909=POLY_LOOP('',(#5825,#5830,#5829));
#5928=FACE_OUTER_BOUND('',#5909,.T.);
#5947=FACE_SURFACE('',(#5928),#5890,.T.);
#5853=DIRECTION('',(0.,0.,-1.));
#5872=AXIS2_PLACEMENT_3D('',#5825,#5853,$);
#5891=PLANE('',#5872);
#5910=POLY_LOOP('',(#5825,#5831,#5830));
#5929=FACE_OUTER_BOUND('',#5910,.T.);
#5948=FACE_SURFACE('',(#5929),#5891,.T.);
#5854=DIRECTION('',(0.,0.,-1.));
#5873=AXIS2_PLACEMENT_3D('',#5825,#5854,$);
#5892=PLANE('',#5873);
#5911=POLY_LOOP('',(#5825,#5832,#5831));
#5930=FACE_OUTER_BOUND('',#5911,.T.);
#5949=FACE_SURFACE('',(#5930),#5892,.T.);
#5855=DIRECTION('',(0.,0.,-1.));
#5874=AXIS2_PLACEMENT_3D('',#5825,#5855,$);
#5893=PLANE('',#5874);
#5912=POLY_LOOP('',(#5825,#5833,#5832));
#5931=FACE_OUTER_BOUND('',#5912,.T.);
#5950=FACE_SURFACE('',(#5931),#5893,.T.);
#5856=DIRECTION('',(0.,0.,-1.));
#5875=AXIS2_PLACEMENT_3D('',#5825,#5856,$);
#5894=PLANE('',#5875);
#5913=POLY_LOOP('',(#5825,#5834,#5833));
#5932=FACE_OUTER_BOUND('',#5913,.T.);
#5951=FACE_SURFACE('',(#5932),#5894,.T.);
#5857=DIRECTION('',(0.,0.,-1.));
#5876=AXIS2_PLACEMENT_3D('',#5825,#5857,$);
#5895=PLANE('',#5876);
#5914=POLY_LOOP('',(#5825,#5835,#5834));
#5933=FACE_OUTER_BOUND('',#5914,.T.);
#5952=FACE_SURFACE('',(#5933),#5895,.T.);
#5858=DIRECTION('',(0.,0.,-1.));
#5877=AXIS2_PLACEMENT_3D('',#5825,#5858,$);
#5896=PLANE('',#5877);
#5915=POLY_LOOP('',(#5825,#5836,#5835));
#5934=FACE_OUTER_BOUND('',#5915,.T.);
#5953=FACE_SURFACE('',(#5934),#5896,.T.);
#5859=DIRECTION('',(0.,0.,-1.));
#5878=AXIS2_PLACEMENT_3D('',#5825,#5859,$);
#5897=PLANE('',#5878);
#5916=POLY_LOOP('',(#5825,#5841,#5836));
#5935=FACE_OUTER_BOUND('',#5916,.T.);
#5954=FACE_SURFACE('',(#5935),#5897,.T.);
#5860=DIRECTION('',(0.,0.,-1.));
#5879=AXIS2_PLACEMENT_3D('',#5824,#5860,$);
#5898=PLANE('',#5879);
#5917=POLY_LOOP('',(#5824,#5842,#5841));
#5936=FACE_OUTER_BOUND('',#5917,.T.);
#5955=FACE_SURFACE('',(#5936),#5898,.T.);
#5861=DIRECTION('',(0.,0.,-1.));
#5880=AXIS2_PLACEMENT_3D('',#5824,#5861,$);
#5899=PLANE('',#5880);
#5918=POLY_LOOP('',(#5824,#5841,#5825));
#5937=FACE_OUTER_BOUND('',#5918,.T.);
#5956=FACE_SURFACE('',(#5937),#5899,.T.);
#5862=DIRECTION('',(0.,0.,-1.));
#5881=AXIS2_PLACEMENT_3D('',#5844,#5862,$);
#5900=PLANE('',#5881);
#5919=POLY_LOOP('',(#5844,#5843,#5842));
#5938=FACE_OUTER_BOUND('',#5919,.T.);
#5957=FACE_SURFACE('',(#5938),#5900,.T.);
#5863=DIRECTION('',(0.,0.,-1.));
#5882=AXIS2_PLACEMENT_3D('',#5844,#5863,$);
#5901=PLANE('',#5882);
#5920=POLY_LOOP('',(#5844,#5842,#5824));
#5939=FACE_OUTER_BOUND('',#5920,.T.);
#5958=FACE_SURFACE('',(#5939),#5901,.T.);
#5959=CLOSED_SHELL('',(#5940,#5941,#5942,#5943,#5944,#5945,#5946,#5947,#5948,#5949,#5950,#5951,#5952,#5953,#5954,#5955,#5956,#5957,#5958));
#5960=FACETED_BREP('',#5959);
#5961=CARTESIAN_POINT('',(0.0012,0.000293485,0.));
#5962=CARTESIAN_POINT('',(0.0012,0.000293485,0.0001));
#5963=CARTESIAN_POINT('',(0.0012,0.000493485,0.0001));
#5964=CARTESIAN_POINT('',(0.001182635,0.0004919658,0.0001));
#5965=CARTESIAN_POINT('',(0.001165798,0.0004874543,0.0001));
#5966=CARTESIAN_POINT('',(0.00115,0.0004800875,0.0001));
#5967=CARTESIAN_POINT('',(0.001135721,0.0004700894,0.0001));
#5968=CARTESIAN_POINT('',(0.001123396,0.0004577638,0.0001));
#5969=CARTESIAN_POINT('',(0.001113397,0.000443485,0.0001));
#5970=CARTESIAN_POINT('',(0.001106031,0.000427687,0.0001));
#5971=CARTESIAN_POINT('',(0.001101519,0.0004108498,0.0001));
#5972=CARTESIAN_POINT('',(0.0011,0.000393485,0.0001));
#5973=CARTESIAN_POINT('',(0.001101519,0.0003761202,0.0001));
#5974=CARTESIAN_POINT('',(0.001106031,0.000359283,0.0001));
#5975=CARTESIAN_POINT('',(0.001113397,0.000343485,0.0001));
#5976=CARTESIAN_POINT('',(0.001123396,0.0003292062,0.0001));
#5977=CARTESIAN_POINT('',(0.001135721,0.0003168806,0.0001));
#5978=CARTESIAN_POINT('',(0.00115,0.0003068825,0.0001));
#5979=CARTESIAN_POINT('',(0.001165798,0.0002995157,0.0001));
#5980=CARTESIAN_POINT('',(0.001182635,0.0002950042,0.0001));
#5981=CARTESIAN_POINT('',(0.0012,0.000493485,0.));
#5982=CARTESIAN_POINT('',(0.001182635,0.0004919658,0.));
#5983=CARTESIAN_POINT('',(0.001165798,0.0004874543,0.));
#5984=CARTESIAN_POINT('',(0.00115,0.0004800875,0.));
#5985=CARTESIAN_POINT('',(0.001135721,0.0004700894,0.));
#5986=CARTESIAN_POINT('',(0.001123396,0.0004577638,0.));
#5987=CARTESIAN_POINT('',(0.001113397,0.000443485,0.));
#5988=CARTESIAN_POINT('',(0.001106031,0.000427687,0.));
#5989=CARTESIAN_POINT('',(0.001101519,0.0004108498,0.));
#5990=CARTESIAN_POINT('',(0.0011,0.000393485,0.));
#5991=CARTESIAN_POINT('',(0.001101519,0.0003761202,0.));
#5992=CARTESIAN_POINT('',(0.001106031,0.000359283,0.));
#5993=CARTESIAN_POINT('',(0.001113397,0.000343485,0.));
#5994=CARTESIAN_POINT('',(0.001123396,0.0003292062,0.));
#5995=CARTESIAN_POINT('',(0.001135721,0.0003168806,0.));
#5996=CARTESIAN_POINT('',(0.00115,0.0003068825,0.));
#5997=CARTESIAN_POINT('',(0.001165798,0.0002995157,0.));
#5998=CARTESIAN_POINT('',(0.001182635,0.0002950042,0.));
#5999=DIRECTION('',(-0.08715527,0.9961947,0.));
#6035=AXIS2_PLACEMENT_3D('',#5964,#5999,$);
#6071=PLANE('',#6035);
#6107=POLY_LOOP('',(#5964,#5963,#5981));
#6143=FACE_OUTER_BOUND('',#6107,.T.);
#6179=FACE_SURFACE('',(#6143),#6071,.T.);
#6000=DIRECTION('',(-0.08715527,0.9961947,0.));
#6036=AXIS2_PLACEMENT_3D('',#5964,#6000,$);
#6072=PLANE('',#6036);
#6108=POLY_LOOP('',(#5964,#5981,#5982));
#6144=FACE_OUTER_BOUND('',#6108,.T.);
#6180=FACE_SURFACE('',(#6144),#6072,.T.);
#6001=DIRECTION('',(-0.258819,0.9659258,0.));
#6037=AXIS2_PLACEMENT_3D('',#5965,#6001,$);
#6073=PLANE('',#6037);
#6109=POLY_LOOP('',(#5965,#5982,#5983));
#6145=FACE_OUTER_BOUND('',#6109,.T.);
#6181=FACE_SURFACE('',(#6145),#6073,.T.);
#6002=DIRECTION('',(-0.258819,0.9659258,0.));
#6038=AXIS2_PLACEMENT_3D('',#5965,#6002,$);
#6074=PLANE('',#6038);
#6110=POLY_LOOP('',(#5965,#5964,#5982));
#6146=FACE_OUTER_BOUND('',#6110,.T.);
#6182=FACE_SURFACE('',(#6146),#6074,.T.);
#6003=DIRECTION('',(-0.4226205,0.9063068,0.));
#6039=AXIS2_PLACEMENT_3D('',#5966,#6003,$);
#6075=PLANE('',#6039);
#6111=POLY_LOOP('',(#5966,#5983,#5984));
#6147=FACE_OUTER_BOUND('',#6111,.T.);
#6183=FACE_SURFACE('',(#6147),#6075,.T.);
#6004=DIRECTION('',(-0.4226205,0.9063068,0.));
#6040=AXIS2_PLACEMENT_3D('',#5966,#6004,$);
#6076=PLANE('',#6040);
#6112=POLY_LOOP('',(#5966,#5965,#5983));
#6148=FACE_OUTER_BOUND('',#6112,.T.);
#6184=FACE_SURFACE('',(#6148),#6076,.T.);
#6005=DIRECTION('',(-0.5735753,0.8191528,0.));
#6041=AXIS2_PLACEMENT_3D('',#5967,#6005,$);
#6077=PLANE('',#6041);
#6113=POLY_LOOP('',(#5967,#5984,#5985));
#6149=FACE_OUTER_BOUND('',#6113,.T.);
#6185=FACE_SURFACE('',(#6149),#6077,.T.);
#6006=DIRECTION('',(-0.5735753,0.8191528,0.));
#6042=AXIS2_PLACEMENT_3D('',#5967,#6006,$);
#6078=PLANE('',#6042);
#6114=POLY_LOOP('',(#5967,#5966,#5984));
#6150=FACE_OUTER_BOUND('',#6114,.T.);
#6186=FACE_SURFACE('',(#6150),#6078,.T.);
#6007=DIRECTION('',(-0.7071059,0.7071076,0.));
#6043=AXIS2_PLACEMENT_3D('',#5968,#6007,$);
#6079=PLANE('',#6043);
#6115=POLY_LOOP('',(#5968,#5985,#5986));
#6151=FACE_OUTER_BOUND('',#6115,.T.);
#6187=FACE_SURFACE('',(#6151),#6079,.T.);
#6008=DIRECTION('',(-0.7071059,0.7071076,0.));
#6044=AXIS2_PLACEMENT_3D('',#5968,#6008,$);
#6080=PLANE('',#6044);
#6116=POLY_LOOP('',(#5968,#5967,#5985));
#6152=FACE_OUTER_BOUND('',#6116,.T.);
#6188=FACE_SURFACE('',(#6152),#6080,.T.);
#6009=DIRECTION('',(-0.8191517,0.5735769,0.));
#6045=AXIS2_PLACEMENT_3D('',#5969,#6009,$);
#6081=PLANE('',#6045);
#6117=POLY_LOOP('',(#5969,#5986,#5987));
#6153=FACE_OUTER_BOUND('',#6117,.T.);
#6189=FACE_SURFACE('',(#6153),#6081,.T.);
#6010=DIRECTION('',(-0.8191517,0.5735769,0.));
#6046=AXIS2_PLACEMENT_3D('',#5969,#6010,$);
#6082=PLANE('',#6046);
#6118=POLY_LOOP('',(#5969,#5968,#5986));
#6154=FACE_OUTER_BOUND('',#6118,.T.);
#6190=FACE_SURFACE('',(#6154),#6082,.T.);
#6011=DIRECTION('',(-0.9063096,0.4226144,0.));
#6047=AXIS2_PLACEMENT_3D('',#5970,#6011,$);
#6083=PLANE('',#6047);
#6119=POLY_LOOP('',(#5970,#5987,#5988));
#6155=FACE_OUTER_BOUND('',#6119,.T.);
#6191=FACE_SURFACE('',(#6155),#6083,.T.);
#6012=DIRECTION('',(-0.9063096,0.4226144,0.));
#6048=AXIS2_PLACEMENT_3D('',#5970,#6012,$);
#6084=PLANE('',#6048);
#6120=POLY_LOOP('',(#5970,#5969,#5987));
#6156=FACE_OUTER_BOUND('',#6120,.T.);
#6192=FACE_SURFACE('',(#6156),#6084,.T.);
#6013=DIRECTION('',(-0.9659252,0.2588214,0.));
#6049=AXIS2_PLACEMENT_3D('',#5971,#6013,$);
#6085=PLANE('',#6049);
#6121=POLY_LOOP('',(#5971,#5988,#5989));
#6157=FACE_OUTER_BOUND('',#6121,.T.);
#6193=FACE_SURFACE('',(#6157),#6085,.T.);
#6014=DIRECTION('',(-0.9659252,0.2588214,0.));
#6050=AXIS2_PLACEMENT_3D('',#5971,#6014,$);
#6086=PLANE('',#6050);
#6122=POLY_LOOP('',(#5971,#5970,#5988));
#6158=FACE_OUTER_BOUND('',#6122,.T.);
#6194=FACE_SURFACE('',(#6158),#6086,.T.);
#6015=DIRECTION('',(-0.9961947,0.08715556,0.));
#6051=AXIS2_PLACEMENT_3D('',#5972,#6015,$);
#6087=PLANE('',#6051);
#6123=POLY_LOOP('',(#5972,#5989,#5990));
#6159=FACE_OUTER_BOUND('',#6123,.T.);
#6195=FACE_SURFACE('',(#6159),#6087,.T.);
#6016=DIRECTION('',(-0.9961947,0.08715556,0.));
#6052=AXIS2_PLACEMENT_3D('',#5972,#6016,$);
#6088=PLANE('',#6052);
#6124=POLY_LOOP('',(#5972,#5971,#5989));
#6160=FACE_OUTER_BOUND('',#6124,.T.);
#6196=FACE_SURFACE('',(#6160),#6088,.T.);
#6017=DIRECTION('',(-0.9961947,-0.08715541,0.));
#6053=AXIS2_PLACEMENT_3D('',#5973,#6017,$);
#6089=PLANE('',#6053);
#6125=POLY_LOOP('',(#5973,#5990,#5991));
#6161=FACE_OUTER_BOUND('',#6125,.T.);
#6197=FACE_SURFACE('',(#6161),#6089,.T.);
#6018=DIRECTION('',(-0.9961947,-0.08715541,0.));
#6054=AXIS2_PLACEMENT_3D('',#5973,#6018,$);
#6090=PLANE('',#6054);
#6126=POLY_LOOP('',(#5973,#5972,#5990));
#6162=FACE_OUTER_BOUND('',#6126,.T.);
#6198=FACE_SURFACE('',(#6162),#6090,.T.);
#6019=DIRECTION('',(-0.9659252,-0.2588214,0.));
#6055=AXIS2_PLACEMENT_3D('',#5974,#6019,$);
#6091=PLANE('',#6055);
#6127=POLY_LOOP('',(#5974,#5991,#5992));
#6163=FACE_OUTER_BOUND('',#6127,.T.);
#6199=FACE_SURFACE('',(#6163),#6091,.T.);
#6020=DIRECTION('',(-0.9659252,-0.2588214,0.));
#6056=AXIS2_PLACEMENT_3D('',#5974,#6020,$);
#6092=PLANE('',#6056);
#6128=POLY_LOOP('',(#5974,#5973,#5991));
#6164=FACE_OUTER_BOUND('',#6128,.T.);
#6200=FACE_SURFACE('',(#6164),#6092,.T.);
#6021=DIRECTION('',(-0.9063093,-0.4226151,0.));
#6057=AXIS2_PLACEMENT_3D('',#5975,#6021,$);
#6093=PLANE('',#6057);
#6129=POLY_LOOP('',(#5975,#5992,#5993));
#6165=FACE_OUTER_BOUND('',#6129,.T.);
#6201=FACE_SURFACE('',(#6165),#6093,.T.);
#6022=DIRECTION('',(-0.9063093,-0.4226151,0.));
#6058=AXIS2_PLACEMENT_3D('',#5975,#6022,$);
#6094=PLANE('',#6058);
#6130=POLY_LOOP('',(#5975,#5974,#5992));
#6166=FACE_OUTER_BOUND('',#6130,.T.);
#6202=FACE_SURFACE('',(#6166),#6094,.T.);
#6023=DIRECTION('',(-0.8191523,-0.5735761,0.));
#6059=AXIS2_PLACEMENT_3D('',#5976,#6023,$);
#6095=PLANE('',#6059);
#6131=POLY_LOOP('',(#5976,#5993,#5994));
#6167=FACE_OUTER_BOUND('',#6131,.T.);
#6203=FACE_SURFACE('',(#6167),#6095,.T.);
#6024=DIRECTION('',(-0.8191523,-0.5735761,0.));
#6060=AXIS2_PLACEMENT_3D('',#5976,#6024,$);
#6096=PLANE('',#6060);
#6132=POLY_LOOP('',(#5976,#5975,#5993));
#6168=FACE_OUTER_BOUND('',#6132,.T.);
#6204=FACE_SURFACE('',(#6168),#6096,.T.);
#6025=DIRECTION('',(-0.7071059,-0.7071076,0.));
#6061=AXIS2_PLACEMENT_3D('',#5977,#6025,$);
#6097=PLANE('',#6061);
#6133=POLY_LOOP('',(#5977,#5994,#5995));
#6169=FACE_OUTER_BOUND('',#6133,.T.);
#6205=FACE_SURFACE('',(#6169),#6097,.T.);
#6026=DIRECTION('',(-0.7071059,-0.7071076,0.));
#6062=AXIS2_PLACEMENT_3D('',#5977,#6026,$);
#6098=PLANE('',#6062);
#6134=POLY_LOOP('',(#5977,#5976,#5994));
#6170=FACE_OUTER_BOUND('',#6134,.T.);
#6206=FACE_SURFACE('',(#6170),#6098,.T.);
#6027=DIRECTION('',(-0.5735753,-0.8191528,0.));
#6063=AXIS2_PLACEMENT_3D('',#5978,#6027,$);
#6099=PLANE('',#6063);
#6135=POLY_LOOP('',(#5978,#5995,#5996));
#6171=FACE_OUTER_BOUND('',#6135,.T.);
#6207=FACE_SURFACE('',(#6171),#6099,.T.);
#6028=DIRECTION('',(-0.5735753,-0.8191528,0.));
#6064=AXIS2_PLACEMENT_3D('',#5978,#6028,$);
#6100=PLANE('',#6064);
#6136=POLY_LOOP('',(#5978,#5977,#5995));
#6172=FACE_OUTER_BOUND('',#6136,.T.);
#6208=FACE_SURFACE('',(#6172),#6100,.T.);
#6029=DIRECTION('',(-0.4226205,-0.9063068,0.));
#6065=AXIS2_PLACEMENT_3D('',#5979,#6029,$);
#6101=PLANE('',#6065);
#6137=POLY_LOOP('',(#5979,#5978,#5996));
#6173=FACE_OUTER_BOUND('',#6137,.T.);
#6209=FACE_SURFACE('',(#6173),#6101,.T.);
#6030=DIRECTION('',(-0.4226205,-0.9063068,0.));
#6066=AXIS2_PLACEMENT_3D('',#5979,#6030,$);
#6102=PLANE('',#6066);
#6138=POLY_LOOP('',(#5979,#5996,#5997));
#6174=FACE_OUTER_BOUND('',#6138,.T.);
#6210=FACE_SURFACE('',(#6174),#6102,.T.);
#6031=DIRECTION('',(-0.2588174,-0.9659263,0.));
#6067=AXIS2_PLACEMENT_3D('',#5980,#6031,$);
#6103=PLANE('',#6067);
#6139=POLY_LOOP('',(#5980,#5979,#5997));
#6175=FACE_OUTER_BOUND('',#6139,.T.);
#6211=FACE_SURFACE('',(#6175),#6103,.T.);
#6032=DIRECTION('',(-0.2588174,-0.9659263,0.));
#6068=AXIS2_PLACEMENT_3D('',#5980,#6032,$);
#6104=PLANE('',#6068);
#6140=POLY_LOOP('',(#5980,#5997,#5998));
#6176=FACE_OUTER_BOUND('',#6140,.T.);
#6212=FACE_SURFACE('',(#6176),#6104,.T.);
#6033=DIRECTION('',(-0.08715527,-0.9961947,0.));
#6069=AXIS2_PLACEMENT_3D('',#5962,#6033,$);
#6105=PLANE('',#6069);
#6141=POLY_LOOP('',(#5962,#5980,#5998));
#6177=FACE_OUTER_BOUND('',#6141,.T.);
#6213=FACE_SURFACE('',(#6177),#6105,.T.);
#6034=DIRECTION('',(-0.08715527,-0.9961947,0.));
#6070=AXIS2_PLACEMENT_3D('',#5962,#6034,$);
#6106=PLANE('',#6070);
#6142=POLY_LOOP('',(#5962,#5998,#5961));
#6178=FACE_OUTER_BOUND('',#6142,.T.);
#6214=FACE_SURFACE('',(#6178),#6106,.T.);
#6215=CLOSED_SHELL('',(#6179,#6180,#6181,#6182,#6183,#6184,#6185,#6186,#6187,#6188,#6189,#6190,#6191,#6192,#6193,#6194,#6195,#6196,#6197,#6198,#6199,#6200,#6201,#6202,#6203,#6204,#6205,#6206,#6207,#6208,#6209,#6210,#6211,#6212,#6213,#6214));
#6216=FACETED_BREP('',#6215);
#6217=CARTESIAN_POINT('',(0.0012,0.000493485,0.));
#6218=CARTESIAN_POINT('',(0.0012,0.000493485,0.0001));
#6219=CARTESIAN_POINT('',(0.0015,0.000493485,0.0001));
#6220=CARTESIAN_POINT('',(0.0015,0.000493485,0.));
#6221=DIRECTION('',(0.,1.,0.));
#6223=AXIS2_PLACEMENT_3D('',#6218,#6221,$);
#6225=PLANE('',#6223);
#6227=POLY_LOOP('',(#6218,#6219,#6220));
#6229=FACE_OUTER_BOUND('',#6227,.T.);
#6231=FACE_SURFACE('',(#6229),#6225,.T.);
#6222=DIRECTION('',(0.,1.,0.));
#6224=AXIS2_PLACEMENT_3D('',#6218,#6222,$);
#6226=PLANE('',#6224);
#6228=POLY_LOOP('',(#6218,#6220,#6217));
#6230=FACE_OUTER_BOUND('',#6228,.T.);
#6232=FACE_SURFACE('',(#6230),#6226,.T.);
#6233=CLOSED_SHELL('',(#6231,#6232));
#6234=FACETED_BREP('',#6233);
#6235=CARTESIAN_POINT('',(0.0015,0.000493485,0.));
#6236=CARTESIAN_POINT('',(0.0015,0.000493485,0.0001));
#6237=CARTESIAN_POINT('',(0.0015,0.000293485,0.0001));
#6238=CARTESIAN_POINT('',(0.0015,0.000293485,0.));
#6239=DIRECTION('',(1.,0.,0.));
#6241=AXIS2_PLACEMENT_3D('',#6236,#6239,$);
#6243=PLANE('',#6241);
#6245=POLY_LOOP('',(#6236,#6237,#6238));
#6247=FACE_OUTER_BOUND('',#6245,.T.);
#6249=FACE_SURFACE('',(#6247),#6243,.T.);
#6240=DIRECTION('',(1.,0.,0.));
#6242=AXIS2_PLACEMENT_3D('',#6236,#6240,$);
#6244=PLANE('',#6242);
#6246=POLY_LOOP('',(#6236,#6238,#6235));
#6248=FACE_OUTER_BOUND('',#6246,.T.);
#6250=FACE_SURFACE('',(#6248),#6244,.T.);
#6251=CLOSED_SHELL('',(#6249,#6250));
#6252=FACETED_BREP('',#6251);
#6253=CARTESIAN_POINT('',(0.0015,0.000293485,0.));
#6254=CARTESIAN_POINT('',(0.0015,0.000293485,0.0001));
#6255=CARTESIAN_POINT('',(0.0012,0.000293485,0.0001));
#6256=CARTESIAN_POINT('',(0.0012,0.000293485,0.));
#6257=DIRECTION('',(0.,-1.,0.));
#6259=AXIS2_PLACEMENT_3D('',#6254,#6257,$);
#6261=PLANE('',#6259);
#6263=POLY_LOOP('',(#6254,#6255,#6256));
#6265=FACE_OUTER_BOUND('',#6263,.T.);
#6267=FACE_SURFACE('',(#6265),#6261,.T.);
#6258=DIRECTION('',(0.,-1.,0.));
#6260=AXIS2_PLACEMENT_3D('',#6254,#6258,$);
#6262=PLANE('',#6260);
#6264=POLY_LOOP('',(#6254,#6256,#6253));
#6266=FACE_OUTER_BOUND('',#6264,.T.);
#6268=FACE_SURFACE('',(#6266),#6262,.T.);
#6269=CLOSED_SHELL('',(#6267,#6268));
#6270=FACETED_BREP('',#6269);
#6271=CARTESIAN_POINT('',(0.0012,0.000293485,0.0001));
#6272=CARTESIAN_POINT('',(0.0015,0.000293485,0.0001));
#6273=CARTESIAN_POINT('',(0.0015,0.000493485,0.0001));
#6274=CARTESIAN_POINT('',(0.0012,0.000493485,0.0001));
#6275=CARTESIAN_POINT('',(0.001182635,0.0004919658,0.0001));
#6276=CARTESIAN_POINT('',(0.001165798,0.0004874543,0.0001));
#6277=CARTESIAN_POINT('',(0.00115,0.0004800875,0.0001));
#6278=CARTESIAN_POINT('',(0.001135721,0.0004700894,0.0001));
#6279=CARTESIAN_POINT('',(0.001123396,0.0004577638,0.0001));
#6280=CARTESIAN_POINT('',(0.001113397,0.000443485,0.0001));
#6281=CARTESIAN_POINT('',(0.001106031,0.000427687,0.0001));
#6282=CARTESIAN_POINT('',(0.001101519,0.0004108498,0.0001));
#6283=CARTESIAN_POINT('',(0.0011,0.000393485,0.0001));
#6284=CARTESIAN_POINT('',(0.001101519,0.0003761202,0.0001));
#6285=CARTESIAN_POINT('',(0.001106031,0.000359283,0.0001));
#6286=CARTESIAN_POINT('',(0.001113397,0.000343485,0.0001));
#6287=CARTESIAN_POINT('',(0.001123396,0.0003292062,0.0001));
#6288=CARTESIAN_POINT('',(0.001135721,0.0003168806,0.0001));
#6289=CARTESIAN_POINT('',(0.00115,0.0003068825,0.0001));
#6290=CARTESIAN_POINT('',(0.001165798,0.0002995157,0.0001));
#6291=CARTESIAN_POINT('',(0.001182635,0.0002950042,0.0001));
#6292=DIRECTION('',(0.,0.,1.));
#6311=AXIS2_PLACEMENT_3D('',#6271,#6292,$);
#6330=PLANE('',#6311);
#6349=POLY_LOOP('',(#6271,#6286,#6287));
#6368=FACE_OUTER_BOUND('',#6349,.T.);
#6387=FACE_SURFACE('',(#6368),#6330,.T.);
#6293=DIRECTION('',(0.,0.,1.));
#6312=AXIS2_PLACEMENT_3D('',#6271,#6293,$);
#6331=PLANE('',#6312);
#6350=POLY_LOOP('',(#6271,#6287,#6288));
#6369=FACE_OUTER_BOUND('',#6350,.T.);
#6388=FACE_SURFACE('',(#6369),#6331,.T.);
#6294=DIRECTION('',(0.,0.,1.));
#6313=AXIS2_PLACEMENT_3D('',#6271,#6294,$);
#6332=PLANE('',#6313);
#6351=POLY_LOOP('',(#6271,#6288,#6289));
#6370=FACE_OUTER_BOUND('',#6351,.T.);
#6389=FACE_SURFACE('',(#6370),#6332,.T.);
#6295=DIRECTION('',(0.,0.,1.));
#6314=AXIS2_PLACEMENT_3D('',#6271,#6295,$);
#6333=PLANE('',#6314);
#6352=POLY_LOOP('',(#6271,#6289,#6290));
#6371=FACE_OUTER_BOUND('',#6352,.T.);
#6390=FACE_SURFACE('',(#6371),#6333,.T.);
#6296=DIRECTION('',(0.,0.,1.));
#6315=AXIS2_PLACEMENT_3D('',#6271,#6296,$);
#6334=PLANE('',#6315);
#6353=POLY_LOOP('',(#6271,#6290,#6291));
#6372=FACE_OUTER_BOUND('',#6353,.T.);
#6391=FACE_SURFACE('',(#6372),#6334,.T.);
#6297=DIRECTION('',(0.,0.,1.));
#6316=AXIS2_PLACEMENT_3D('',#6274,#6297,$);
#6335=PLANE('',#6316);
#6354=POLY_LOOP('',(#6274,#6275,#6276));
#6373=FACE_OUTER_BOUND('',#6354,.T.);
#6392=FACE_SURFACE('',(#6373),#6335,.T.);
#6298=DIRECTION('',(0.,0.,1.));
#6317=AXIS2_PLACEMENT_3D('',#6274,#6298,$);
#6336=PLANE('',#6317);
#6355=POLY_LOOP('',(#6274,#6276,#6277));
#6374=FACE_OUTER_BOUND('',#6355,.T.);
#6393=FACE_SURFACE('',(#6374),#6336,.T.);
#6299=DIRECTION('',(0.,0.,1.));
#6318=AXIS2_PLACEMENT_3D('',#6274,#6299,$);
#6337=PLANE('',#6318);
#6356=POLY_LOOP('',(#6274,#6277,#6278));
#6375=FACE_OUTER_BOUND('',#6356,.T.);
#6394=FACE_SURFACE('',(#6375),#6337,.T.);
#6300=DIRECTION('',(0.,0.,1.));
#6319=AXIS2_PLACEMENT_3D('',#6274,#6300,$);
#6338=PLANE('',#6319);
#6357=POLY_LOOP('',(#6274,#6278,#6279));
#6376=FACE_OUTER_BOUND('',#6357,.T.);
#6395=FACE_SURFACE('',(#6376),#6338,.T.);
#6301=DIRECTION('',(0.,0.,1.));
#6320=AXIS2_PLACEMENT_3D('',#6274,#6301,$);
#6339=PLANE('',#6320);
#6358=POLY_LOOP('',(#6274,#6279,#6280));
#6377=FACE_OUTER_BOUND('',#6358,.T.);
#6396=FACE_SURFACE('',(#6377),#6339,.T.);
#6302=DIRECTION('',(0.,0.,1.));
#6321=AXIS2_PLACEMENT_3D('',#6274,#6302,$);
#6340=PLANE('',#6321);
#6359=POLY_LOOP('',(#6274,#6280,#6281));
#6378=FACE_OUTER_BOUND('',#6359,.T.);
#6397=FACE_SURFACE('',(#6378),#6340,.T.);
#6303=DIRECTION('',(0.,0.,1.));
#6322=AXIS2_PLACEMENT_3D('',#6274,#6303,$);
#6341=PLANE('',#6322);
#6360=POLY_LOOP('',(#6274,#6281,#6282));
#6379=FACE_OUTER_BOUND('',#6360,.T.);
#6398=FACE_SURFACE('',(#6379),#6341,.T.);
#6304=DIRECTION('',(0.,0.,1.));
#6323=AXIS2_PLACEMENT_3D('',#6274,#6304,$);
#6342=PLANE('',#6323);
#6361=POLY_LOOP('',(#6274,#6282,#6283));
#6380=FACE_OUTER_BOUND('',#6361,.T.);
#6399=FACE_SURFACE('',(#6380),#6342,.T.);
#6305=DIRECTION('',(0.,0.,1.));
#6324=AXIS2_PLACEMENT_3D('',#6274,#6305,$);
#6343=PLANE('',#6324);
#6362=POLY_LOOP('',(#6274,#6283,#6284));
#6381=FACE_OUTER_BOUND('',#6362,.T.);
#6400=FACE_SURFACE('',(#6381),#6343,.T.);
#6306=DIRECTION('',(0.,0.,1.));
#6325=AXIS2_PLACEMENT_3D('',#6274,#6306,$);
#6344=PLANE('',#6325);
#6363=POLY_LOOP('',(#6274,#6284,#6285));
#6382=FACE_OUTER_BOUND('',#6363,.T.);
#6401=FACE_SURFACE('',(#6382),#6344,.T.);
#6307=DIRECTION('',(0.,0.,1.));
#6326=AXIS2_PLACEMENT_3D('',#6274,#6307,$);
#6345=PLANE('',#6326);
#6364=POLY_LOOP('',(#6274,#6285,#6286));
#6383=FACE_OUTER_BOUND('',#6364,.T.);
#6402=FACE_SURFACE('',(#6383),#6345,.T.);
#6308=DIRECTION('',(0.,0.,1.));
#6327=AXIS2_PLACEMENT_3D('',#6274,#6308,$);
#6346=PLANE('',#6327);
#6365=POLY_LOOP('',(#6274,#6286,#6271));
#6384=FACE_OUTER_BOUND('',#6365,.T.);
#6403=FACE_SURFACE('',(#6384),#6346,.T.);
#6309=DIRECTION('',(0.,0.,1.));
#6328=AXIS2_PLACEMENT_3D('',#6273,#6309,$);
#6347=PLANE('',#6328);
#6366=POLY_LOOP('',(#6273,#6271,#6272));
#6385=FACE_OUTER_BOUND('',#6366,.T.);
#6404=FACE_SURFACE('',(#6385),#6347,.T.);
#6310=DIRECTION('',(0.,0.,1.));
#6329=AXIS2_PLACEMENT_3D('',#6273,#6310,$);
#6348=PLANE('',#6329);
#6367=POLY_LOOP('',(#6273,#6274,#6271));
#6386=FACE_OUTER_BOUND('',#6367,.T.);
#6405=FACE_SURFACE('',(#6386),#6348,.T.);
#6406=CLOSED_SHELL('',(#6387,#6388,#6389,#6390,#6391,#6392,#6393,#6394,#6395,#6396,#6397,#6398,#6399,#6400,#6401,#6402,#6403,#6404,#6405));
#6407=FACETED_BREP('',#6406);
#6408=CARTESIAN_POINT('',(0.001075,0.00095,0.));
#6409=CARTESIAN_POINT('',(0.001075,0.00125,0.));
#6410=CARTESIAN_POINT('',(0.000875,0.00125,0.));
#6411=CARTESIAN_POINT('',(0.000875,0.00075,0.));
#6412=CARTESIAN_POINT('',(0.0015,0.00075,0.));
#6413=CARTESIAN_POINT('',(0.0015,0.00095,0.));
#6414=DIRECTION('',(0.,0.,-1.));
#6418=AXIS2_PLACEMENT_3D('',#6410,#6414,$);
#6422=PLANE('',#6418);
#6426=POLY_LOOP('',(#6410,#6408,#6411));
#6430=FACE_OUTER_BOUND('',#6426,.T.);
#6434=FACE_SURFACE('',(#6430),#6422,.T.);
#6415=DIRECTION('',(0.,0.,-1.));
#6419=AXIS2_PLACEMENT_3D('',#6412,#6415,$);
#6423=PLANE('',#6419);
#6427=POLY_LOOP('',(#6412,#6411,#6408));
#6431=FACE_OUTER_BOUND('',#6427,.T.);
#6435=FACE_SURFACE('',(#6431),#6423,.T.);
#6416=DIRECTION('',(0.,0.,-1.));
#6420=AXIS2_PLACEMENT_3D('',#6409,#6416,$);
#6424=PLANE('',#6420);
#6428=POLY_LOOP('',(#6409,#6408,#6410));
#6432=FACE_OUTER_BOUND('',#6428,.T.);
#6436=FACE_SURFACE('',(#6432),#6424,.T.);
#6417=DIRECTION('',(0.,0.,-1.));
#6421=AXIS2_PLACEMENT_3D('',#6413,#6417,$);
#6425=PLANE('',#6421);
#6429=POLY_LOOP('',(#6413,#6412,#6408));
#6433=FACE_OUTER_BOUND('',#6429,.T.);
#6437=FACE_SURFACE('',(#6433),#6425,.T.);
#6438=CLOSED_SHELL('',(#6434,#6435,#6436,#6437));
#6439=FACETED_BREP('',#6438);
#6440=CARTESIAN_POINT('',(0.001075,0.00125,0.));
#6441=CARTESIAN_POINT('',(0.001075,0.00125,0.0001));
#6442=CARTESIAN_POINT('',(0.001075,0.00095,0.0001));
#6443=CARTESIAN_POINT('',(0.001075,0.00095,0.));
#6444=DIRECTION('',(1.,0.,0.));
#6446=AXIS2_PLACEMENT_3D('',#6441,#6444,$);
#6448=PLANE('',#6446);
#6450=POLY_LOOP('',(#6441,#6442,#6443));
#6452=FACE_OUTER_BOUND('',#6450,.T.);
#6454=FACE_SURFACE('',(#6452),#6448,.T.);
#6445=DIRECTION('',(1.,0.,0.));
#6447=AXIS2_PLACEMENT_3D('',#6441,#6445,$);
#6449=PLANE('',#6447);
#6451=POLY_LOOP('',(#6441,#6443,#6440));
#6453=FACE_OUTER_BOUND('',#6451,.T.);
#6455=FACE_SURFACE('',(#6453),#6449,.T.);
#6456=CLOSED_SHELL('',(#6454,#6455));
#6457=FACETED_BREP('',#6456);
#6458=CARTESIAN_POINT('',(0.001075,0.00095,0.));
#6459=CARTESIAN_POINT('',(0.001075,0.00095,0.0001));
#6460=CARTESIAN_POINT('',(0.0015,0.00095,0.0001));
#6461=CARTESIAN_POINT('',(0.0015,0.00095,0.));
#6462=DIRECTION('',(0.,1.,0.));
#6464=AXIS2_PLACEMENT_3D('',#6459,#6462,$);
#6466=PLANE('',#6464);
#6468=POLY_LOOP('',(#6459,#6460,#6461));
#6470=FACE_OUTER_BOUND('',#6468,.T.);
#6472=FACE_SURFACE('',(#6470),#6466,.T.);
#6463=DIRECTION('',(0.,1.,0.));
#6465=AXIS2_PLACEMENT_3D('',#6459,#6463,$);
#6467=PLANE('',#6465);
#6469=POLY_LOOP('',(#6459,#6461,#6458));
#6471=FACE_OUTER_BOUND('',#6469,.T.);
#6473=FACE_SURFACE('',(#6471),#6467,.T.);
#6474=CLOSED_SHELL('',(#6472,#6473));
#6475=FACETED_BREP('',#6474);
#6476=CARTESIAN_POINT('',(0.0015,0.00095,0.));
#6477=CARTESIAN_POINT('',(0.0015,0.00095,0.0001));
#6478=CARTESIAN_POINT('',(0.0015,0.00075,0.0001));
#6479=CARTESIAN_POINT('',(0.0015,0.00075,0.));
#6480=DIRECTION('',(1.,0.,0.));
#6482=AXIS2_PLACEMENT_3D('',#6477,#6480,$);
#6484=PLANE('',#6482);
#6486=POLY_LOOP('',(#6477,#6478,#6479));
#6488=FACE_OUTER_BOUND('',#6486,.T.);
#6490=FACE_SURFACE('',(#6488),#6484,.T.);
#6481=DIRECTION('',(1.,0.,0.));
#6483=AXIS2_PLACEMENT_3D('',#6477,#6481,$);
#6485=PLANE('',#6483);
#6487=POLY_LOOP('',(#6477,#6479,#6476));
#6489=FACE_OUTER_BOUND('',#6487,.T.);
#6491=FACE_SURFACE('',(#6489),#6485,.T.);
#6492=CLOSED_SHELL('',(#6490,#6491));
#6493=FACETED_BREP('',#6492);
#6494=CARTESIAN_POINT('',(0.0015,0.00075,0.));
#6495=CARTESIAN_POINT('',(0.0015,0.00075,0.0001));
#6496=CARTESIAN_POINT('',(0.000875,0.00075,0.0001));
#6497=CARTESIAN_POINT('',(0.000875,0.00075,0.));
#6498=DIRECTION('',(0.,-1.,0.));
#6500=AXIS2_PLACEMENT_3D('',#6495,#6498,$);
#6502=PLANE('',#6500);
#6504=POLY_LOOP('',(#6495,#6496,#6497));
#6506=FACE_OUTER_BOUND('',#6504,.T.);
#6508=FACE_SURFACE('',(#6506),#6502,.T.);
#6499=DIRECTION('',(0.,-1.,0.));
#6501=AXIS2_PLACEMENT_3D('',#6495,#6499,$);
#6503=PLANE('',#6501);
#6505=POLY_LOOP('',(#6495,#6497,#6494));
#6507=FACE_OUTER_BOUND('',#6505,.T.);
#6509=FACE_SURFACE('',(#6507),#6503,.T.);
#6510=CLOSED_SHELL('',(#6508,#6509));
#6511=FACETED_BREP('',#6510);
#6512=CARTESIAN_POINT('',(0.000875,0.00075,0.));
#6513=CARTESIAN_POINT('',(0.000875,0.00075,0.0001));
#6514=CARTESIAN_POINT('',(0.000875,0.00125,0.0001));
#6515=CARTESIAN_POINT('',(0.000875,0.00125,0.));
#6516=DIRECTION('',(-1.,0.,0.));
#6518=AXIS2_PLACEMENT_3D('',#6513,#6516,$);
#6520=PLANE('',#6518);
#6522=POLY_LOOP('',(#6513,#6514,#6515));
#6524=FACE_OUTER_BOUND('',#6522,.T.);
#6526=FACE_SURFACE('',(#6524),#6520,.T.);
#6517=DIRECTION('',(-1.,0.,0.));
#6519=AXIS2_PLACEMENT_3D('',#6513,#6517,$);
#6521=PLANE('',#6519);
#6523=POLY_LOOP('',(#6513,#6515,#6512));
#6525=FACE_OUTER_BOUND('',#6523,.T.);
#6527=FACE_SURFACE('',(#6525),#6521,.T.);
#6528=CLOSED_SHELL('',(#6526,#6527));
#6529=FACETED_BREP('',#6528);
#6530=CARTESIAN_POINT('',(0.000875,0.00125,0.));
#6531=CARTESIAN_POINT('',(0.000875,0.00125,0.0001));
#6532=CARTESIAN_POINT('',(0.001075,0.00125,0.0001));
#6533=CARTESIAN_POINT('',(0.001075,0.00125,0.));
#6534=DIRECTION('',(0.,1.,0.));
#6536=AXIS2_PLACEMENT_3D('',#6531,#6534,$);
#6538=PLANE('',#6536);
#6540=POLY_LOOP('',(#6531,#6532,#6533));
#6542=FACE_OUTER_BOUND('',#6540,.T.);
#6544=FACE_SURFACE('',(#6542),#6538,.T.);
#6535=DIRECTION('',(0.,1.,0.));
#6537=AXIS2_PLACEMENT_3D('',#6531,#6535,$);
#6539=PLANE('',#6537);
#6541=POLY_LOOP('',(#6531,#6533,#6530));
#6543=FACE_OUTER_BOUND('',#6541,.T.);
#6545=FACE_SURFACE('',(#6543),#6539,.T.);
#6546=CLOSED_SHELL('',(#6544,#6545));
#6547=FACETED_BREP('',#6546);
#6548=CARTESIAN_POINT('',(0.001075,0.00125,0.0001));
#6549=CARTESIAN_POINT('',(0.000875,0.00125,0.0001));
#6550=CARTESIAN_POINT('',(0.000875,0.00075,0.0001));
#6551=CARTESIAN_POINT('',(0.0015,0.00075,0.0001));
#6552=CARTESIAN_POINT('',(0.0015,0.00095,0.0001));
#6553=CARTESIAN_POINT('',(0.001075,0.00095,0.0001));
#6554=DIRECTION('',(0.,0.,1.));
#6558=AXIS2_PLACEMENT_3D('',#6549,#6554,$);
#6562=PLANE('',#6558);
#6566=POLY_LOOP('',(#6549,#6550,#6553));
#6570=FACE_OUTER_BOUND('',#6566,.T.);
#6574=FACE_SURFACE('',(#6570),#6562,.T.);
#6555=DIRECTION('',(0.,0.,1.));
#6559=AXIS2_PLACEMENT_3D('',#6551,#6555,$);
#6563=PLANE('',#6559);
#6567=POLY_LOOP('',(#6551,#6553,#6550));
#6571=FACE_OUTER_BOUND('',#6567,.T.);
#6575=FACE_SURFACE('',(#6571),#6563,.T.);
#6556=DIRECTION('',(0.,0.,1.));
#6560=AXIS2_PLACEMENT_3D('',#6548,#6556,$);
#6564=PLANE('',#6560);
#6568=POLY_LOOP('',(#6548,#6549,#6553));
#6572=FACE_OUTER_BOUND('',#6568,.T.);
#6576=FACE_SURFACE('',(#6572),#6564,.T.);
#6557=DIRECTION('',(0.,0.,1.));
#6561=AXIS2_PLACEMENT_3D('',#6552,#6557,$);
#6565=PLANE('',#6561);
#6569=POLY_LOOP('',(#6552,#6553,#6551));
#6573=FACE_OUTER_BOUND('',#6569,.T.);
#6577=FACE_SURFACE('',(#6573),#6565,.T.);
#6578=CLOSED_SHELL('',(#6574,#6575,#6576,#6577));
#6579=FACETED_BREP('',#6578);
#6580=CARTESIAN_POINT('',(0.000475,0.00125,0.));
#6581=CARTESIAN_POINT('',(0.000475,0.00055,0.));
#6582=CARTESIAN_POINT('',(0.0004765192,0.0005326352,0.));
#6583=CARTESIAN_POINT('',(0.0004810307,0.000515798,0.));
#6584=CARTESIAN_POINT('',(0.0004883974,0.0005,0.));
#6585=CARTESIAN_POINT('',(0.0004983955,0.0004857212,0.));
#6586=CARTESIAN_POINT('',(0.0005107212,0.0004733955,0.));
#6587=CARTESIAN_POINT('',(0.000525,0.0004633974,0.));
#6588=CARTESIAN_POINT('',(0.000540798,0.0004560307,0.));
#6589=CARTESIAN_POINT('',(0.0005576352,0.0004515192,0.));
#6590=CARTESIAN_POINT('',(0.000575,0.00045,0.));
#6591=CARTESIAN_POINT('',(0.0005923648,0.0004515192,0.));
#6592=CARTESIAN_POINT('',(0.000609202,0.0004560307,0.));
#6593=CARTESIAN_POINT('',(0.000625,0.0004633974,0.));
#6594=CARTESIAN_POINT('',(0.0006392787,0.0004733955,0.));
#6595=CARTESIAN_POINT('',(0.0006516044,0.0004857212,0.));
#6596=CARTESIAN_POINT('',(0.0006616025,0.0005,0.));
#6597=CARTESIAN_POINT('',(0.0006689692,0.000515798,0.));
#6598=CARTESIAN_POINT('',(0.0006734808,0.0005326352,0.));
#6599=CARTESIAN_POINT('',(0.000675,0.00055,0.));
#6600=CARTESIAN_POINT('',(0.000675,0.00125,0.));
#6601=DIRECTION('',(0.,0.,-1.));
#6620=AXIS2_PLACEMENT_3D('',#6581,#6601,$);
#6639=PLANE('',#6620);
#6658=POLY_LOOP('',(#6581,#6583,#6582));
#6677=FACE_OUTER_BOUND('',#6658,.T.);
#6696=FACE_SURFACE('',(#6677),#6639,.T.);
#6602=DIRECTION('',(0.,0.,-1.));
#6621=AXIS2_PLACEMENT_3D('',#6598,#6602,$);
#6640=PLANE('',#6621);
#6659=POLY_LOOP('',(#6598,#6584,#6583));
#6678=FACE_OUTER_BOUND('',#6659,.T.);
#6697=FACE_SURFACE('',(#6678),#6640,.T.);
#6603=DIRECTION('',(0.,0.,-1.));
#6622=AXIS2_PLACEMENT_3D('',#6598,#6603,$);
#6641=PLANE('',#6622);
#6660=POLY_LOOP('',(#6598,#6585,#6584));
#6679=FACE_OUTER_BOUND('',#6660,.T.);
#6698=FACE_SURFACE('',(#6679),#6641,.T.);
#6604=DIRECTION('',(0.,0.,-1.));
#6623=AXIS2_PLACEMENT_3D('',#6598,#6604,$);
#6642=PLANE('',#6623);
#6661=POLY_LOOP('',(#6598,#6586,#6585));
#6680=FACE_OUTER_BOUND('',#6661,.T.);
#6699=FACE_SURFACE('',(#6680),#6642,.T.);
#6605=DIRECTION('',(0.,0.,-1.));
#6624=AXIS2_PLACEMENT_3D('',#6598,#6605,$);
#6643=PLANE('',#6624);
#6662=POLY_LOOP('',(#6598,#6587,#6586));
#6681=FACE_OUTER_BOUND('',#6662,.T.);
#6700=FACE_SURFACE('',(#6681),#6643,.T.);
#6606=DIRECTION('',(0.,0.,-1.));
#6625=AXIS2_PLACEMENT_3D('',#6598,#6606,$);
#6644=PLANE('',#6625);
#6663=POLY_LOOP('',(#6598,#6588,#6587));
#6682=FACE_OUTER_BOUND('',#6663,.T.);
#6701=FACE_SURFACE('',(#6682),#6644,.T.);
#6607=DIRECTION('',(0.,0.,-1.));
#6626=AXIS2_PLACEMENT_3D('',#6598,#6607,$);
#6645=PLANE('',#6626);
#6664=POLY_LOOP('',(#6598,#6589,#6588));
#6683=FACE_OUTER_BOUND('',#6664,.T.);
#6702=FACE_SURFACE('',(#6683),#6645,.T.);
#6608=DIRECTION('',(0.,0.,-1.));
#6627=AXIS2_PLACEMENT_3D('',#6598,#6608,$);
#6646=PLANE('',#6627);
#6665=POLY_LOOP('',(#6598,#6590,#6589));
#6684=FACE_OUTER_BOUND('',#6665,.T.);
#6703=FACE_SURFACE('',(#6684),#6646,.T.);
#6609=DIRECTION('',(0.,0.,-1.));
#6628=AXIS2_PLACEMENT_3D('',#6598,#6609,$);
#6647=PLANE('',#6628);
#6666=POLY_LOOP('',(#6598,#6591,#6590));
#6685=FACE_OUTER_BOUND('',#6666,.T.);
#6704=FACE_SURFACE('',(#6685),#6647,.T.);
#6610=DIRECTION('',(0.,0.,-1.));
#6629=AXIS2_PLACEMENT_3D('',#6598,#6610,$);
#6648=PLANE('',#6629);
#6667=POLY_LOOP('',(#6598,#6592,#6591));
#6686=FACE_OUTER_BOUND('',#6667,.T.);
#6705=FACE_SURFACE('',(#6686),#6648,.T.);
#6611=DIRECTION('',(0.,0.,-1.));
#6630=AXIS2_PLACEMENT_3D('',#6598,#6611,$);
#6649=PLANE('',#6630);
#6668=POLY_LOOP('',(#6598,#6593,#6592));
#6687=FACE_OUTER_BOUND('',#6668,.T.);
#6706=FACE_SURFACE('',(#6687),#6649,.T.);
#6612=DIRECTION('',(0.,0.,-1.));
#6631=AXIS2_PLACEMENT_3D('',#6598,#6612,$);
#6650=PLANE('',#6631);
#6669=POLY_LOOP('',(#6598,#6594,#6593));
#6688=FACE_OUTER_BOUND('',#6669,.T.);
#6707=FACE_SURFACE('',(#6688),#6650,.T.);
#6613=DIRECTION('',(0.,0.,-1.));
#6632=AXIS2_PLACEMENT_3D('',#6598,#6613,$);
#6651=PLANE('',#6632);
#6670=POLY_LOOP('',(#6598,#6595,#6594));
#6689=FACE_OUTER_BOUND('',#6670,.T.);
#6708=FACE_SURFACE('',(#6689),#6651,.T.);
#6614=DIRECTION('',(0.,0.,-1.));
#6633=AXIS2_PLACEMENT_3D('',#6598,#6614,$);
#6652=PLANE('',#6633);
#6671=POLY_LOOP('',(#6598,#6596,#6595));
#6690=FACE_OUTER_BOUND('',#6671,.T.);
#6709=FACE_SURFACE('',(#6690),#6652,.T.);
#6615=DIRECTION('',(0.,0.,-1.));
#6634=AXIS2_PLACEMENT_3D('',#6598,#6615,$);
#6653=PLANE('',#6634);
#6672=POLY_LOOP('',(#6598,#6597,#6596));
#6691=FACE_OUTER_BOUND('',#6672,.T.);
#6710=FACE_SURFACE('',(#6691),#6653,.T.);
#6616=DIRECTION('',(0.,0.,-1.));
#6635=AXIS2_PLACEMENT_3D('',#6598,#6616,$);
#6654=PLANE('',#6635);
#6673=POLY_LOOP('',(#6598,#6583,#6581));
#6692=FACE_OUTER_BOUND('',#6673,.T.);
#6711=FACE_SURFACE('',(#6692),#6654,.T.);
#6617=DIRECTION('',(0.,0.,-1.));
#6636=AXIS2_PLACEMENT_3D('',#6599,#6617,$);
#6655=PLANE('',#6636);
#6674=POLY_LOOP('',(#6599,#6598,#6581));
#6693=FACE_OUTER_BOUND('',#6674,.T.);
#6712=FACE_SURFACE('',(#6693),#6655,.T.);
#6618=DIRECTION('',(0.,0.,-1.));
#6637=AXIS2_PLACEMENT_3D('',#6600,#6618,$);
#6656=PLANE('',#6637);
#6675=POLY_LOOP('',(#6600,#6581,#6580));
#6694=FACE_OUTER_BOUND('',#6675,.T.);
#6713=FACE_SURFACE('',(#6694),#6656,.T.);
#6619=DIRECTION('',(0.,0.,-1.));
#6638=AXIS2_PLACEMENT_3D('',#6600,#6619,$);
#6657=PLANE('',#6638);
#6676=POLY_LOOP('',(#6600,#6599,#6581));
#6695=FACE_OUTER_BOUND('',#6676,.T.);
#6714=FACE_SURFACE('',(#6695),#6657,.T.);
#6715=CLOSED_SHELL('',(#6696,#6697,#6698,#6699,#6700,#6701,#6702,#6703,#6704,#6705,#6706,#6707,#6708,#6709,#6710,#6711,#6712,#6713,#6714));
#6716=FACETED_BREP('',#6715);
#6717=CARTESIAN_POINT('',(0.000475,0.00055,0.));
#6718=CARTESIAN_POINT('',(0.000475,0.00055,0.0001));
#6719=CARTESIAN_POINT('',(0.000475,0.00125,0.0001));
#6720=CARTESIAN_POINT('',(0.000475,0.00125,0.));
#6721=DIRECTION('',(-1.,0.,0.));
#6723=AXIS2_PLACEMENT_3D('',#6718,#6721,$);
#6725=PLANE('',#6723);
#6727=POLY_LOOP('',(#6718,#6719,#6720));
#6729=FACE_OUTER_BOUND('',#6727,.T.);
#6731=FACE_SURFACE('',(#6729),#6725,.T.);
#6722=DIRECTION('',(-1.,0.,0.));
#6724=AXIS2_PLACEMENT_3D('',#6718,#6722,$);
#6726=PLANE('',#6724);
#6728=POLY_LOOP('',(#6718,#6720,#6717));
#6730=FACE_OUTER_BOUND('',#6728,.T.);
#6732=FACE_SURFACE('',(#6730),#6726,.T.);
#6733=CLOSED_SHELL('',(#6731,#6732));
#6734=FACETED_BREP('',#6733);
#6735=CARTESIAN_POINT('',(0.000475,0.00125,0.));
#6736=CARTESIAN_POINT('',(0.000475,0.00125,0.0001));
#6737=CARTESIAN_POINT('',(0.000675,0.00125,0.0001));
#6738=CARTESIAN_POINT('',(0.000675,0.00125,0.));
#6739=DIRECTION('',(0.,1.,0.));
#6741=AXIS2_PLACEMENT_3D('',#6736,#6739,$);
#6743=PLANE('',#6741);
#6745=POLY_LOOP('',(#6736,#6737,#6738));
#6747=FACE_OUTER_BOUND('',#6745,.T.);
#6749=FACE_SURFACE('',(#6747),#6743,.T.);
#6740=DIRECTION('',(0.,1.,0.));
#6742=AXIS2_PLACEMENT_3D('',#6736,#6740,$);
#6744=PLANE('',#6742);
#6746=POLY_LOOP('',(#6736,#6738,#6735));
#6748=FACE_OUTER_BOUND('',#6746,.T.);
#6750=FACE_SURFACE('',(#6748),#6744,.T.);
#6751=CLOSED_SHELL('',(#6749,#6750));
#6752=FACETED_BREP('',#6751);
#6753=CARTESIAN_POINT('',(0.000675,0.00125,0.));
#6754=CARTESIAN_POINT('',(0.000675,0.00125,0.0001));
#6755=CARTESIAN_POINT('',(0.000675,0.00055,0.0001));
#6756=CARTESIAN_POINT('',(0.000675,0.00055,0.));
#6757=DIRECTION('',(1.,0.,0.));
#6759=AXIS2_PLACEMENT_3D('',#6754,#6757,$);
#6761=PLANE('',#6759);
#6763=POLY_LOOP('',(#6754,#6755,#6756));
#6765=FACE_OUTER_BOUND('',#6763,.T.);
#6767=FACE_SURFACE('',(#6765),#6761,.T.);
#6758=DIRECTION('',(1.,0.,0.));
#6760=AXIS2_PLACEMENT_3D('',#6754,#6758,$);
#6762=PLANE('',#6760);
#6764=POLY_LOOP('',(#6754,#6756,#6753));
#6766=FACE_OUTER_BOUND('',#6764,.T.);
#6768=FACE_SURFACE('',(#6766),#6762,.T.);
#6769=CLOSED_SHELL('',(#6767,#6768));
#6770=FACETED_BREP('',#6769);
#6771=CARTESIAN_POINT('',(0.000675,0.00055,0.));
#6772=CARTESIAN_POINT('',(0.000675,0.00055,0.0001));
#6773=CARTESIAN_POINT('',(0.000475,0.00055,0.0001));
#6774=CARTESIAN_POINT('',(0.0004765192,0.0005326352,0.0001));
#6775=CARTESIAN_POINT('',(0.0004810307,0.000515798,0.0001));
#6776=CARTESIAN_POINT('',(0.0004883974,0.0005,0.0001));
#6777=CARTESIAN_POINT('',(0.0004983955,0.0004857212,0.0001));
#6778=CARTESIAN_POINT('',(0.0005107212,0.0004733955,0.0001));
#6779=CARTESIAN_POINT('',(0.000525,0.0004633974,0.0001));
#6780=CARTESIAN_POINT('',(0.000540798,0.0004560307,0.0001));
#6781=CARTESIAN_POINT('',(0.0005576352,0.0004515192,0.0001));
#6782=CARTESIAN_POINT('',(0.000575,0.00045,0.0001));
#6783=CARTESIAN_POINT('',(0.0005923648,0.0004515192,0.0001));
#6784=CARTESIAN_POINT('',(0.000609202,0.0004560307,0.0001));
#6785=CARTESIAN_POINT('',(0.000625,0.0004633974,0.0001));
#6786=CARTESIAN_POINT('',(0.0006392787,0.0004733955,0.0001));
#6787=CARTESIAN_POINT('',(0.0006516044,0.0004857212,0.0001));
#6788=CARTESIAN_POINT('',(0.0006616025,0.0005,0.0001));
#6789=CARTESIAN_POINT('',(0.0006689692,0.000515798,0.0001));
#6790=CARTESIAN_POINT('',(0.0006734808,0.0005326352,0.0001));
#6791=CARTESIAN_POINT('',(0.000475,0.00055,0.));
#6792=CARTESIAN_POINT('',(0.0004765192,0.0005326352,0.));
#6793=CARTESIAN_POINT('',(0.0004810307,0.000515798,0.));
#6794=CARTESIAN_POINT('',(0.0004883974,0.0005,0.));
#6795=CARTESIAN_POINT('',(0.0004983955,0.0004857212,0.));
#6796=CARTESIAN_POINT('',(0.0005107212,0.0004733955,0.));
#6797=CARTESIAN_POINT('',(0.000525,0.0004633974,0.));
#6798=CARTESIAN_POINT('',(0.000540798,0.0004560307,0.));
#6799=CARTESIAN_POINT('',(0.0005576352,0.0004515192,0.));
#6800=CARTESIAN_POINT('',(0.000575,0.00045,0.));
#6801=CARTESIAN_POINT('',(0.0005923648,0.0004515192,0.));
#6802=CARTESIAN_POINT('',(0.000609202,0.0004560307,0.));
#6803=CARTESIAN_POINT('',(0.000625,0.0004633974,0.));
#6804=CARTESIAN_POINT('',(0.0006392787,0.0004733955,0.));
#6805=CARTESIAN_POINT('',(0.0006516044,0.0004857212,0.));
#6806=CARTESIAN_POINT('',(0.0006616025,0.0005,0.));
#6807=CARTESIAN_POINT('',(0.0006689692,0.000515798,0.));
#6808=CARTESIAN_POINT('',(0.0006734808,0.0005326352,0.));
#6809=DIRECTION('',(-0.9961947,-0.08715556,0.));
#6845=AXIS2_PLACEMENT_3D('',#6774,#6809,$);
#6881=PLANE('',#6845);
#6917=POLY_LOOP('',(#6774,#6773,#6791));
#6953=FACE_OUTER_BOUND('',#6917,.T.);
#6989=FACE_SURFACE('',(#6953),#6881,.T.);
#6810=DIRECTION('',(-0.9961947,-0.08715556,0.));
#6846=AXIS2_PLACEMENT_3D('',#6774,#6810,$);
#6882=PLANE('',#6846);
#6918=POLY_LOOP('',(#6774,#6791,#6792));
#6954=FACE_OUTER_BOUND('',#6918,.T.);
#6990=FACE_SURFACE('',(#6954),#6882,.T.);
#6811=DIRECTION('',(-0.965926,-0.2588183,0.));
#6847=AXIS2_PLACEMENT_3D('',#6775,#6811,$);
#6883=PLANE('',#6847);
#6919=POLY_LOOP('',(#6775,#6792,#6793));
#6955=FACE_OUTER_BOUND('',#6919,.T.);
#6991=FACE_SURFACE('',(#6955),#6883,.T.);
#6812=DIRECTION('',(-0.965926,-0.2588183,0.));
#6848=AXIS2_PLACEMENT_3D('',#6775,#6812,$);
#6884=PLANE('',#6848);
#6920=POLY_LOOP('',(#6775,#6774,#6792));
#6956=FACE_OUTER_BOUND('',#6920,.T.);
#6992=FACE_SURFACE('',(#6956),#6884,.T.);
#6813=DIRECTION('',(-0.906308,-0.4226178,0.));
#6849=AXIS2_PLACEMENT_3D('',#6776,#6813,$);
#6885=PLANE('',#6849);
#6921=POLY_LOOP('',(#6776,#6793,#6794));
#6957=FACE_OUTER_BOUND('',#6921,.T.);
#6993=FACE_SURFACE('',(#6957),#6885,.T.);
#6814=DIRECTION('',(-0.906308,-0.4226178,0.));
#6850=AXIS2_PLACEMENT_3D('',#6776,#6814,$);
#6886=PLANE('',#6850);
#6922=POLY_LOOP('',(#6776,#6775,#6793));
#6958=FACE_OUTER_BOUND('',#6922,.T.);
#6994=FACE_SURFACE('',(#6958),#6886,.T.);
#6815=DIRECTION('',(-0.8191523,-0.5735761,0.));
#6851=AXIS2_PLACEMENT_3D('',#6777,#6815,$);
#6887=PLANE('',#6851);
#6923=POLY_LOOP('',(#6777,#6794,#6795));
#6959=FACE_OUTER_BOUND('',#6923,.T.);
#6995=FACE_SURFACE('',(#6959),#6887,.T.);
#6816=DIRECTION('',(-0.8191523,-0.5735761,0.));
#6852=AXIS2_PLACEMENT_3D('',#6777,#6816,$);
#6888=PLANE('',#6852);
#6924=POLY_LOOP('',(#6777,#6776,#6794));
#6960=FACE_OUTER_BOUND('',#6924,.T.);
#6996=FACE_SURFACE('',(#6960),#6888,.T.);
#6817=DIRECTION('',(-0.7071068,-0.7071068,0.));
#6853=AXIS2_PLACEMENT_3D('',#6778,#6817,$);
#6889=PLANE('',#6853);
#6925=POLY_LOOP('',(#6778,#6795,#6796));
#6961=FACE_OUTER_BOUND('',#6925,.T.);
#6997=FACE_SURFACE('',(#6961),#6889,.T.);
#6818=DIRECTION('',(-0.7071068,-0.7071068,0.));
#6854=AXIS2_PLACEMENT_3D('',#6778,#6818,$);
#6890=PLANE('',#6854);
#6926=POLY_LOOP('',(#6778,#6777,#6795));
#6962=FACE_OUTER_BOUND('',#6926,.T.);
#6998=FACE_SURFACE('',(#6962),#6890,.T.);
#6819=DIRECTION('',(-0.5735769,-0.8191517,0.));
#6855=AXIS2_PLACEMENT_3D('',#6779,#6819,$);
#6891=PLANE('',#6855);
#6927=POLY_LOOP('',(#6779,#6796,#6797));
#6963=FACE_OUTER_BOUND('',#6927,.T.);
#6999=FACE_SURFACE('',(#6963),#6891,.T.);
#6820=DIRECTION('',(-0.5735769,-0.8191517,0.));
#6856=AXIS2_PLACEMENT_3D('',#6779,#6820,$);
#6892=PLANE('',#6856);
#6928=POLY_LOOP('',(#6779,#6778,#6796));
#6964=FACE_OUTER_BOUND('',#6928,.T.);
#7000=FACE_SURFACE('',(#6964),#6892,.T.);
#6821=DIRECTION('',(-0.4226165,-0.9063086,0.));
#6857=AXIS2_PLACEMENT_3D('',#6780,#6821,$);
#6893=PLANE('',#6857);
#6929=POLY_LOOP('',(#6780,#6797,#6798));
#6965=FACE_OUTER_BOUND('',#6929,.T.);
#7001=FACE_SURFACE('',(#6965),#6893,.T.);
#6822=DIRECTION('',(-0.4226165,-0.9063086,0.));
#6858=AXIS2_PLACEMENT_3D('',#6780,#6822,$);
#6894=PLANE('',#6858);
#6930=POLY_LOOP('',(#6780,#6779,#6797));
#6966=FACE_OUTER_BOUND('',#6930,.T.);
#7002=FACE_SURFACE('',(#6966),#6894,.T.);
#6823=DIRECTION('',(-0.2588207,-0.9659254,0.));
#6859=AXIS2_PLACEMENT_3D('',#6781,#6823,$);
#6895=PLANE('',#6859);
#6931=POLY_LOOP('',(#6781,#6798,#6799));
#6967=FACE_OUTER_BOUND('',#6931,.T.);
#7003=FACE_SURFACE('',(#6967),#6895,.T.);
#6824=DIRECTION('',(-0.2588207,-0.9659254,0.));
#6860=AXIS2_PLACEMENT_3D('',#6781,#6824,$);
#6896=PLANE('',#6860);
#6932=POLY_LOOP('',(#6781,#6780,#6798));
#6968=FACE_OUTER_BOUND('',#6932,.T.);
#7004=FACE_SURFACE('',(#6968),#6896,.T.);
#6825=DIRECTION('',(-0.08715527,-0.9961947,0.));
#6861=AXIS2_PLACEMENT_3D('',#6782,#6825,$);
#6897=PLANE('',#6861);
#6933=POLY_LOOP('',(#6782,#6799,#6800));
#6969=FACE_OUTER_BOUND('',#6933,.T.);
#7005=FACE_SURFACE('',(#6969),#6897,.T.);
#6826=DIRECTION('',(-0.08715527,-0.9961947,0.));
#6862=AXIS2_PLACEMENT_3D('',#6782,#6826,$);
#6898=PLANE('',#6862);
#6934=POLY_LOOP('',(#6782,#6781,#6799));
#6970=FACE_OUTER_BOUND('',#6934,.T.);
#7006=FACE_SURFACE('',(#6970),#6898,.T.);
#6827=DIRECTION('',(0.08715556,-0.9961947,0.));
#6863=AXIS2_PLACEMENT_3D('',#6783,#6827,$);
#6899=PLANE('',#6863);
#6935=POLY_LOOP('',(#6783,#6800,#6801));
#6971=FACE_OUTER_BOUND('',#6935,.T.);
#7007=FACE_SURFACE('',(#6971),#6899,.T.);
#6828=DIRECTION('',(0.08715556,-0.9961947,0.));
#6864=AXIS2_PLACEMENT_3D('',#6783,#6828,$);
#6900=PLANE('',#6864);
#6936=POLY_LOOP('',(#6783,#6782,#6800));
#6972=FACE_OUTER_BOUND('',#6936,.T.);
#7008=FACE_SURFACE('',(#6972),#6900,.T.);
#6829=DIRECTION('',(0.2588198,-0.9659256,0.));
#6865=AXIS2_PLACEMENT_3D('',#6784,#6829,$);
#6901=PLANE('',#6865);
#6937=POLY_LOOP('',(#6784,#6801,#6802));
#6973=FACE_OUTER_BOUND('',#6937,.T.);
#7009=FACE_SURFACE('',(#6973),#6901,.T.);
#6830=DIRECTION('',(0.2588198,-0.9659256,0.));
#6866=AXIS2_PLACEMENT_3D('',#6784,#6830,$);
#6902=PLANE('',#6866);
#6938=POLY_LOOP('',(#6784,#6783,#6801));
#6974=FACE_OUTER_BOUND('',#6938,.T.);
#7010=FACE_SURFACE('',(#6974),#6902,.T.);
#6831=DIRECTION('',(0.4226178,-0.906308,0.));
#6867=AXIS2_PLACEMENT_3D('',#6785,#6831,$);
#6903=PLANE('',#6867);
#6939=POLY_LOOP('',(#6785,#6802,#6803));
#6975=FACE_OUTER_BOUND('',#6939,.T.);
#7011=FACE_SURFACE('',(#6975),#6903,.T.);
#6832=DIRECTION('',(0.4226178,-0.906308,0.));
#6868=AXIS2_PLACEMENT_3D('',#6785,#6832,$);
#6904=PLANE('',#6868);
#6940=POLY_LOOP('',(#6785,#6784,#6802));
#6976=FACE_OUTER_BOUND('',#6940,.T.);
#7012=FACE_SURFACE('',(#6976),#6904,.T.);
#6833=DIRECTION('',(0.5735769,-0.8191517,0.));
#6869=AXIS2_PLACEMENT_3D('',#6786,#6833,$);
#6905=PLANE('',#6869);
#6941=POLY_LOOP('',(#6786,#6803,#6804));
#6977=FACE_OUTER_BOUND('',#6941,.T.);
#7013=FACE_SURFACE('',(#6977),#6905,.T.);
#6834=DIRECTION('',(0.5735769,-0.8191517,0.));
#6870=AXIS2_PLACEMENT_3D('',#6786,#6834,$);
#6906=PLANE('',#6870);
#6942=POLY_LOOP('',(#6786,#6785,#6803));
#6978=FACE_OUTER_BOUND('',#6942,.T.);
#7014=FACE_SURFACE('',(#6978),#6906,.T.);
#6835=DIRECTION('',(0.7071068,-0.7071068,0.));
#6871=AXIS2_PLACEMENT_3D('',#6787,#6835,$);
#6907=PLANE('',#6871);
#6943=POLY_LOOP('',(#6787,#6804,#6805));
#6979=FACE_OUTER_BOUND('',#6943,.T.);
#7015=FACE_SURFACE('',(#6979),#6907,.T.);
#6836=DIRECTION('',(0.7071068,-0.7071068,0.));
#6872=AXIS2_PLACEMENT_3D('',#6787,#6836,$);
#6908=PLANE('',#6872);
#6944=POLY_LOOP('',(#6787,#6786,#6804));
#6980=FACE_OUTER_BOUND('',#6944,.T.);
#7016=FACE_SURFACE('',(#6980),#6908,.T.);
#6837=DIRECTION('',(0.8191523,-0.5735761,0.));
#6873=AXIS2_PLACEMENT_3D('',#6788,#6837,$);
#6909=PLANE('',#6873);
#6945=POLY_LOOP('',(#6788,#6805,#6806));
#6981=FACE_OUTER_BOUND('',#6945,.T.);
#7017=FACE_SURFACE('',(#6981),#6909,.T.);
#6838=DIRECTION('',(0.8191523,-0.5735761,0.));
#6874=AXIS2_PLACEMENT_3D('',#6788,#6838,$);
#6910=PLANE('',#6874);
#6946=POLY_LOOP('',(#6788,#6787,#6805));
#6982=FACE_OUTER_BOUND('',#6946,.T.);
#7018=FACE_SURFACE('',(#6982),#6910,.T.);
#6839=DIRECTION('',(0.906308,-0.4226178,0.));
#6875=AXIS2_PLACEMENT_3D('',#6789,#6839,$);
#6911=PLANE('',#6875);
#6947=POLY_LOOP('',(#6789,#6788,#6806));
#6983=FACE_OUTER_BOUND('',#6947,.T.);
#7019=FACE_SURFACE('',(#6983),#6911,.T.);
#6840=DIRECTION('',(0.906308,-0.4226178,0.));
#6876=AXIS2_PLACEMENT_3D('',#6789,#6840,$);
#6912=PLANE('',#6876);
#6948=POLY_LOOP('',(#6789,#6806,#6807));
#6984=FACE_OUTER_BOUND('',#6948,.T.);
#7020=FACE_SURFACE('',(#6984),#6912,.T.);
#6841=DIRECTION('',(0.9659252,-0.2588214,0.));
#6877=AXIS2_PLACEMENT_3D('',#6790,#6841,$);
#6913=PLANE('',#6877);
#6949=POLY_LOOP('',(#6790,#6789,#6807));
#6985=FACE_OUTER_BOUND('',#6949,.T.);
#7021=FACE_SURFACE('',(#6985),#6913,.T.);
#6842=DIRECTION('',(0.9659252,-0.2588214,0.));
#6878=AXIS2_PLACEMENT_3D('',#6790,#6842,$);
#6914=PLANE('',#6878);
#6950=POLY_LOOP('',(#6790,#6807,#6808));
#6986=FACE_OUTER_BOUND('',#6950,.T.);
#7022=FACE_SURFACE('',(#6986),#6914,.T.);
#6843=DIRECTION('',(0.9961947,-0.08715556,0.));
#6879=AXIS2_PLACEMENT_3D('',#6772,#6843,$);
#6915=PLANE('',#6879);
#6951=POLY_LOOP('',(#6772,#6790,#6808));
#6987=FACE_OUTER_BOUND('',#6951,.T.);
#7023=FACE_SURFACE('',(#6987),#6915,.T.);
#6844=DIRECTION('',(0.9961947,-0.08715556,0.));
#6880=AXIS2_PLACEMENT_3D('',#6772,#6844,$);
#6916=PLANE('',#6880);
#6952=POLY_LOOP('',(#6772,#6808,#6771));
#6988=FACE_OUTER_BOUND('',#6952,.T.);
#7024=FACE_SURFACE('',(#6988),#6916,.T.);
#7025=CLOSED_SHELL('',(#6989,#6990,#6991,#6992,#6993,#6994,#6995,#6996,#6997,#6998,#6999,#7000,#7001,#7002,#7003,#7004,#7005,#7006,#7007,#7008,#7009,#7010,#7011,#7012,#7013,#7014,#7015,#7016,#7017,#7018,#7019,#7020,#7021,#7022,#7023,#7024));
#7026=FACETED_BREP('',#7025);
#7027=CARTESIAN_POINT('',(0.000475,0.00055,0.0001));
#7028=CARTESIAN_POINT('',(0.0004765192,0.0005326352,0.0001));
#7029=CARTESIAN_POINT('',(0.0004810307,0.000515798,0.0001));
#7030=CARTESIAN_POINT('',(0.0004883974,0.0005,0.0001));
#7031=CARTESIAN_POINT('',(0.0004983955,0.0004857212,0.0001));
#7032=CARTESIAN_POINT('',(0.0005107212,0.0004733955,0.0001));
#7033=CARTESIAN_POINT('',(0.000525,0.0004633974,0.0001));
#7034=CARTESIAN_POINT('',(0.000540798,0.0004560307,0.0001));
#7035=CARTESIAN_POINT('',(0.0005576352,0.0004515192,0.0001));
#7036=CARTESIAN_POINT('',(0.000575,0.00045,0.0001));
#7037=CARTESIAN_POINT('',(0.0005923648,0.0004515192,0.0001));
#7038=CARTESIAN_POINT('',(0.000609202,0.0004560307,0.0001));
#7039=CARTESIAN_POINT('',(0.000625,0.0004633974,0.0001));
#7040=CARTESIAN_POINT('',(0.0006392787,0.0004733955,0.0001));
#7041=CARTESIAN_POINT('',(0.0006516044,0.0004857212,0.0001));
#7042=CARTESIAN_POINT('',(0.0006616025,0.0005,0.0001));
#7043=CARTESIAN_POINT('',(0.0006689692,0.000515798,0.0001));
#7044=CARTESIAN_POINT('',(0.0006734808,0.0005326352,0.0001));
#7045=CARTESIAN_POINT('',(0.000675,0.00055,0.0001));
#7046=CARTESIAN_POINT('',(0.000675,0.00125,0.0001));
#7047=CARTESIAN_POINT('',(0.000475,0.00125,0.0001));
#7048=DIRECTION('',(0.,0.,1.));
#7067=AXIS2_PLACEMENT_3D('',#7044,#7048,$);
#7086=PLANE('',#7067);
#7105=POLY_LOOP('',(#7044,#7028,#7029));
#7124=FACE_OUTER_BOUND('',#7105,.T.);
#7143=FACE_SURFACE('',(#7124),#7086,.T.);
#7049=DIRECTION('',(0.,0.,1.));
#7068=AXIS2_PLACEMENT_3D('',#7044,#7049,$);
#7087=PLANE('',#7068);
#7106=POLY_LOOP('',(#7044,#7029,#7030));
#7125=FACE_OUTER_BOUND('',#7106,.T.);
#7144=FACE_SURFACE('',(#7125),#7087,.T.);
#7050=DIRECTION('',(0.,0.,1.));
#7069=AXIS2_PLACEMENT_3D('',#7044,#7050,$);
#7088=PLANE('',#7069);
#7107=POLY_LOOP('',(#7044,#7030,#7031));
#7126=FACE_OUTER_BOUND('',#7107,.T.);
#7145=FACE_SURFACE('',(#7126),#7088,.T.);
#7051=DIRECTION('',(0.,0.,1.));
#7070=AXIS2_PLACEMENT_3D('',#7044,#7051,$);
#7089=PLANE('',#7070);
#7108=POLY_LOOP('',(#7044,#7031,#7032));
#7127=FACE_OUTER_BOUND('',#7108,.T.);
#7146=FACE_SURFACE('',(#7127),#7089,.T.);
#7052=DIRECTION('',(0.,0.,1.));
#7071=AXIS2_PLACEMENT_3D('',#7044,#7052,$);
#7090=PLANE('',#7071);
#7109=POLY_LOOP('',(#7044,#7032,#7033));
#7128=FACE_OUTER_BOUND('',#7109,.T.);
#7147=FACE_SURFACE('',(#7128),#7090,.T.);
#7053=DIRECTION('',(0.,0.,1.));
#7072=AXIS2_PLACEMENT_3D('',#7044,#7053,$);
#7091=PLANE('',#7072);
#7110=POLY_LOOP('',(#7044,#7033,#7034));
#7129=FACE_OUTER_BOUND('',#7110,.T.);
#7148=FACE_SURFACE('',(#7129),#7091,.T.);
#7054=DIRECTION('',(0.,0.,1.));
#7073=AXIS2_PLACEMENT_3D('',#7044,#7054,$);
#7092=PLANE('',#7073);
#7111=POLY_LOOP('',(#7044,#7034,#7035));
#7130=FACE_OUTER_BOUND('',#7111,.T.);
#7149=FACE_SURFACE('',(#7130),#7092,.T.);
#7055=DIRECTION('',(0.,0.,1.));
#7074=AXIS2_PLACEMENT_3D('',#7044,#7055,$);
#7093=PLANE('',#7074);
#7112=POLY_LOOP('',(#7044,#7035,#7036));
#7131=FACE_OUTER_BOUND('',#7112,.T.);
#7150=FACE_SURFACE('',(#7131),#7093,.T.);
#7056=DIRECTION('',(0.,0.,1.));
#7075=AXIS2_PLACEMENT_3D('',#7044,#7056,$);
#7094=PLANE('',#7075);
#7113=POLY_LOOP('',(#7044,#7036,#7037));
#7132=FACE_OUTER_BOUND('',#7113,.T.);
#7151=FACE_SURFACE('',(#7132),#7094,.T.);
#7057=DIRECTION('',(0.,0.,1.));
#7076=AXIS2_PLACEMENT_3D('',#7044,#7057,$);
#7095=PLANE('',#7076);
#7114=POLY_LOOP('',(#7044,#7037,#7038));
#7133=FACE_OUTER_BOUND('',#7114,.T.);
#7152=FACE_SURFACE('',(#7133),#7095,.T.);
#7058=DIRECTION('',(0.,0.,1.));
#7077=AXIS2_PLACEMENT_3D('',#7044,#7058,$);
#7096=PLANE('',#7077);
#7115=POLY_LOOP('',(#7044,#7038,#7039));
#7134=FACE_OUTER_BOUND('',#7115,.T.);
#7153=FACE_SURFACE('',(#7134),#7096,.T.);
#7059=DIRECTION('',(0.,0.,1.));
#7078=AXIS2_PLACEMENT_3D('',#7044,#7059,$);
#7097=PLANE('',#7078);
#7116=POLY_LOOP('',(#7044,#7039,#7040));
#7135=FACE_OUTER_BOUND('',#7116,.T.);
#7154=FACE_SURFACE('',(#7135),#7097,.T.);
#7060=DIRECTION('',(0.,0.,1.));
#7079=AXIS2_PLACEMENT_3D('',#7044,#7060,$);
#7098=PLANE('',#7079);
#7117=POLY_LOOP('',(#7044,#7040,#7041));
#7136=FACE_OUTER_BOUND('',#7117,.T.);
#7155=FACE_SURFACE('',(#7136),#7098,.T.);
#7061=DIRECTION('',(0.,0.,1.));
#7080=AXIS2_PLACEMENT_3D('',#7044,#7061,$);
#7099=PLANE('',#7080);
#7118=POLY_LOOP('',(#7044,#7041,#7042));
#7137=FACE_OUTER_BOUND('',#7118,.T.);
#7156=FACE_SURFACE('',(#7137),#7099,.T.);
#7062=DIRECTION('',(0.,0.,1.));
#7081=AXIS2_PLACEMENT_3D('',#7044,#7062,$);
#7100=PLANE('',#7081);
#7119=POLY_LOOP('',(#7044,#7042,#7043));
#7138=FACE_OUTER_BOUND('',#7119,.T.);
#7157=FACE_SURFACE('',(#7138),#7100,.T.);
#7063=DIRECTION('',(0.,0.,1.));
#7082=AXIS2_PLACEMENT_3D('',#7045,#7063,$);
#7101=PLANE('',#7082);
#7120=POLY_LOOP('',(#7045,#7027,#7028));
#7139=FACE_OUTER_BOUND('',#7120,.T.);
#7158=FACE_SURFACE('',(#7139),#7101,.T.);
#7064=DIRECTION('',(0.,0.,1.));
#7083=AXIS2_PLACEMENT_3D('',#7045,#7064,$);
#7102=PLANE('',#7083);
#7121=POLY_LOOP('',(#7045,#7028,#7044));
#7140=FACE_OUTER_BOUND('',#7121,.T.);
#7159=FACE_SURFACE('',(#7140),#7102,.T.);
#7065=DIRECTION('',(0.,0.,1.));
#7084=AXIS2_PLACEMENT_3D('',#7046,#7065,$);
#7103=PLANE('',#7084);
#7122=POLY_LOOP('',(#7046,#7047,#7027));
#7141=FACE_OUTER_BOUND('',#7122,.T.);
#7160=FACE_SURFACE('',(#7141),#7103,.T.);
#7066=DIRECTION('',(0.,0.,1.));
#7085=AXIS2_PLACEMENT_3D('',#7046,#7066,$);
#7104=PLANE('',#7085);
#7123=POLY_LOOP('',(#7046,#7027,#7045));
#7142=FACE_OUTER_BOUND('',#7123,.T.);
#7161=FACE_SURFACE('',(#7142),#7104,.T.);
#7162=CLOSED_SHELL('',(#7143,#7144,#7145,#7146,#7147,#7148,#7149,#7150,#7151,#7152,#7153,#7154,#7155,#7156,#7157,#7158,#7159,#7160,#7161));
#7163=FACETED_BREP('',#7162);
#7164=CARTESIAN_POINT('',(0.000075,0.00125,0.));
#7165=CARTESIAN_POINT('',(0.000075,0.00055,0.));
#7166=CARTESIAN_POINT('',(0.00007651922,0.0005326352,0.));
#7167=CARTESIAN_POINT('',(0.00008103074,0.000515798,0.));
#7168=CARTESIAN_POINT('',(0.00008839746,0.0005,0.));
#7169=CARTESIAN_POINT('',(0.00009839555,0.0004857212,0.));
#7170=CARTESIAN_POINT('',(0.0001107212,0.0004733955,0.));
#7171=CARTESIAN_POINT('',(0.000125,0.0004633974,0.));
#7172=CARTESIAN_POINT('',(0.000140798,0.0004560307,0.));
#7173=CARTESIAN_POINT('',(0.0001576352,0.0004515192,0.));
#7174=CARTESIAN_POINT('',(0.000175,0.00045,0.));
#7175=CARTESIAN_POINT('',(0.0001923648,0.0004515192,0.));
#7176=CARTESIAN_POINT('',(0.000209202,0.0004560307,0.));
#7177=CARTESIAN_POINT('',(0.000225,0.0004633974,0.));
#7178=CARTESIAN_POINT('',(0.0002392788,0.0004733955,0.));
#7179=CARTESIAN_POINT('',(0.0002516044,0.0004857212,0.));
#7180=CARTESIAN_POINT('',(0.0002616025,0.0005,0.));
#7181=CARTESIAN_POINT('',(0.0002689692,0.000515798,0.));
#7182=CARTESIAN_POINT('',(0.0002734808,0.0005326352,0.));
#7183=CARTESIAN_POINT('',(0.000275,0.00055,0.));
#7184=CARTESIAN_POINT('',(0.000275,0.00125,0.));
#7185=DIRECTION('',(0.,0.,-1.));
#7204=AXIS2_PLACEMENT_3D('',#7182,#7185,$);
#7223=PLANE('',#7204);
#7242=POLY_LOOP('',(#7182,#7166,#7165));
#7261=FACE_OUTER_BOUND('',#7242,.T.);
#7280=FACE_SURFACE('',(#7261),#7223,.T.);
#7186=DIRECTION('',(0.,0.,-1.));
#7205=AXIS2_PLACEMENT_3D('',#7182,#7186,$);
#7224=PLANE('',#7205);
#7243=POLY_LOOP('',(#7182,#7167,#7166));
#7262=FACE_OUTER_BOUND('',#7243,.T.);
#7281=FACE_SURFACE('',(#7262),#7224,.T.);
#7187=DIRECTION('',(0.,0.,-1.));
#7206=AXIS2_PLACEMENT_3D('',#7182,#7187,$);
#7225=PLANE('',#7206);
#7244=POLY_LOOP('',(#7182,#7168,#7167));
#7263=FACE_OUTER_BOUND('',#7244,.T.);
#7282=FACE_SURFACE('',(#7263),#7225,.T.);
#7188=DIRECTION('',(0.,0.,-1.));
#7207=AXIS2_PLACEMENT_3D('',#7182,#7188,$);
#7226=PLANE('',#7207);
#7245=POLY_LOOP('',(#7182,#7169,#7168));
#7264=FACE_OUTER_BOUND('',#7245,.T.);
#7283=FACE_SURFACE('',(#7264),#7226,.T.);
#7189=DIRECTION('',(0.,0.,-1.));
#7208=AXIS2_PLACEMENT_3D('',#7182,#7189,$);
#7227=PLANE('',#7208);
#7246=POLY_LOOP('',(#7182,#7170,#7169));
#7265=FACE_OUTER_BOUND('',#7246,.T.);
#7284=FACE_SURFACE('',(#7265),#7227,.T.);
#7190=DIRECTION('',(0.,0.,-1.));
#7209=AXIS2_PLACEMENT_3D('',#7182,#7190,$);
#7228=PLANE('',#7209);
#7247=POLY_LOOP('',(#7182,#7171,#7170));
#7266=FACE_OUTER_BOUND('',#7247,.T.);
#7285=FACE_SURFACE('',(#7266),#7228,.T.);
#7191=DIRECTION('',(0.,0.,-1.));
#7210=AXIS2_PLACEMENT_3D('',#7182,#7191,$);
#7229=PLANE('',#7210);
#7248=POLY_LOOP('',(#7182,#7172,#7171));
#7267=FACE_OUTER_BOUND('',#7248,.T.);
#7286=FACE_SURFACE('',(#7267),#7229,.T.);
#7192=DIRECTION('',(0.,0.,-1.));
#7211=AXIS2_PLACEMENT_3D('',#7182,#7192,$);
#7230=PLANE('',#7211);
#7249=POLY_LOOP('',(#7182,#7173,#7172));
#7268=FACE_OUTER_BOUND('',#7249,.T.);
#7287=FACE_SURFACE('',(#7268),#7230,.T.);
#7193=DIRECTION('',(0.,0.,-1.));
#7212=AXIS2_PLACEMENT_3D('',#7182,#7193,$);
#7231=PLANE('',#7212);
#7250=POLY_LOOP('',(#7182,#7174,#7173));
#7269=FACE_OUTER_BOUND('',#7250,.T.);
#7288=FACE_SURFACE('',(#7269),#7231,.T.);
#7194=DIRECTION('',(0.,0.,-1.));
#7213=AXIS2_PLACEMENT_3D('',#7182,#7194,$);
#7232=PLANE('',#7213);
#7251=POLY_LOOP('',(#7182,#7175,#7174));
#7270=FACE_OUTER_BOUND('',#7251,.T.);
#7289=FACE_SURFACE('',(#7270),#7232,.T.);
#7195=DIRECTION('',(0.,0.,-1.));
#7214=AXIS2_PLACEMENT_3D('',#7182,#7195,$);
#7233=PLANE('',#7214);
#7252=POLY_LOOP('',(#7182,#7176,#7175));
#7271=FACE_OUTER_BOUND('',#7252,.T.);
#7290=FACE_SURFACE('',(#7271),#7233,.T.);
#7196=DIRECTION('',(0.,0.,-1.));
#7215=AXIS2_PLACEMENT_3D('',#7182,#7196,$);
#7234=PLANE('',#7215);
#7253=POLY_LOOP('',(#7182,#7177,#7176));
#7272=FACE_OUTER_BOUND('',#7253,.T.);
#7291=FACE_SURFACE('',(#7272),#7234,.T.);
#7197=DIRECTION('',(0.,0.,-1.));
#7216=AXIS2_PLACEMENT_3D('',#7182,#7197,$);
#7235=PLANE('',#7216);
#7254=POLY_LOOP('',(#7182,#7178,#7177));
#7273=FACE_OUTER_BOUND('',#7254,.T.);
#7292=FACE_SURFACE('',(#7273),#7235,.T.);
#7198=DIRECTION('',(0.,0.,-1.));
#7217=AXIS2_PLACEMENT_3D('',#7182,#7198,$);
#7236=PLANE('',#7217);
#7255=POLY_LOOP('',(#7182,#7179,#7178));
#7274=FACE_OUTER_BOUND('',#7255,.T.);
#7293=FACE_SURFACE('',(#7274),#7236,.T.);
#7199=DIRECTION('',(0.,0.,-1.));
#7218=AXIS2_PLACEMENT_3D('',#7182,#7199,$);
#7237=PLANE('',#7218);
#7256=POLY_LOOP('',(#7182,#7180,#7179));
#7275=FACE_OUTER_BOUND('',#7256,.T.);
#7294=FACE_SURFACE('',(#7275),#7237,.T.);
#7200=DIRECTION('',(0.,0.,-1.));
#7219=AXIS2_PLACEMENT_3D('',#7182,#7200,$);
#7238=PLANE('',#7219);
#7257=POLY_LOOP('',(#7182,#7181,#7180));
#7276=FACE_OUTER_BOUND('',#7257,.T.);
#7295=FACE_SURFACE('',(#7276),#7238,.T.);
#7201=DIRECTION('',(0.,0.,-1.));
#7220=AXIS2_PLACEMENT_3D('',#7183,#7201,$);
#7239=PLANE('',#7220);
#7258=POLY_LOOP('',(#7183,#7182,#7165));
#7277=FACE_OUTER_BOUND('',#7258,.T.);
#7296=FACE_SURFACE('',(#7277),#7239,.T.);
#7202=DIRECTION('',(0.,0.,-1.));
#7221=AXIS2_PLACEMENT_3D('',#7184,#7202,$);
#7240=PLANE('',#7221);
#7259=POLY_LOOP('',(#7184,#7165,#7164));
#7278=FACE_OUTER_BOUND('',#7259,.T.);
#7297=FACE_SURFACE('',(#7278),#7240,.T.);
#7203=DIRECTION('',(0.,0.,-1.));
#7222=AXIS2_PLACEMENT_3D('',#7184,#7203,$);
#7241=PLANE('',#7222);
#7260=POLY_LOOP('',(#7184,#7183,#7165));
#7279=FACE_OUTER_BOUND('',#7260,.T.);
#7298=FACE_SURFACE('',(#7279),#7241,.T.);
#7299=CLOSED_SHELL('',(#7280,#7281,#7282,#7283,#7284,#7285,#7286,#7287,#7288,#7289,#7290,#7291,#7292,#7293,#7294,#7295,#7296,#7297,#7298));
#7300=FACETED_BREP('',#7299);
#7301=CARTESIAN_POINT('',(0.000075,0.00055,0.));
#7302=CARTESIAN_POINT('',(0.000075,0.00055,0.0001));
#7303=CARTESIAN_POINT('',(0.000075,0.00125,0.0001));
#7304=CARTESIAN_POINT('',(0.000075,0.00125,0.));
#7305=DIRECTION('',(-1.,0.,0.));
#7307=AXIS2_PLACEMENT_3D('',#7302,#7305,$);
#7309=PLANE('',#7307);
#7311=POLY_LOOP('',(#7302,#7303,#7304));
#7313=FACE_OUTER_BOUND('',#7311,.T.);
#7315=FACE_SURFACE('',(#7313),#7309,.T.);
#7306=DIRECTION('',(-1.,0.,0.));
#7308=AXIS2_PLACEMENT_3D('',#7302,#7306,$);
#7310=PLANE('',#7308);
#7312=POLY_LOOP('',(#7302,#7304,#7301));
#7314=FACE_OUTER_BOUND('',#7312,.T.);
#7316=FACE_SURFACE('',(#7314),#7310,.T.);
#7317=CLOSED_SHELL('',(#7315,#7316));
#7318=FACETED_BREP('',#7317);
#7319=CARTESIAN_POINT('',(0.000075,0.00125,0.));
#7320=CARTESIAN_POINT('',(0.000075,0.00125,0.0001));
#7321=CARTESIAN_POINT('',(0.000275,0.00125,0.0001));
#7322=CARTESIAN_POINT('',(0.000275,0.00125,0.));
#7323=DIRECTION('',(0.,1.,0.));
#7325=AXIS2_PLACEMENT_3D('',#7320,#7323,$);
#7327=PLANE('',#7325);
#7329=POLY_LOOP('',(#7320,#7321,#7322));
#7331=FACE_OUTER_BOUND('',#7329,.T.);
#7333=FACE_SURFACE('',(#7331),#7327,.T.);
#7324=DIRECTION('',(0.,1.,0.));
#7326=AXIS2_PLACEMENT_3D('',#7320,#7324,$);
#7328=PLANE('',#7326);
#7330=POLY_LOOP('',(#7320,#7322,#7319));
#7332=FACE_OUTER_BOUND('',#7330,.T.);
#7334=FACE_SURFACE('',(#7332),#7328,.T.);
#7335=CLOSED_SHELL('',(#7333,#7334));
#7336=FACETED_BREP('',#7335);
#7337=CARTESIAN_POINT('',(0.000275,0.00125,0.));
#7338=CARTESIAN_POINT('',(0.000275,0.00125,0.0001));
#7339=CARTESIAN_POINT('',(0.000275,0.00055,0.0001));
#7340=CARTESIAN_POINT('',(0.000275,0.00055,0.));
#7341=DIRECTION('',(1.,0.,0.));
#7343=AXIS2_PLACEMENT_3D('',#7338,#7341,$);
#7345=PLANE('',#7343);
#7347=POLY_LOOP('',(#7338,#7339,#7340));
#7349=FACE_OUTER_BOUND('',#7347,.T.);
#7351=FACE_SURFACE('',(#7349),#7345,.T.);
#7342=DIRECTION('',(1.,0.,0.));
#7344=AXIS2_PLACEMENT_3D('',#7338,#7342,$);
#7346=PLANE('',#7344);
#7348=POLY_LOOP('',(#7338,#7340,#7337));
#7350=FACE_OUTER_BOUND('',#7348,.T.);
#7352=FACE_SURFACE('',(#7350),#7346,.T.);
#7353=CLOSED_SHELL('',(#7351,#7352));
#7354=FACETED_BREP('',#7353);
#7355=CARTESIAN_POINT('',(0.000275,0.00055,0.));
#7356=CARTESIAN_POINT('',(0.000275,0.00055,0.0001));
#7357=CARTESIAN_POINT('',(0.000075,0.00055,0.0001));
#7358=CARTESIAN_POINT('',(0.00007651922,0.0005326352,0.0001));
#7359=CARTESIAN_POINT('',(0.00008103074,0.000515798,0.0001));
#7360=CARTESIAN_POINT('',(0.00008839746,0.0005,0.0001));
#7361=CARTESIAN_POINT('',(0.00009839555,0.0004857212,0.0001));
#7362=CARTESIAN_POINT('',(0.0001107212,0.0004733955,0.0001));
#7363=CARTESIAN_POINT('',(0.000125,0.0004633974,0.0001));
#7364=CARTESIAN_POINT('',(0.000140798,0.0004560307,0.0001));
#7365=CARTESIAN_POINT('',(0.0001576352,0.0004515192,0.0001));
#7366=CARTESIAN_POINT('',(0.000175,0.00045,0.0001));
#7367=CARTESIAN_POINT('',(0.0001923648,0.0004515192,0.0001));
#7368=CARTESIAN_POINT('',(0.000209202,0.0004560307,0.0001));
#7369=CARTESIAN_POINT('',(0.000225,0.0004633974,0.0001));
#7370=CARTESIAN_POINT('',(0.0002392788,0.0004733955,0.0001));
#7371=CARTESIAN_POINT('',(0.0002516044,0.0004857212,0.0001));
#7372=CARTESIAN_POINT('',(0.0002616025,0.0005,0.0001));
#7373=CARTESIAN_POINT('',(0.0002689692,0.000515798,0.0001));
#7374=CARTESIAN_POINT('',(0.0002734808,0.0005326352,0.0001));
#7375=CARTESIAN_POINT('',(0.000075,0.00055,0.));
#7376=CARTESIAN_POINT('',(0.00007651922,0.0005326352,0.));
#7377=CARTESIAN_POINT('',(0.00008103074,0.000515798,0.));
#7378=CARTESIAN_POINT('',(0.00008839746,0.0005,0.));
#7379=CARTESIAN_POINT('',(0.00009839555,0.0004857212,0.));
#7380=CARTESIAN_POINT('',(0.0001107212,0.0004733955,0.));
#7381=CARTESIAN_POINT('',(0.000125,0.0004633974,0.));
#7382=CARTESIAN_POINT('',(0.000140798,0.0004560307,0.));
#7383=CARTESIAN_POINT('',(0.0001576352,0.0004515192,0.));
#7384=CARTESIAN_POINT('',(0.000175,0.00045,0.));
#7385=CARTESIAN_POINT('',(0.0001923648,0.0004515192,0.));
#7386=CARTESIAN_POINT('',(0.000209202,0.0004560307,0.));
#7387=CARTESIAN_POINT('',(0.000225,0.0004633974,0.));
#7388=CARTESIAN_POINT('',(0.0002392788,0.0004733955,0.));
#7389=CARTESIAN_POINT('',(0.0002516044,0.0004857212,0.));
#7390=CARTESIAN_POINT('',(0.0002616025,0.0005,0.));
#7391=CARTESIAN_POINT('',(0.0002689692,0.000515798,0.));
#7392=CARTESIAN_POINT('',(0.0002734808,0.0005326352,0.));
#7393=DIRECTION('',(-0.9961947,-0.08715556,0.));
#7429=AXIS2_PLACEMENT_3D('',#7358,#7393,$);
#7465=PLANE('',#7429);
#7501=POLY_LOOP('',(#7358,#7357,#7375));
#7537=FACE_OUTER_BOUND('',#7501,.T.);
#7573=FACE_SURFACE('',(#7537),#7465,.T.);
#7394=DIRECTION('',(-0.9961947,-0.08715556,0.));
#7430=AXIS2_PLACEMENT_3D('',#7358,#7394,$);
#7466=PLANE('',#7430);
#7502=POLY_LOOP('',(#7358,#7375,#7376));
#7538=FACE_OUTER_BOUND('',#7502,.T.);
#7574=FACE_SURFACE('',(#7538),#7466,.T.);
#7395=DIRECTION('',(-0.9659258,-0.258819,0.));
#7431=AXIS2_PLACEMENT_3D('',#7359,#7395,$);
#7467=PLANE('',#7431);
#7503=POLY_LOOP('',(#7359,#7376,#7377));
#7539=FACE_OUTER_BOUND('',#7503,.T.);
#7575=FACE_SURFACE('',(#7539),#7467,.T.);
#7396=DIRECTION('',(-0.9659258,-0.258819,0.));
#7432=AXIS2_PLACEMENT_3D('',#7359,#7396,$);
#7468=PLANE('',#7432);
#7504=POLY_LOOP('',(#7359,#7358,#7376));
#7540=FACE_OUTER_BOUND('',#7504,.T.);
#7576=FACE_SURFACE('',(#7540),#7468,.T.);
#7397=DIRECTION('',(-0.9063077,-0.4226185,0.));
#7433=AXIS2_PLACEMENT_3D('',#7360,#7397,$);
#7469=PLANE('',#7433);
#7505=POLY_LOOP('',(#7360,#7377,#7378));
#7541=FACE_OUTER_BOUND('',#7505,.T.);
#7577=FACE_SURFACE('',(#7541),#7469,.T.);
#7398=DIRECTION('',(-0.9063077,-0.4226185,0.));
#7434=AXIS2_PLACEMENT_3D('',#7360,#7398,$);
#7470=PLANE('',#7434);
#7506=POLY_LOOP('',(#7360,#7359,#7377));
#7542=FACE_OUTER_BOUND('',#7506,.T.);
#7578=FACE_SURFACE('',(#7542),#7470,.T.);
#7399=DIRECTION('',(-0.8191523,-0.5735761,0.));
#7435=AXIS2_PLACEMENT_3D('',#7361,#7399,$);
#7471=PLANE('',#7435);
#7507=POLY_LOOP('',(#7361,#7378,#7379));
#7543=FACE_OUTER_BOUND('',#7507,.T.);
#7579=FACE_SURFACE('',(#7543),#7471,.T.);
#7400=DIRECTION('',(-0.8191523,-0.5735761,0.));
#7436=AXIS2_PLACEMENT_3D('',#7361,#7400,$);
#7472=PLANE('',#7436);
#7508=POLY_LOOP('',(#7361,#7360,#7378));
#7544=FACE_OUTER_BOUND('',#7508,.T.);
#7580=FACE_SURFACE('',(#7544),#7472,.T.);
#7401=DIRECTION('',(-0.7071074,-0.7071062,0.));
#7437=AXIS2_PLACEMENT_3D('',#7362,#7401,$);
#7473=PLANE('',#7437);
#7509=POLY_LOOP('',(#7362,#7379,#7380));
#7545=FACE_OUTER_BOUND('',#7509,.T.);
#7581=FACE_SURFACE('',(#7545),#7473,.T.);
#7402=DIRECTION('',(-0.7071074,-0.7071062,0.));
#7438=AXIS2_PLACEMENT_3D('',#7362,#7402,$);
#7474=PLANE('',#7438);
#7510=POLY_LOOP('',(#7362,#7361,#7379));
#7546=FACE_OUTER_BOUND('',#7510,.T.);
#7582=FACE_SURFACE('',(#7546),#7474,.T.);
#7403=DIRECTION('',(-0.5735763,-0.8191522,0.));
#7439=AXIS2_PLACEMENT_3D('',#7363,#7403,$);
#7475=PLANE('',#7439);
#7511=POLY_LOOP('',(#7363,#7380,#7381));
#7547=FACE_OUTER_BOUND('',#7511,.T.);
#7583=FACE_SURFACE('',(#7547),#7475,.T.);
#7404=DIRECTION('',(-0.5735763,-0.8191522,0.));
#7440=AXIS2_PLACEMENT_3D('',#7363,#7404,$);
#7476=PLANE('',#7440);
#7512=POLY_LOOP('',(#7363,#7362,#7380));
#7548=FACE_OUTER_BOUND('',#7512,.T.);
#7584=FACE_SURFACE('',(#7548),#7476,.T.);
#7405=DIRECTION('',(-0.4226175,-0.9063081,0.));
#7441=AXIS2_PLACEMENT_3D('',#7364,#7405,$);
#7477=PLANE('',#7441);
#7513=POLY_LOOP('',(#7364,#7381,#7382));
#7549=FACE_OUTER_BOUND('',#7513,.T.);
#7585=FACE_SURFACE('',(#7549),#7477,.T.);
#7406=DIRECTION('',(-0.4226175,-0.9063081,0.));
#7442=AXIS2_PLACEMENT_3D('',#7364,#7406,$);
#7478=PLANE('',#7442);
#7514=POLY_LOOP('',(#7364,#7363,#7381));
#7550=FACE_OUTER_BOUND('',#7514,.T.);
#7586=FACE_SURFACE('',(#7550),#7478,.T.);
#7407=DIRECTION('',(-0.25882,-0.9659256,0.));
#7443=AXIS2_PLACEMENT_3D('',#7365,#7407,$);
#7479=PLANE('',#7443);
#7515=POLY_LOOP('',(#7365,#7382,#7383));
#7551=FACE_OUTER_BOUND('',#7515,.T.);
#7587=FACE_SURFACE('',(#7551),#7479,.T.);
#7408=DIRECTION('',(-0.25882,-0.9659256,0.));
#7444=AXIS2_PLACEMENT_3D('',#7365,#7408,$);
#7480=PLANE('',#7444);
#7516=POLY_LOOP('',(#7365,#7364,#7382));
#7552=FACE_OUTER_BOUND('',#7516,.T.);
#7588=FACE_SURFACE('',(#7552),#7480,.T.);
#7409=DIRECTION('',(-0.08715549,-0.9961947,0.));
#7445=AXIS2_PLACEMENT_3D('',#7366,#7409,$);
#7481=PLANE('',#7445);
#7517=POLY_LOOP('',(#7366,#7383,#7384));
#7553=FACE_OUTER_BOUND('',#7517,.T.);
#7589=FACE_SURFACE('',(#7553),#7481,.T.);
#7410=DIRECTION('',(-0.08715549,-0.9961947,0.));
#7446=AXIS2_PLACEMENT_3D('',#7366,#7410,$);
#7482=PLANE('',#7446);
#7518=POLY_LOOP('',(#7366,#7365,#7383));
#7554=FACE_OUTER_BOUND('',#7518,.T.);
#7590=FACE_SURFACE('',(#7554),#7482,.T.);
#7411=DIRECTION('',(0.08715541,-0.9961947,0.));
#7447=AXIS2_PLACEMENT_3D('',#7367,#7411,$);
#7483=PLANE('',#7447);
#7519=POLY_LOOP('',(#7367,#7384,#7385));
#7555=FACE_OUTER_BOUND('',#7519,.T.);
#7591=FACE_SURFACE('',(#7555),#7483,.T.);
#7412=DIRECTION('',(0.08715541,-0.9961947,0.));
#7448=AXIS2_PLACEMENT_3D('',#7367,#7412,$);
#7484=PLANE('',#7448);
#7520=POLY_LOOP('',(#7367,#7366,#7384));
#7556=FACE_OUTER_BOUND('',#7520,.T.);
#7592=FACE_SURFACE('',(#7556),#7484,.T.);
#7413=DIRECTION('',(0.25882,-0.9659256,0.));
#7449=AXIS2_PLACEMENT_3D('',#7368,#7413,$);
#7485=PLANE('',#7449);
#7521=POLY_LOOP('',(#7368,#7385,#7386));
#7557=FACE_OUTER_BOUND('',#7521,.T.);
#7593=FACE_SURFACE('',(#7557),#7485,.T.);
#7414=DIRECTION('',(0.25882,-0.9659256,0.));
#7450=AXIS2_PLACEMENT_3D('',#7368,#7414,$);
#7486=PLANE('',#7450);
#7522=POLY_LOOP('',(#7368,#7367,#7385));
#7558=FACE_OUTER_BOUND('',#7522,.T.);
#7594=FACE_SURFACE('',(#7558),#7486,.T.);
#7415=DIRECTION('',(0.4226175,-0.9063081,0.));
#7451=AXIS2_PLACEMENT_3D('',#7369,#7415,$);
#7487=PLANE('',#7451);
#7523=POLY_LOOP('',(#7369,#7386,#7387));
#7559=FACE_OUTER_BOUND('',#7523,.T.);
#7595=FACE_SURFACE('',(#7559),#7487,.T.);
#7416=DIRECTION('',(0.4226175,-0.9063081,0.));
#7452=AXIS2_PLACEMENT_3D('',#7369,#7416,$);
#7488=PLANE('',#7452);
#7524=POLY_LOOP('',(#7369,#7368,#7386));
#7560=FACE_OUTER_BOUND('',#7524,.T.);
#7596=FACE_SURFACE('',(#7560),#7488,.T.);
#7417=DIRECTION('',(0.5735765,-0.819152,0.));
#7453=AXIS2_PLACEMENT_3D('',#7370,#7417,$);
#7489=PLANE('',#7453);
#7525=POLY_LOOP('',(#7370,#7387,#7388));
#7561=FACE_OUTER_BOUND('',#7525,.T.);
#7597=FACE_SURFACE('',(#7561),#7489,.T.);
#7418=DIRECTION('',(0.5735765,-0.819152,0.));
#7454=AXIS2_PLACEMENT_3D('',#7370,#7418,$);
#7490=PLANE('',#7454);
#7526=POLY_LOOP('',(#7370,#7369,#7387));
#7562=FACE_OUTER_BOUND('',#7526,.T.);
#7598=FACE_SURFACE('',(#7562),#7490,.T.);
#7419=DIRECTION('',(0.7071072,-0.7071064,0.));
#7455=AXIS2_PLACEMENT_3D('',#7371,#7419,$);
#7491=PLANE('',#7455);
#7527=POLY_LOOP('',(#7371,#7388,#7389));
#7563=FACE_OUTER_BOUND('',#7527,.T.);
#7599=FACE_SURFACE('',(#7563),#7491,.T.);
#7420=DIRECTION('',(0.7071072,-0.7071064,0.));
#7456=AXIS2_PLACEMENT_3D('',#7371,#7420,$);
#7492=PLANE('',#7456);
#7528=POLY_LOOP('',(#7371,#7370,#7388));
#7564=FACE_OUTER_BOUND('',#7528,.T.);
#7600=FACE_SURFACE('',(#7564),#7492,.T.);
#7421=DIRECTION('',(0.8191523,-0.5735761,0.));
#7457=AXIS2_PLACEMENT_3D('',#7372,#7421,$);
#7493=PLANE('',#7457);
#7529=POLY_LOOP('',(#7372,#7389,#7390));
#7565=FACE_OUTER_BOUND('',#7529,.T.);
#7601=FACE_SURFACE('',(#7565),#7493,.T.);
#7422=DIRECTION('',(0.8191523,-0.5735761,0.));
#7458=AXIS2_PLACEMENT_3D('',#7372,#7422,$);
#7494=PLANE('',#7458);
#7530=POLY_LOOP('',(#7372,#7371,#7389));
#7566=FACE_OUTER_BOUND('',#7530,.T.);
#7602=FACE_SURFACE('',(#7566),#7494,.T.);
#7423=DIRECTION('',(0.906308,-0.4226178,0.));
#7459=AXIS2_PLACEMENT_3D('',#7373,#7423,$);
#7495=PLANE('',#7459);
#7531=POLY_LOOP('',(#7373,#7372,#7390));
#7567=FACE_OUTER_BOUND('',#7531,.T.);
#7603=FACE_SURFACE('',(#7567),#7495,.T.);
#7424=DIRECTION('',(0.906308,-0.4226178,0.));
#7460=AXIS2_PLACEMENT_3D('',#7373,#7424,$);
#7496=PLANE('',#7460);
#7532=POLY_LOOP('',(#7373,#7390,#7391));
#7568=FACE_OUTER_BOUND('',#7532,.T.);
#7604=FACE_SURFACE('',(#7568),#7496,.T.);
#7425=DIRECTION('',(0.9659256,-0.2588198,0.));
#7461=AXIS2_PLACEMENT_3D('',#7374,#7425,$);
#7497=PLANE('',#7461);
#7533=POLY_LOOP('',(#7374,#7373,#7391));
#7569=FACE_OUTER_BOUND('',#7533,.T.);
#7605=FACE_SURFACE('',(#7569),#7497,.T.);
#7426=DIRECTION('',(0.9659256,-0.2588198,0.));
#7462=AXIS2_PLACEMENT_3D('',#7374,#7426,$);
#7498=PLANE('',#7462);
#7534=POLY_LOOP('',(#7374,#7391,#7392));
#7570=FACE_OUTER_BOUND('',#7534,.T.);
#7606=FACE_SURFACE('',(#7570),#7498,.T.);
#7427=DIRECTION('',(0.9961947,-0.08715556,0.));
#7463=AXIS2_PLACEMENT_3D('',#7356,#7427,$);
#7499=PLANE('',#7463);
#7535=POLY_LOOP('',(#7356,#7374,#7392));
#7571=FACE_OUTER_BOUND('',#7535,.T.);
#7607=FACE_SURFACE('',(#7571),#7499,.T.);
#7428=DIRECTION('',(0.9961947,-0.08715556,0.));
#7464=AXIS2_PLACEMENT_3D('',#7356,#7428,$);
#7500=PLANE('',#7464);
#7536=POLY_LOOP('',(#7356,#7392,#7355));
#7572=FACE_OUTER_BOUND('',#7536,.T.);
#7608=FACE_SURFACE('',(#7572),#7500,.T.);
#7609=CLOSED_SHELL('',(#7573,#7574,#7575,#7576,#7577,#7578,#7579,#7580,#7581,#7582,#7583,#7584,#7585,#7586,#7587,#7588,#7589,#7590,#7591,#7592,#7593,#7594,#7595,#7596,#7597,#7598,#7599,#7600,#7601,#7602,#7603,#7604,#7605,#7606,#7607,#7608));
#7610=FACETED_BREP('',#7609);
#7611=CARTESIAN_POINT('',(0.000075,0.00055,0.0001));
#7612=CARTESIAN_POINT('',(0.00007651922,0.0005326352,0.0001));
#7613=CARTESIAN_POINT('',(0.00008103074,0.000515798,0.0001));
#7614=CARTESIAN_POINT('',(0.00008839746,0.0005,0.0001));
#7615=CARTESIAN_POINT('',(0.00009839555,0.0004857212,0.0001));
#7616=CARTESIAN_POINT('',(0.0001107212,0.0004733955,0.0001));
#7617=CARTESIAN_POINT('',(0.000125,0.0004633974,0.0001));
#7618=CARTESIAN_POINT('',(0.000140798,0.0004560307,0.0001));
#7619=CARTESIAN_POINT('',(0.0001576352,0.0004515192,0.0001));
#7620=CARTESIAN_POINT('',(0.000175,0.00045,0.0001));
#7621=CARTESIAN_POINT('',(0.0001923648,0.0004515192,0.0001));
#7622=CARTESIAN_POINT('',(0.000209202,0.0004560307,0.0001));
#7623=CARTESIAN_POINT('',(0.000225,0.0004633974,0.0001));
#7624=CARTESIAN_POINT('',(0.0002392788,0.0004733955,0.0001));
#7625=CARTESIAN_POINT('',(0.0002516044,0.0004857212,0.0001));
#7626=CARTESIAN_POINT('',(0.0002616025,0.0005,0.0001));
#7627=CARTESIAN_POINT('',(0.0002689692,0.000515798,0.0001));
#7628=CARTESIAN_POINT('',(0.0002734808,0.0005326352,0.0001));
#7629=CARTESIAN_POINT('',(0.000275,0.00055,0.0001));
#7630=CARTESIAN_POINT('',(0.000275,0.00125,0.0001));
#7631=CARTESIAN_POINT('',(0.000075,0.00125,0.0001));
#7632=DIRECTION('',(0.,0.,1.));
#7651=AXIS2_PLACEMENT_3D('',#7628,#7632,$);
#7670=PLANE('',#7651);
#7689=POLY_LOOP('',(#7628,#7612,#7613));
#7708=FACE_OUTER_BOUND('',#7689,.T.);
#7727=FACE_SURFACE('',(#7708),#7670,.T.);
#7633=DIRECTION('',(0.,0.,1.));
#7652=AXIS2_PLACEMENT_3D('',#7628,#7633,$);
#7671=PLANE('',#7652);
#7690=POLY_LOOP('',(#7628,#7613,#7614));
#7709=FACE_OUTER_BOUND('',#7690,.T.);
#7728=FACE_SURFACE('',(#7709),#7671,.T.);
#7634=DIRECTION('',(0.,0.,1.));
#7653=AXIS2_PLACEMENT_3D('',#7628,#7634,$);
#7672=PLANE('',#7653);
#7691=POLY_LOOP('',(#7628,#7614,#7615));
#7710=FACE_OUTER_BOUND('',#7691,.T.);
#7729=FACE_SURFACE('',(#7710),#7672,.T.);
#7635=DIRECTION('',(0.,0.,1.));
#7654=AXIS2_PLACEMENT_3D('',#7628,#7635,$);
#7673=PLANE('',#7654);
#7692=POLY_LOOP('',(#7628,#7615,#7616));
#7711=FACE_OUTER_BOUND('',#7692,.T.);
#7730=FACE_SURFACE('',(#7711),#7673,.T.);
#7636=DIRECTION('',(0.,0.,1.));
#7655=AXIS2_PLACEMENT_3D('',#7628,#7636,$);
#7674=PLANE('',#7655);
#7693=POLY_LOOP('',(#7628,#7616,#7617));
#7712=FACE_OUTER_BOUND('',#7693,.T.);
#7731=FACE_SURFACE('',(#7712),#7674,.T.);
#7637=DIRECTION('',(0.,0.,1.));
#7656=AXIS2_PLACEMENT_3D('',#7628,#7637,$);
#7675=PLANE('',#7656);
#7694=POLY_LOOP('',(#7628,#7617,#7618));
#7713=FACE_OUTER_BOUND('',#7694,.T.);
#7732=FACE_SURFACE('',(#7713),#7675,.T.);
#7638=DIRECTION('',(0.,0.,1.));
#7657=AXIS2_PLACEMENT_3D('',#7628,#7638,$);
#7676=PLANE('',#7657);
#7695=POLY_LOOP('',(#7628,#7618,#7619));
#7714=FACE_OUTER_BOUND('',#7695,.T.);
#7733=FACE_SURFACE('',(#7714),#7676,.T.);
#7639=DIRECTION('',(0.,0.,1.));
#7658=AXIS2_PLACEMENT_3D('',#7628,#7639,$);
#7677=PLANE('',#7658);
#7696=POLY_LOOP('',(#7628,#7619,#7620));
#7715=FACE_OUTER_BOUND('',#7696,.T.);
#7734=FACE_SURFACE('',(#7715),#7677,.T.);
#7640=DIRECTION('',(0.,0.,1.));
#7659=AXIS2_PLACEMENT_3D('',#7628,#7640,$);
#7678=PLANE('',#7659);
#7697=POLY_LOOP('',(#7628,#7620,#7621));
#7716=FACE_OUTER_BOUND('',#7697,.T.);
#7735=FACE_SURFACE('',(#7716),#7678,.T.);
#7641=DIRECTION('',(0.,0.,1.));
#7660=AXIS2_PLACEMENT_3D('',#7628,#7641,$);
#7679=PLANE('',#7660);
#7698=POLY_LOOP('',(#7628,#7621,#7622));
#7717=FACE_OUTER_BOUND('',#7698,.T.);
#7736=FACE_SURFACE('',(#7717),#7679,.T.);
#7642=DIRECTION('',(0.,0.,1.));
#7661=AXIS2_PLACEMENT_3D('',#7628,#7642,$);
#7680=PLANE('',#7661);
#7699=POLY_LOOP('',(#7628,#7622,#7623));
#7718=FACE_OUTER_BOUND('',#7699,.T.);
#7737=FACE_SURFACE('',(#7718),#7680,.T.);
#7643=DIRECTION('',(0.,0.,1.));
#7662=AXIS2_PLACEMENT_3D('',#7628,#7643,$);
#7681=PLANE('',#7662);
#7700=POLY_LOOP('',(#7628,#7623,#7624));
#7719=FACE_OUTER_BOUND('',#7700,.T.);
#7738=FACE_SURFACE('',(#7719),#7681,.T.);
#7644=DIRECTION('',(0.,0.,1.));
#7663=AXIS2_PLACEMENT_3D('',#7628,#7644,$);
#7682=PLANE('',#7663);
#7701=POLY_LOOP('',(#7628,#7624,#7625));
#7720=FACE_OUTER_BOUND('',#7701,.T.);
#7739=FACE_SURFACE('',(#7720),#7682,.T.);
#7645=DIRECTION('',(0.,0.,1.));
#7664=AXIS2_PLACEMENT_3D('',#7628,#7645,$);
#7683=PLANE('',#7664);
#7702=POLY_LOOP('',(#7628,#7625,#7626));
#7721=FACE_OUTER_BOUND('',#7702,.T.);
#7740=FACE_SURFACE('',(#7721),#7683,.T.);
#7646=DIRECTION('',(0.,0.,1.));
#7665=AXIS2_PLACEMENT_3D('',#7628,#7646,$);
#7684=PLANE('',#7665);
#7703=POLY_LOOP('',(#7628,#7626,#7627));
#7722=FACE_OUTER_BOUND('',#7703,.T.);
#7741=FACE_SURFACE('',(#7722),#7684,.T.);
#7647=DIRECTION('',(0.,0.,1.));
#7666=AXIS2_PLACEMENT_3D('',#7629,#7647,$);
#7685=PLANE('',#7666);
#7704=POLY_LOOP('',(#7629,#7611,#7612));
#7723=FACE_OUTER_BOUND('',#7704,.T.);
#7742=FACE_SURFACE('',(#7723),#7685,.T.);
#7648=DIRECTION('',(0.,0.,1.));
#7667=AXIS2_PLACEMENT_3D('',#7629,#7648,$);
#7686=PLANE('',#7667);
#7705=POLY_LOOP('',(#7629,#7612,#7628));
#7724=FACE_OUTER_BOUND('',#7705,.T.);
#7743=FACE_SURFACE('',(#7724),#7686,.T.);
#7649=DIRECTION('',(0.,0.,1.));
#7668=AXIS2_PLACEMENT_3D('',#7630,#7649,$);
#7687=PLANE('',#7668);
#7706=POLY_LOOP('',(#7630,#7631,#7611));
#7725=FACE_OUTER_BOUND('',#7706,.T.);
#7744=FACE_SURFACE('',(#7725),#7687,.T.);
#7650=DIRECTION('',(0.,0.,1.));
#7669=AXIS2_PLACEMENT_3D('',#7630,#7650,$);
#7688=PLANE('',#7669);
#7707=POLY_LOOP('',(#7630,#7611,#7629));
#7726=FACE_OUTER_BOUND('',#7707,.T.);
#7745=FACE_SURFACE('',(#7726),#7688,.T.);
#7746=CLOSED_SHELL('',(#7727,#7728,#7729,#7730,#7731,#7732,#7733,#7734,#7735,#7736,#7737,#7738,#7739,#7740,#7741,#7742,#7743,#7744,#7745));
#7747=FACETED_BREP('',#7746);
#7748=CARTESIAN_POINT('',(-0.000325,0.00125,0.));
#7749=CARTESIAN_POINT('',(-0.000325,0.00055,0.));
#7750=CARTESIAN_POINT('',(-0.0003234808,0.0005326352,0.));
#7751=CARTESIAN_POINT('',(-0.0003189693,0.000515798,0.));
#7752=CARTESIAN_POINT('',(-0.0003116025,0.0005,0.));
#7753=CARTESIAN_POINT('',(-0.0003016045,0.0004857212,0.));
#7754=CARTESIAN_POINT('',(-0.0002892788,0.0004733955,0.));
#7755=CARTESIAN_POINT('',(-0.000275,0.0004633974,0.));
#7756=CARTESIAN_POINT('',(-0.000259202,0.0004560307,0.));
#7757=CARTESIAN_POINT('',(-0.0002423648,0.0004515192,0.));
#7758=CARTESIAN_POINT('',(-0.000225,0.00045,0.));
#7759=CARTESIAN_POINT('',(-0.0002076352,0.0004515192,0.));
#7760=CARTESIAN_POINT('',(-0.000190798,0.0004560307,0.));
#7761=CARTESIAN_POINT('',(-0.000175,0.0004633974,0.));
#7762=CARTESIAN_POINT('',(-0.0001607212,0.0004733955,0.));
#7763=CARTESIAN_POINT('',(-0.0001483956,0.0004857212,0.));
#7764=CARTESIAN_POINT('',(-0.0001383975,0.0005,0.));
#7765=CARTESIAN_POINT('',(-0.0001310307,0.000515798,0.));
#7766=CARTESIAN_POINT('',(-0.0001265192,0.0005326352,0.));
#7767=CARTESIAN_POINT('',(-0.000125,0.00055,0.));
#7768=CARTESIAN_POINT('',(-0.000125,0.00125,0.));
#7769=DIRECTION('',(0.,0.,-1.));
#7788=AXIS2_PLACEMENT_3D('',#7749,#7769,$);
#7807=PLANE('',#7788);
#7826=POLY_LOOP('',(#7749,#7751,#7750));
#7845=FACE_OUTER_BOUND('',#7826,.T.);
#7864=FACE_SURFACE('',(#7845),#7807,.T.);
#7770=DIRECTION('',(0.,0.,-1.));
#7789=AXIS2_PLACEMENT_3D('',#7766,#7770,$);
#7808=PLANE('',#7789);
#7827=POLY_LOOP('',(#7766,#7752,#7751));
#7846=FACE_OUTER_BOUND('',#7827,.T.);
#7865=FACE_SURFACE('',(#7846),#7808,.T.);
#7771=DIRECTION('',(0.,0.,-1.));
#7790=AXIS2_PLACEMENT_3D('',#7766,#7771,$);
#7809=PLANE('',#7790);
#7828=POLY_LOOP('',(#7766,#7753,#7752));
#7847=FACE_OUTER_BOUND('',#7828,.T.);
#7866=FACE_SURFACE('',(#7847),#7809,.T.);
#7772=DIRECTION('',(0.,0.,-1.));
#7791=AXIS2_PLACEMENT_3D('',#7766,#7772,$);
#7810=PLANE('',#7791);
#7829=POLY_LOOP('',(#7766,#7754,#7753));
#7848=FACE_OUTER_BOUND('',#7829,.T.);
#7867=FACE_SURFACE('',(#7848),#7810,.T.);
#7773=DIRECTION('',(0.,0.,-1.));
#7792=AXIS2_PLACEMENT_3D('',#7766,#7773,$);
#7811=PLANE('',#7792);
#7830=POLY_LOOP('',(#7766,#7755,#7754));
#7849=FACE_OUTER_BOUND('',#7830,.T.);
#7868=FACE_SURFACE('',(#7849),#7811,.T.);
#7774=DIRECTION('',(0.,0.,-1.));
#7793=AXIS2_PLACEMENT_3D('',#7766,#7774,$);
#7812=PLANE('',#7793);
#7831=POLY_LOOP('',(#7766,#7756,#7755));
#7850=FACE_OUTER_BOUND('',#7831,.T.);
#7869=FACE_SURFACE('',(#7850),#7812,.T.);
#7775=DIRECTION('',(0.,0.,-1.));
#7794=AXIS2_PLACEMENT_3D('',#7766,#7775,$);
#7813=PLANE('',#7794);
#7832=POLY_LOOP('',(#7766,#7757,#7756));
#7851=FACE_OUTER_BOUND('',#7832,.T.);
#7870=FACE_SURFACE('',(#7851),#7813,.T.);
#7776=DIRECTION('',(0.,0.,-1.));
#7795=AXIS2_PLACEMENT_3D('',#7766,#7776,$);
#7814=PLANE('',#7795);
#7833=POLY_LOOP('',(#7766,#7758,#7757));
#7852=FACE_OUTER_BOUND('',#7833,.T.);
#7871=FACE_SURFACE('',(#7852),#7814,.T.);
#7777=DIRECTION('',(0.,0.,-1.));
#7796=AXIS2_PLACEMENT_3D('',#7766,#7777,$);
#7815=PLANE('',#7796);
#7834=POLY_LOOP('',(#7766,#7759,#7758));
#7853=FACE_OUTER_BOUND('',#7834,.T.);
#7872=FACE_SURFACE('',(#7853),#7815,.T.);
#7778=DIRECTION('',(0.,0.,-1.));
#7797=AXIS2_PLACEMENT_3D('',#7766,#7778,$);
#7816=PLANE('',#7797);
#7835=POLY_LOOP('',(#7766,#7760,#7759));
#7854=FACE_OUTER_BOUND('',#7835,.T.);
#7873=FACE_SURFACE('',(#7854),#7816,.T.);
#7779=DIRECTION('',(0.,0.,-1.));
#7798=AXIS2_PLACEMENT_3D('',#7766,#7779,$);
#7817=PLANE('',#7798);
#7836=POLY_LOOP('',(#7766,#7761,#7760));
#7855=FACE_OUTER_BOUND('',#7836,.T.);
#7874=FACE_SURFACE('',(#7855),#7817,.T.);
#7780=DIRECTION('',(0.,0.,-1.));
#7799=AXIS2_PLACEMENT_3D('',#7766,#7780,$);
#7818=PLANE('',#7799);
#7837=POLY_LOOP('',(#7766,#7762,#7761));
#7856=FACE_OUTER_BOUND('',#7837,.T.);
#7875=FACE_SURFACE('',(#7856),#7818,.T.);
#7781=DIRECTION('',(0.,0.,-1.));
#7800=AXIS2_PLACEMENT_3D('',#7766,#7781,$);
#7819=PLANE('',#7800);
#7838=POLY_LOOP('',(#7766,#7763,#7762));
#7857=FACE_OUTER_BOUND('',#7838,.T.);
#7876=FACE_SURFACE('',(#7857),#7819,.T.);
#7782=DIRECTION('',(0.,0.,-1.));
#7801=AXIS2_PLACEMENT_3D('',#7766,#7782,$);
#7820=PLANE('',#7801);
#7839=POLY_LOOP('',(#7766,#7764,#7763));
#7858=FACE_OUTER_BOUND('',#7839,.T.);
#7877=FACE_SURFACE('',(#7858),#7820,.T.);
#7783=DIRECTION('',(0.,0.,-1.));
#7802=AXIS2_PLACEMENT_3D('',#7766,#7783,$);
#7821=PLANE('',#7802);
#7840=POLY_LOOP('',(#7766,#7765,#7764));
#7859=FACE_OUTER_BOUND('',#7840,.T.);
#7878=FACE_SURFACE('',(#7859),#7821,.T.);
#7784=DIRECTION('',(0.,0.,-1.));
#7803=AXIS2_PLACEMENT_3D('',#7766,#7784,$);
#7822=PLANE('',#7803);
#7841=POLY_LOOP('',(#7766,#7751,#7749));
#7860=FACE_OUTER_BOUND('',#7841,.T.);
#7879=FACE_SURFACE('',(#7860),#7822,.T.);
#7785=DIRECTION('',(0.,0.,-1.));
#7804=AXIS2_PLACEMENT_3D('',#7767,#7785,$);
#7823=PLANE('',#7804);
#7842=POLY_LOOP('',(#7767,#7766,#7749));
#7861=FACE_OUTER_BOUND('',#7842,.T.);
#7880=FACE_SURFACE('',(#7861),#7823,.T.);
#7786=DIRECTION('',(0.,0.,-1.));
#7805=AXIS2_PLACEMENT_3D('',#7768,#7786,$);
#7824=PLANE('',#7805);
#7843=POLY_LOOP('',(#7768,#7749,#7748));
#7862=FACE_OUTER_BOUND('',#7843,.T.);
#7881=FACE_SURFACE('',(#7862),#7824,.T.);
#7787=DIRECTION('',(0.,0.,-1.));
#7806=AXIS2_PLACEMENT_3D('',#7768,#7787,$);
#7825=PLANE('',#7806);
#7844=POLY_LOOP('',(#7768,#7767,#7749));
#7863=FACE_OUTER_BOUND('',#7844,.T.);
#7882=FACE_SURFACE('',(#7863),#7825,.T.);
#7883=CLOSED_SHELL('',(#7864,#7865,#7866,#7867,#7868,#7869,#7870,#7871,#7872,#7873,#7874,#7875,#7876,#7877,#7878,#7879,#7880,#7881,#7882));
#7884=FACETED_BREP('',#7883);
#7885=CARTESIAN_POINT('',(-0.000325,0.00055,0.));
#7886=CARTESIAN_POINT('',(-0.000325,0.00055,0.0001));
#7887=CARTESIAN_POINT('',(-0.000325,0.00125,0.0001));
#7888=CARTESIAN_POINT('',(-0.000325,0.00125,0.));
#7889=DIRECTION('',(-1.,0.,0.));
#7891=AXIS2_PLACEMENT_3D('',#7886,#7889,$);
#7893=PLANE('',#7891);
#7895=POLY_LOOP('',(#7886,#7887,#7888));
#7897=FACE_OUTER_BOUND('',#7895,.T.);
#7899=FACE_SURFACE('',(#7897),#7893,.T.);
#7890=DIRECTION('',(-1.,0.,0.));
#7892=AXIS2_PLACEMENT_3D('',#7886,#7890,$);
#7894=PLANE('',#7892);
#7896=POLY_LOOP('',(#7886,#7888,#7885));
#7898=FACE_OUTER_BOUND('',#7896,.T.);
#7900=FACE_SURFACE('',(#7898),#7894,.T.);
#7901=CLOSED_SHELL('',(#7899,#7900));
#7902=FACETED_BREP('',#7901);
#7903=CARTESIAN_POINT('',(-0.000325,0.00125,0.));
#7904=CARTESIAN_POINT('',(-0.000325,0.00125,0.0001));
#7905=CARTESIAN_POINT('',(-0.000125,0.00125,0.0001));
#7906=CARTESIAN_POINT('',(-0.000125,0.00125,0.));
#7907=DIRECTION('',(0.,1.,0.));
#7909=AXIS2_PLACEMENT_3D('',#7904,#7907,$);
#7911=PLANE('',#7909);
#7913=POLY_LOOP('',(#7904,#7905,#7906));
#7915=FACE_OUTER_BOUND('',#7913,.T.);
#7917=FACE_SURFACE('',(#7915),#7911,.T.);
#7908=DIRECTION('',(0.,1.,0.));
#7910=AXIS2_PLACEMENT_3D('',#7904,#7908,$);
#7912=PLANE('',#7910);
#7914=POLY_LOOP('',(#7904,#7906,#7903));
#7916=FACE_OUTER_BOUND('',#7914,.T.);
#7918=FACE_SURFACE('',(#7916),#7912,.T.);
#7919=CLOSED_SHELL('',(#7917,#7918));
#7920=FACETED_BREP('',#7919);
#7921=CARTESIAN_POINT('',(-0.000125,0.00125,0.));
#7922=CARTESIAN_POINT('',(-0.000125,0.00125,0.0001));
#7923=CARTESIAN_POINT('',(-0.000125,0.00055,0.0001));
#7924=CARTESIAN_POINT('',(-0.000125,0.00055,0.));
#7925=DIRECTION('',(1.,0.,0.));
#7927=AXIS2_PLACEMENT_3D('',#7922,#7925,$);
#7929=PLANE('',#7927);
#7931=POLY_LOOP('',(#7922,#7923,#7924));
#7933=FACE_OUTER_BOUND('',#7931,.T.);
#7935=FACE_SURFACE('',(#7933),#7929,.T.);
#7926=DIRECTION('',(1.,0.,0.));
#7928=AXIS2_PLACEMENT_3D('',#7922,#7926,$);
#7930=PLANE('',#7928);
#7932=POLY_LOOP('',(#7922,#7924,#7921));
#7934=FACE_OUTER_BOUND('',#7932,.T.);
#7936=FACE_SURFACE('',(#7934),#7930,.T.);
#7937=CLOSED_SHELL('',(#7935,#7936));
#7938=FACETED_BREP('',#7937);
#7939=CARTESIAN_POINT('',(-0.000125,0.00055,0.));
#7940=CARTESIAN_POINT('',(-0.000125,0.00055,0.0001));
#7941=CARTESIAN_POINT('',(-0.000325,0.00055,0.0001));
#7942=CARTESIAN_POINT('',(-0.0003234808,0.0005326352,0.0001));
#7943=CARTESIAN_POINT('',(-0.0003189693,0.000515798,0.0001));
#7944=CARTESIAN_POINT('',(-0.0003116025,0.0005,0.0001));
#7945=CARTESIAN_POINT('',(-0.0003016045,0.0004857212,0.0001));
#7946=CARTESIAN_POINT('',(-0.0002892788,0.0004733955,0.0001));
#7947=CARTESIAN_POINT('',(-0.000275,0.0004633974,0.0001));
#7948=CARTESIAN_POINT('',(-0.000259202,0.0004560307,0.0001));
#7949=CARTESIAN_POINT('',(-0.0002423648,0.0004515192,0.0001));
#7950=CARTESIAN_POINT('',(-0.000225,0.00045,0.0001));
#7951=CARTESIAN_POINT('',(-0.0002076352,0.0004515192,0.0001));
#7952=CARTESIAN_POINT('',(-0.000190798,0.0004560307,0.0001));
#7953=CARTESIAN_POINT('',(-0.000175,0.0004633974,0.0001));
#7954=CARTESIAN_POINT('',(-0.0001607212,0.0004733955,0.0001));
#7955=CARTESIAN_POINT('',(-0.0001483956,0.0004857212,0.0001));
#7956=CARTESIAN_POINT('',(-0.0001383975,0.0005,0.0001));
#7957=CARTESIAN_POINT('',(-0.0001310307,0.000515798,0.0001));
#7958=CARTESIAN_POINT('',(-0.0001265192,0.0005326352,0.0001));
#7959=CARTESIAN_POINT('',(-0.000325,0.00055,0.));
#7960=CARTESIAN_POINT('',(-0.0003234808,0.0005326352,0.));
#7961=CARTESIAN_POINT('',(-0.0003189693,0.000515798,0.));
#7962=CARTESIAN_POINT('',(-0.0003116025,0.0005,0.));
#7963=CARTESIAN_POINT('',(-0.0003016045,0.0004857212,0.));
#7964=CARTESIAN_POINT('',(-0.0002892788,0.0004733955,0.));
#7965=CARTESIAN_POINT('',(-0.000275,0.0004633974,0.));
#7966=CARTESIAN_POINT('',(-0.000259202,0.0004560307,0.));
#7967=CARTESIAN_POINT('',(-0.0002423648,0.0004515192,0.));
#7968=CARTESIAN_POINT('',(-0.000225,0.00045,0.));
#7969=CARTESIAN_POINT('',(-0.0002076352,0.0004515192,0.));
#7970=CARTESIAN_POINT('',(-0.000190798,0.0004560307,0.));
#7971=CARTESIAN_POINT('',(-0.000175,0.0004633974,0.));
#7972=CARTESIAN_POINT('',(-0.0001607212,0.0004733955,0.));
#7973=CARTESIAN_POINT('',(-0.0001483956,0.0004857212,0.));
#7974=CARTESIAN_POINT('',(-0.0001383975,0.0005,0.));
#7975=CARTESIAN_POINT('',(-0.0001310307,0.000515798,0.));
#7976=CARTESIAN_POINT('',(-0.0001265192,0.0005326352,0.));
#7977=DIRECTION('',(-0.9961947,-0.08715556,0.));
#8013=AXIS2_PLACEMENT_3D('',#7942,#7977,$);
#8049=PLANE('',#8013);
#8085=POLY_LOOP('',(#7942,#7941,#7959));
#8121=FACE_OUTER_BOUND('',#8085,.T.);
#8157=FACE_SURFACE('',(#8121),#8049,.T.);
#7978=DIRECTION('',(-0.9961947,-0.08715556,0.));
#8014=AXIS2_PLACEMENT_3D('',#7942,#7978,$);
#8050=PLANE('',#8014);
#8086=POLY_LOOP('',(#7942,#7959,#7960));
#8122=FACE_OUTER_BOUND('',#8086,.T.);
#8158=FACE_SURFACE('',(#8122),#8050,.T.);
#7979=DIRECTION('',(-0.9659256,-0.2588198,0.));
#8015=AXIS2_PLACEMENT_3D('',#7943,#7979,$);
#8051=PLANE('',#8015);
#8087=POLY_LOOP('',(#7943,#7960,#7961));
#8123=FACE_OUTER_BOUND('',#8087,.T.);
#8159=FACE_SURFACE('',(#8123),#8051,.T.);
#7980=DIRECTION('',(-0.9659256,-0.2588198,0.));
#8016=AXIS2_PLACEMENT_3D('',#7943,#7980,$);
#8052=PLANE('',#8016);
#8088=POLY_LOOP('',(#7943,#7942,#7960));
#8124=FACE_OUTER_BOUND('',#8088,.T.);
#8160=FACE_SURFACE('',(#8124),#8052,.T.);
#7981=DIRECTION('',(-0.906308,-0.4226178,0.));
#8017=AXIS2_PLACEMENT_3D('',#7944,#7981,$);
#8053=PLANE('',#8017);
#8089=POLY_LOOP('',(#7944,#7961,#7962));
#8125=FACE_OUTER_BOUND('',#8089,.T.);
#8161=FACE_SURFACE('',(#8125),#8053,.T.);
#7982=DIRECTION('',(-0.906308,-0.4226178,0.));
#8018=AXIS2_PLACEMENT_3D('',#7944,#7982,$);
#8054=PLANE('',#8018);
#8090=POLY_LOOP('',(#7944,#7943,#7961));
#8126=FACE_OUTER_BOUND('',#8090,.T.);
#8162=FACE_SURFACE('',(#8126),#8054,.T.);
#7983=DIRECTION('',(-0.8191523,-0.5735761,0.));
#8019=AXIS2_PLACEMENT_3D('',#7945,#7983,$);
#8055=PLANE('',#8019);
#8091=POLY_LOOP('',(#7945,#7962,#7963));
#8127=FACE_OUTER_BOUND('',#8091,.T.);
#8163=FACE_SURFACE('',(#8127),#8055,.T.);
#7984=DIRECTION('',(-0.8191523,-0.5735761,0.));
#8020=AXIS2_PLACEMENT_3D('',#7945,#7984,$);
#8056=PLANE('',#8020);
#8092=POLY_LOOP('',(#7945,#7944,#7962));
#8128=FACE_OUTER_BOUND('',#8092,.T.);
#8164=FACE_SURFACE('',(#8128),#8056,.T.);
#7985=DIRECTION('',(-0.7071076,-0.7071059,0.));
#8021=AXIS2_PLACEMENT_3D('',#7946,#7985,$);
#8057=PLANE('',#8021);
#8093=POLY_LOOP('',(#7946,#7963,#7964));
#8129=FACE_OUTER_BOUND('',#8093,.T.);
#8165=FACE_SURFACE('',(#8129),#8057,.T.);
#7986=DIRECTION('',(-0.7071076,-0.7071059,0.));
#8022=AXIS2_PLACEMENT_3D('',#7946,#7986,$);
#8058=PLANE('',#8022);
#8094=POLY_LOOP('',(#7946,#7945,#7963));
#8130=FACE_OUTER_BOUND('',#8094,.T.);
#8166=FACE_SURFACE('',(#8130),#8058,.T.);
#7987=DIRECTION('',(-0.5735761,-0.8191523,0.));
#8023=AXIS2_PLACEMENT_3D('',#7947,#7987,$);
#8059=PLANE('',#8023);
#8095=POLY_LOOP('',(#7947,#7964,#7965));
#8131=FACE_OUTER_BOUND('',#8095,.T.);
#8167=FACE_SURFACE('',(#8131),#8059,.T.);
#7988=DIRECTION('',(-0.5735761,-0.8191523,0.));
#8024=AXIS2_PLACEMENT_3D('',#7947,#7988,$);
#8060=PLANE('',#8024);
#8096=POLY_LOOP('',(#7947,#7946,#7964));
#8132=FACE_OUTER_BOUND('',#8096,.T.);
#8168=FACE_SURFACE('',(#8132),#8060,.T.);
#7989=DIRECTION('',(-0.4226172,-0.9063083,0.));
#8025=AXIS2_PLACEMENT_3D('',#7948,#7989,$);
#8061=PLANE('',#8025);
#8097=POLY_LOOP('',(#7948,#7965,#7966));
#8133=FACE_OUTER_BOUND('',#8097,.T.);
#8169=FACE_SURFACE('',(#8133),#8061,.T.);
#7990=DIRECTION('',(-0.4226172,-0.9063083,0.));
#8026=AXIS2_PLACEMENT_3D('',#7948,#7990,$);
#8062=PLANE('',#8026);
#8098=POLY_LOOP('',(#7948,#7947,#7965));
#8134=FACE_OUTER_BOUND('',#8098,.T.);
#8170=FACE_SURFACE('',(#8134),#8062,.T.);
#7991=DIRECTION('',(-0.25882,-0.9659256,0.));
#8027=AXIS2_PLACEMENT_3D('',#7949,#7991,$);
#8063=PLANE('',#8027);
#8099=POLY_LOOP('',(#7949,#7966,#7967));
#8135=FACE_OUTER_BOUND('',#8099,.T.);
#8171=FACE_SURFACE('',(#8135),#8063,.T.);
#7992=DIRECTION('',(-0.25882,-0.9659256,0.));
#8028=AXIS2_PLACEMENT_3D('',#7949,#7992,$);
#8064=PLANE('',#8028);
#8100=POLY_LOOP('',(#7949,#7948,#7966));
#8136=FACE_OUTER_BOUND('',#8100,.T.);
#8172=FACE_SURFACE('',(#8136),#8064,.T.);
#7993=DIRECTION('',(-0.08715549,-0.9961947,0.));
#8029=AXIS2_PLACEMENT_3D('',#7950,#7993,$);
#8065=PLANE('',#8029);
#8101=POLY_LOOP('',(#7950,#7967,#7968));
#8137=FACE_OUTER_BOUND('',#8101,.T.);
#8173=FACE_SURFACE('',(#8137),#8065,.T.);
#7994=DIRECTION('',(-0.08715549,-0.9961947,0.));
#8030=AXIS2_PLACEMENT_3D('',#7950,#7994,$);
#8066=PLANE('',#8030);
#8102=POLY_LOOP('',(#7950,#7949,#7967));
#8138=FACE_OUTER_BOUND('',#8102,.T.);
#8174=FACE_SURFACE('',(#8138),#8066,.T.);
#7995=DIRECTION('',(0.08715549,-0.9961947,0.));
#8031=AXIS2_PLACEMENT_3D('',#7951,#7995,$);
#8067=PLANE('',#8031);
#8103=POLY_LOOP('',(#7951,#7968,#7969));
#8139=FACE_OUTER_BOUND('',#8103,.T.);
#8175=FACE_SURFACE('',(#8139),#8067,.T.);
#7996=DIRECTION('',(0.08715549,-0.9961947,0.));
#8032=AXIS2_PLACEMENT_3D('',#7951,#7996,$);
#8068=PLANE('',#8032);
#8104=POLY_LOOP('',(#7951,#7950,#7968));
#8140=FACE_OUTER_BOUND('',#8104,.T.);
#8176=FACE_SURFACE('',(#8140),#8068,.T.);
#7997=DIRECTION('',(0.25882,-0.9659256,0.));
#8033=AXIS2_PLACEMENT_3D('',#7952,#7997,$);
#8069=PLANE('',#8033);
#8105=POLY_LOOP('',(#7952,#7969,#7970));
#8141=FACE_OUTER_BOUND('',#8105,.T.);
#8177=FACE_SURFACE('',(#8141),#8069,.T.);
#7998=DIRECTION('',(0.25882,-0.9659256,0.));
#8034=AXIS2_PLACEMENT_3D('',#7952,#7998,$);
#8070=PLANE('',#8034);
#8106=POLY_LOOP('',(#7952,#7951,#7969));
#8142=FACE_OUTER_BOUND('',#8106,.T.);
#8178=FACE_SURFACE('',(#8142),#8070,.T.);
#7999=DIRECTION('',(0.4226172,-0.9063083,0.));
#8035=AXIS2_PLACEMENT_3D('',#7953,#7999,$);
#8071=PLANE('',#8035);
#8107=POLY_LOOP('',(#7953,#7970,#7971));
#8143=FACE_OUTER_BOUND('',#8107,.T.);
#8179=FACE_SURFACE('',(#8143),#8071,.T.);
#8000=DIRECTION('',(0.4226172,-0.9063083,0.));
#8036=AXIS2_PLACEMENT_3D('',#7953,#8000,$);
#8072=PLANE('',#8036);
#8108=POLY_LOOP('',(#7953,#7952,#7970));
#8144=FACE_OUTER_BOUND('',#8108,.T.);
#8180=FACE_SURFACE('',(#8144),#8072,.T.);
#8001=DIRECTION('',(0.5735765,-0.819152,0.));
#8037=AXIS2_PLACEMENT_3D('',#7954,#8001,$);
#8073=PLANE('',#8037);
#8109=POLY_LOOP('',(#7954,#7971,#7972));
#8145=FACE_OUTER_BOUND('',#8109,.T.);
#8181=FACE_SURFACE('',(#8145),#8073,.T.);
#8002=DIRECTION('',(0.5735765,-0.819152,0.));
#8038=AXIS2_PLACEMENT_3D('',#7954,#8002,$);
#8074=PLANE('',#8038);
#8110=POLY_LOOP('',(#7954,#7953,#7971));
#8146=FACE_OUTER_BOUND('',#8110,.T.);
#8182=FACE_SURFACE('',(#8146),#8074,.T.);
#8003=DIRECTION('',(0.7071076,-0.7071059,0.));
#8039=AXIS2_PLACEMENT_3D('',#7955,#8003,$);
#8075=PLANE('',#8039);
#8111=POLY_LOOP('',(#7955,#7972,#7973));
#8147=FACE_OUTER_BOUND('',#8111,.T.);
#8183=FACE_SURFACE('',(#8147),#8075,.T.);
#8004=DIRECTION('',(0.7071076,-0.7071059,0.));
#8040=AXIS2_PLACEMENT_3D('',#7955,#8004,$);
#8076=PLANE('',#8040);
#8112=POLY_LOOP('',(#7955,#7954,#7972));
#8148=FACE_OUTER_BOUND('',#8112,.T.);
#8184=FACE_SURFACE('',(#8148),#8076,.T.);
#8005=DIRECTION('',(0.8191523,-0.5735761,0.));
#8041=AXIS2_PLACEMENT_3D('',#7956,#8005,$);
#8077=PLANE('',#8041);
#8113=POLY_LOOP('',(#7956,#7973,#7974));
#8149=FACE_OUTER_BOUND('',#8113,.T.);
#8185=FACE_SURFACE('',(#8149),#8077,.T.);
#8006=DIRECTION('',(0.8191523,-0.5735761,0.));
#8042=AXIS2_PLACEMENT_3D('',#7956,#8006,$);
#8078=PLANE('',#8042);
#8114=POLY_LOOP('',(#7956,#7955,#7973));
#8150=FACE_OUTER_BOUND('',#8114,.T.);
#8186=FACE_SURFACE('',(#8150),#8078,.T.);
#8007=DIRECTION('',(0.9063077,-0.4226185,0.));
#8043=AXIS2_PLACEMENT_3D('',#7957,#8007,$);
#8079=PLANE('',#8043);
#8115=POLY_LOOP('',(#7957,#7956,#7974));
#8151=FACE_OUTER_BOUND('',#8115,.T.);
#8187=FACE_SURFACE('',(#8151),#8079,.T.);
#8008=DIRECTION('',(0.9063077,-0.4226185,0.));
#8044=AXIS2_PLACEMENT_3D('',#7957,#8008,$);
#8080=PLANE('',#8044);
#8116=POLY_LOOP('',(#7957,#7974,#7975));
#8152=FACE_OUTER_BOUND('',#8116,.T.);
#8188=FACE_SURFACE('',(#8152),#8080,.T.);
#8009=DIRECTION('',(0.9659258,-0.258819,0.));
#8045=AXIS2_PLACEMENT_3D('',#7958,#8009,$);
#8081=PLANE('',#8045);
#8117=POLY_LOOP('',(#7958,#7957,#7975));
#8153=FACE_OUTER_BOUND('',#8117,.T.);
#8189=FACE_SURFACE('',(#8153),#8081,.T.);
#8010=DIRECTION('',(0.9659258,-0.258819,0.));
#8046=AXIS2_PLACEMENT_3D('',#7958,#8010,$);
#8082=PLANE('',#8046);
#8118=POLY_LOOP('',(#7958,#7975,#7976));
#8154=FACE_OUTER_BOUND('',#8118,.T.);
#8190=FACE_SURFACE('',(#8154),#8082,.T.);
#8011=DIRECTION('',(0.9961947,-0.08715556,0.));
#8047=AXIS2_PLACEMENT_3D('',#7940,#8011,$);
#8083=PLANE('',#8047);
#8119=POLY_LOOP('',(#7940,#7958,#7976));
#8155=FACE_OUTER_BOUND('',#8119,.T.);
#8191=FACE_SURFACE('',(#8155),#8083,.T.);
#8012=DIRECTION('',(0.9961947,-0.08715556,0.));
#8048=AXIS2_PLACEMENT_3D('',#7940,#8012,$);
#8084=PLANE('',#8048);
#8120=POLY_LOOP('',(#7940,#7976,#7939));
#8156=FACE_OUTER_BOUND('',#8120,.T.);
#8192=FACE_SURFACE('',(#8156),#8084,.T.);
#8193=CLOSED_SHELL('',(#8157,#8158,#8159,#8160,#8161,#8162,#8163,#8164,#8165,#8166,#8167,#8168,#8169,#8170,#8171,#8172,#8173,#8174,#8175,#8176,#8177,#8178,#8179,#8180,#8181,#8182,#8183,#8184,#8185,#8186,#8187,#8188,#8189,#8190,#8191,#8192));
#8194=FACETED_BREP('',#8193);
#8195=CARTESIAN_POINT('',(-0.000325,0.00055,0.0001));
#8196=CARTESIAN_POINT('',(-0.0003234808,0.0005326352,0.0001));
#8197=CARTESIAN_POINT('',(-0.0003189693,0.000515798,0.0001));
#8198=CARTESIAN_POINT('',(-0.0003116025,0.0005,0.0001));
#8199=CARTESIAN_POINT('',(-0.0003016045,0.0004857212,0.0001));
#8200=CARTESIAN_POINT('',(-0.0002892788,0.0004733955,0.0001));
#8201=CARTESIAN_POINT('',(-0.000275,0.0004633974,0.0001));
#8202=CARTESIAN_POINT('',(-0.000259202,0.0004560307,0.0001));
#8203=CARTESIAN_POINT('',(-0.0002423648,0.0004515192,0.0001));
#8204=CARTESIAN_POINT('',(-0.000225,0.00045,0.0001));
#8205=CARTESIAN_POINT('',(-0.0002076352,0.0004515192,0.0001));
#8206=CARTESIAN_POINT('',(-0.000190798,0.0004560307,0.0001));
#8207=CARTESIAN_POINT('',(-0.000175,0.0004633974,0.0001));
#8208=CARTESIAN_POINT('',(-0.0001607212,0.0004733955,0.0001));
#8209=CARTESIAN_POINT('',(-0.0001483956,0.0004857212,0.0001));
#8210=CARTESIAN_POINT('',(-0.0001383975,0.0005,0.0001));
#8211=CARTESIAN_POINT('',(-0.0001310307,0.000515798,0.0001));
#8212=CARTESIAN_POINT('',(-0.0001265192,0.0005326352,0.0001));
#8213=CARTESIAN_POINT('',(-0.000125,0.00055,0.0001));
#8214=CARTESIAN_POINT('',(-0.000125,0.00125,0.0001));
#8215=CARTESIAN_POINT('',(-0.000325,0.00125,0.0001));
#8216=DIRECTION('',(0.,0.,1.));
#8235=AXIS2_PLACEMENT_3D('',#8212,#8216,$);
#8254=PLANE('',#8235);
#8273=POLY_LOOP('',(#8212,#8196,#8197));
#8292=FACE_OUTER_BOUND('',#8273,.T.);
#8311=FACE_SURFACE('',(#8292),#8254,.T.);
#8217=DIRECTION('',(0.,0.,1.));
#8236=AXIS2_PLACEMENT_3D('',#8212,#8217,$);
#8255=PLANE('',#8236);
#8274=POLY_LOOP('',(#8212,#8197,#8198));
#8293=FACE_OUTER_BOUND('',#8274,.T.);
#8312=FACE_SURFACE('',(#8293),#8255,.T.);
#8218=DIRECTION('',(0.,0.,1.));
#8237=AXIS2_PLACEMENT_3D('',#8212,#8218,$);
#8256=PLANE('',#8237);
#8275=POLY_LOOP('',(#8212,#8198,#8199));
#8294=FACE_OUTER_BOUND('',#8275,.T.);
#8313=FACE_SURFACE('',(#8294),#8256,.T.);
#8219=DIRECTION('',(0.,0.,1.));
#8238=AXIS2_PLACEMENT_3D('',#8212,#8219,$);
#8257=PLANE('',#8238);
#8276=POLY_LOOP('',(#8212,#8199,#8200));
#8295=FACE_OUTER_BOUND('',#8276,.T.);
#8314=FACE_SURFACE('',(#8295),#8257,.T.);
#8220=DIRECTION('',(0.,0.,1.));
#8239=AXIS2_PLACEMENT_3D('',#8212,#8220,$);
#8258=PLANE('',#8239);
#8277=POLY_LOOP('',(#8212,#8200,#8201));
#8296=FACE_OUTER_BOUND('',#8277,.T.);
#8315=FACE_SURFACE('',(#8296),#8258,.T.);
#8221=DIRECTION('',(0.,0.,1.));
#8240=AXIS2_PLACEMENT_3D('',#8212,#8221,$);
#8259=PLANE('',#8240);
#8278=POLY_LOOP('',(#8212,#8201,#8202));
#8297=FACE_OUTER_BOUND('',#8278,.T.);
#8316=FACE_SURFACE('',(#8297),#8259,.T.);
#8222=DIRECTION('',(0.,0.,1.));
#8241=AXIS2_PLACEMENT_3D('',#8212,#8222,$);
#8260=PLANE('',#8241);
#8279=POLY_LOOP('',(#8212,#8202,#8203));
#8298=FACE_OUTER_BOUND('',#8279,.T.);
#8317=FACE_SURFACE('',(#8298),#8260,.T.);
#8223=DIRECTION('',(0.,0.,1.));
#8242=AXIS2_PLACEMENT_3D('',#8212,#8223,$);
#8261=PLANE('',#8242);
#8280=POLY_LOOP('',(#8212,#8203,#8204));
#8299=FACE_OUTER_BOUND('',#8280,.T.);
#8318=FACE_SURFACE('',(#8299),#8261,.T.);
#8224=DIRECTION('',(0.,0.,1.));
#8243=AXIS2_PLACEMENT_3D('',#8212,#8224,$);
#8262=PLANE('',#8243);
#8281=POLY_LOOP('',(#8212,#8204,#8205));
#8300=FACE_OUTER_BOUND('',#8281,.T.);
#8319=FACE_SURFACE('',(#8300),#8262,.T.);
#8225=DIRECTION('',(0.,0.,1.));
#8244=AXIS2_PLACEMENT_3D('',#8212,#8225,$);
#8263=PLANE('',#8244);
#8282=POLY_LOOP('',(#8212,#8205,#8206));
#8301=FACE_OUTER_BOUND('',#8282,.T.);
#8320=FACE_SURFACE('',(#8301),#8263,.T.);
#8226=DIRECTION('',(0.,0.,1.));
#8245=AXIS2_PLACEMENT_3D('',#8212,#8226,$);
#8264=PLANE('',#8245);
#8283=POLY_LOOP('',(#8212,#8206,#8207));
#8302=FACE_OUTER_BOUND('',#8283,.T.);
#8321=FACE_SURFACE('',(#8302),#8264,.T.);
#8227=DIRECTION('',(0.,0.,1.));
#8246=AXIS2_PLACEMENT_3D('',#8212,#8227,$);
#8265=PLANE('',#8246);
#8284=POLY_LOOP('',(#8212,#8207,#8208));
#8303=FACE_OUTER_BOUND('',#8284,.T.);
#8322=FACE_SURFACE('',(#8303),#8265,.T.);
#8228=DIRECTION('',(0.,0.,1.));
#8247=AXIS2_PLACEMENT_3D('',#8212,#8228,$);
#8266=PLANE('',#8247);
#8285=POLY_LOOP('',(#8212,#8208,#8209));
#8304=FACE_OUTER_BOUND('',#8285,.T.);
#8323=FACE_SURFACE('',(#8304),#8266,.T.);
#8229=DIRECTION('',(0.,0.,1.));
#8248=AXIS2_PLACEMENT_3D('',#8212,#8229,$);
#8267=PLANE('',#8248);
#8286=POLY_LOOP('',(#8212,#8209,#8210));
#8305=FACE_OUTER_BOUND('',#8286,.T.);
#8324=FACE_SURFACE('',(#8305),#8267,.T.);
#8230=DIRECTION('',(0.,0.,1.));
#8249=AXIS2_PLACEMENT_3D('',#8212,#8230,$);
#8268=PLANE('',#8249);
#8287=POLY_LOOP('',(#8212,#8210,#8211));
#8306=FACE_OUTER_BOUND('',#8287,.T.);
#8325=FACE_SURFACE('',(#8306),#8268,.T.);
#8231=DIRECTION('',(0.,0.,1.));
#8250=AXIS2_PLACEMENT_3D('',#8213,#8231,$);
#8269=PLANE('',#8250);
#8288=POLY_LOOP('',(#8213,#8195,#8196));
#8307=FACE_OUTER_BOUND('',#8288,.T.);
#8326=FACE_SURFACE('',(#8307),#8269,.T.);
#8232=DIRECTION('',(0.,0.,1.));
#8251=AXIS2_PLACEMENT_3D('',#8213,#8232,$);
#8270=PLANE('',#8251);
#8289=POLY_LOOP('',(#8213,#8196,#8212));
#8308=FACE_OUTER_BOUND('',#8289,.T.);
#8327=FACE_SURFACE('',(#8308),#8270,.T.);
#8233=DIRECTION('',(0.,0.,1.));
#8252=AXIS2_PLACEMENT_3D('',#8214,#8233,$);
#8271=PLANE('',#8252);
#8290=POLY_LOOP('',(#8214,#8215,#8195));
#8309=FACE_OUTER_BOUND('',#8290,.T.);
#8328=FACE_SURFACE('',(#8309),#8271,.T.);
#8234=DIRECTION('',(0.,0.,1.));
#8253=AXIS2_PLACEMENT_3D('',#8214,#8234,$);
#8272=PLANE('',#8253);
#8291=POLY_LOOP('',(#8214,#8195,#8213));
#8310=FACE_OUTER_BOUND('',#8291,.T.);
#8329=FACE_SURFACE('',(#8310),#8272,.T.);
#8330=CLOSED_SHELL('',(#8311,#8312,#8313,#8314,#8315,#8316,#8317,#8318,#8319,#8320,#8321,#8322,#8323,#8324,#8325,#8326,#8327,#8328,#8329));
#8331=FACETED_BREP('',#8330);
#8332=CARTESIAN_POINT('',(-0.000725,0.00125,0.));
#8333=CARTESIAN_POINT('',(-0.000725,0.000931145,0.));
#8334=CARTESIAN_POINT('',(-0.0007234808,0.0009137802,0.));
#8335=CARTESIAN_POINT('',(-0.0007189693,0.000896943,0.));
#8336=CARTESIAN_POINT('',(-0.0007116026,0.000881145,0.));
#8337=CARTESIAN_POINT('',(-0.0007016045,0.0008668663,0.));
#8338=CARTESIAN_POINT('',(-0.0006892788,0.0008545406,0.));
#8339=CARTESIAN_POINT('',(-0.000675,0.0008445425,0.));
#8340=CARTESIAN_POINT('',(-0.000659202,0.0008371758,0.));
#8341=CARTESIAN_POINT('',(-0.0006423648,0.0008326642,0.));
#8342=CARTESIAN_POINT('',(-0.000625,0.000831145,0.));
#8343=CARTESIAN_POINT('',(-0.0006076352,0.0008326642,0.));
#8344=CARTESIAN_POINT('',(-0.000590798,0.0008371758,0.));
#8345=CARTESIAN_POINT('',(-0.000575,0.0008445425,0.));
#8346=CARTESIAN_POINT('',(-0.0005607213,0.0008545406,0.));
#8347=CARTESIAN_POINT('',(-0.0005483956,0.0008668663,0.));
#8348=CARTESIAN_POINT('',(-0.0005383975,0.000881145,0.));
#8349=CARTESIAN_POINT('',(-0.0005310308,0.000896943,0.));
#8350=CARTESIAN_POINT('',(-0.0005265192,0.0009137802,0.));
#8351=CARTESIAN_POINT('',(-0.000525,0.000931145,0.));
#8352=CARTESIAN_POINT('',(-0.000525,0.00125,0.));
#8353=DIRECTION('',(0.,0.,-1.));
#8372=AXIS2_PLACEMENT_3D('',#8333,#8353,$);
#8391=PLANE('',#8372);
#8410=POLY_LOOP('',(#8333,#8335,#8334));
#8429=FACE_OUTER_BOUND('',#8410,.T.);
#8448=FACE_SURFACE('',(#8429),#8391,.T.);
#8354=DIRECTION('',(0.,0.,-1.));
#8373=AXIS2_PLACEMENT_3D('',#8333,#8354,$);
#8392=PLANE('',#8373);
#8411=POLY_LOOP('',(#8333,#8336,#8335));
#8430=FACE_OUTER_BOUND('',#8411,.T.);
#8449=FACE_SURFACE('',(#8430),#8392,.T.);
#8355=DIRECTION('',(0.,0.,-1.));
#8374=AXIS2_PLACEMENT_3D('',#8333,#8355,$);
#8393=PLANE('',#8374);
#8412=POLY_LOOP('',(#8333,#8337,#8336));
#8431=FACE_OUTER_BOUND('',#8412,.T.);
#8450=FACE_SURFACE('',(#8431),#8393,.T.);
#8356=DIRECTION('',(0.,0.,-1.));
#8375=AXIS2_PLACEMENT_3D('',#8350,#8356,$);
#8394=PLANE('',#8375);
#8413=POLY_LOOP('',(#8350,#8338,#8337));
#8432=FACE_OUTER_BOUND('',#8413,.T.);
#8451=FACE_SURFACE('',(#8432),#8394,.T.);
#8357=DIRECTION('',(0.,0.,-1.));
#8376=AXIS2_PLACEMENT_3D('',#8350,#8357,$);
#8395=PLANE('',#8376);
#8414=POLY_LOOP('',(#8350,#8339,#8338));
#8433=FACE_OUTER_BOUND('',#8414,.T.);
#8452=FACE_SURFACE('',(#8433),#8395,.T.);
#8358=DIRECTION('',(0.,0.,-1.));
#8377=AXIS2_PLACEMENT_3D('',#8350,#8358,$);
#8396=PLANE('',#8377);
#8415=POLY_LOOP('',(#8350,#8340,#8339));
#8434=FACE_OUTER_BOUND('',#8415,.T.);
#8453=FACE_SURFACE('',(#8434),#8396,.T.);
#8359=DIRECTION('',(0.,0.,-1.));
#8378=AXIS2_PLACEMENT_3D('',#8350,#8359,$);
#8397=PLANE('',#8378);
#8416=POLY_LOOP('',(#8350,#8341,#8340));
#8435=FACE_OUTER_BOUND('',#8416,.T.);
#8454=FACE_SURFACE('',(#8435),#8397,.T.);
#8360=DIRECTION('',(0.,0.,-1.));
#8379=AXIS2_PLACEMENT_3D('',#8350,#8360,$);
#8398=PLANE('',#8379);
#8417=POLY_LOOP('',(#8350,#8342,#8341));
#8436=FACE_OUTER_BOUND('',#8417,.T.);
#8455=FACE_SURFACE('',(#8436),#8398,.T.);
#8361=DIRECTION('',(0.,0.,-1.));
#8380=AXIS2_PLACEMENT_3D('',#8350,#8361,$);
#8399=PLANE('',#8380);
#8418=POLY_LOOP('',(#8350,#8343,#8342));
#8437=FACE_OUTER_BOUND('',#8418,.T.);
#8456=FACE_SURFACE('',(#8437),#8399,.T.);
#8362=DIRECTION('',(0.,0.,-1.));
#8381=AXIS2_PLACEMENT_3D('',#8350,#8362,$);
#8400=PLANE('',#8381);
#8419=POLY_LOOP('',(#8350,#8344,#8343));
#8438=FACE_OUTER_BOUND('',#8419,.T.);
#8457=FACE_SURFACE('',(#8438),#8400,.T.);
#8363=DIRECTION('',(0.,0.,-1.));
#8382=AXIS2_PLACEMENT_3D('',#8350,#8363,$);
#8401=PLANE('',#8382);
#8420=POLY_LOOP('',(#8350,#8345,#8344));
#8439=FACE_OUTER_BOUND('',#8420,.T.);
#8458=FACE_SURFACE('',(#8439),#8401,.T.);
#8364=DIRECTION('',(0.,0.,-1.));
#8383=AXIS2_PLACEMENT_3D('',#8350,#8364,$);
#8402=PLANE('',#8383);
#8421=POLY_LOOP('',(#8350,#8346,#8345));
#8440=FACE_OUTER_BOUND('',#8421,.T.);
#8459=FACE_SURFACE('',(#8440),#8402,.T.);
#8365=DIRECTION('',(0.,0.,-1.));
#8384=AXIS2_PLACEMENT_3D('',#8350,#8365,$);
#8403=PLANE('',#8384);
#8422=POLY_LOOP('',(#8350,#8347,#8346));
#8441=FACE_OUTER_BOUND('',#8422,.T.);
#8460=FACE_SURFACE('',(#8441),#8403,.T.);
#8366=DIRECTION('',(0.,0.,-1.));
#8385=AXIS2_PLACEMENT_3D('',#8350,#8366,$);
#8404=PLANE('',#8385);
#8423=POLY_LOOP('',(#8350,#8348,#8347));
#8442=FACE_OUTER_BOUND('',#8423,.T.);
#8461=FACE_SURFACE('',(#8442),#8404,.T.);
#8367=DIRECTION('',(0.,0.,-1.));
#8386=AXIS2_PLACEMENT_3D('',#8350,#8367,$);
#8405=PLANE('',#8386);
#8424=POLY_LOOP('',(#8350,#8349,#8348));
#8443=FACE_OUTER_BOUND('',#8424,.T.);
#8462=FACE_SURFACE('',(#8443),#8405,.T.);
#8368=DIRECTION('',(0.,0.,-1.));
#8387=AXIS2_PLACEMENT_3D('',#8350,#8368,$);
#8406=PLANE('',#8387);
#8425=POLY_LOOP('',(#8350,#8337,#8333));
#8444=FACE_OUTER_BOUND('',#8425,.T.);
#8463=FACE_SURFACE('',(#8444),#8406,.T.);
#8369=DIRECTION('',(0.,0.,-1.));
#8388=AXIS2_PLACEMENT_3D('',#8351,#8369,$);
#8407=PLANE('',#8388);
#8426=POLY_LOOP('',(#8351,#8350,#8333));
#8445=FACE_OUTER_BOUND('',#8426,.T.);
#8464=FACE_SURFACE('',(#8445),#8407,.T.);
#8370=DIRECTION('',(0.,0.,-1.));
#8389=AXIS2_PLACEMENT_3D('',#8352,#8370,$);
#8408=PLANE('',#8389);
#8427=POLY_LOOP('',(#8352,#8333,#8332));
#8446=FACE_OUTER_BOUND('',#8427,.T.);
#8465=FACE_SURFACE('',(#8446),#8408,.T.);
#8371=DIRECTION('',(0.,0.,-1.));
#8390=AXIS2_PLACEMENT_3D('',#8352,#8371,$);
#8409=PLANE('',#8390);
#8428=POLY_LOOP('',(#8352,#8351,#8333));
#8447=FACE_OUTER_BOUND('',#8428,.T.);
#8466=FACE_SURFACE('',(#8447),#8409,.T.);
#8467=CLOSED_SHELL('',(#8448,#8449,#8450,#8451,#8452,#8453,#8454,#8455,#8456,#8457,#8458,#8459,#8460,#8461,#8462,#8463,#8464,#8465,#8466));
#8468=FACETED_BREP('',#8467);
#8469=CARTESIAN_POINT('',(-0.000725,0.000931145,0.));
#8470=CARTESIAN_POINT('',(-0.000725,0.000931145,0.0001));
#8471=CARTESIAN_POINT('',(-0.000725,0.00125,0.0001));
#8472=CARTESIAN_POINT('',(-0.000725,0.00125,0.));
#8473=DIRECTION('',(-1.,0.,0.));
#8475=AXIS2_PLACEMENT_3D('',#8470,#8473,$);
#8477=PLANE('',#8475);
#8479=POLY_LOOP('',(#8470,#8471,#8472));
#8481=FACE_OUTER_BOUND('',#8479,.T.);
#8483=FACE_SURFACE('',(#8481),#8477,.T.);
#8474=DIRECTION('',(-1.,0.,0.));
#8476=AXIS2_PLACEMENT_3D('',#8470,#8474,$);
#8478=PLANE('',#8476);
#8480=POLY_LOOP('',(#8470,#8472,#8469));
#8482=FACE_OUTER_BOUND('',#8480,.T.);
#8484=FACE_SURFACE('',(#8482),#8478,.T.);
#8485=CLOSED_SHELL('',(#8483,#8484));
#8486=FACETED_BREP('',#8485);
#8487=CARTESIAN_POINT('',(-0.000725,0.00125,0.));
#8488=CARTESIAN_POINT('',(-0.000725,0.00125,0.0001));
#8489=CARTESIAN_POINT('',(-0.000525,0.00125,0.0001));
#8490=CARTESIAN_POINT('',(-0.000525,0.00125,0.));
#8491=DIRECTION('',(0.,1.,0.));
#8493=AXIS2_PLACEMENT_3D('',#8488,#8491,$);
#8495=PLANE('',#8493);
#8497=POLY_LOOP('',(#8488,#8489,#8490));
#8499=FACE_OUTER_BOUND('',#8497,.T.);
#8501=FACE_SURFACE('',(#8499),#8495,.T.);
#8492=DIRECTION('',(0.,1.,0.));
#8494=AXIS2_PLACEMENT_3D('',#8488,#8492,$);
#8496=PLANE('',#8494);
#8498=POLY_LOOP('',(#8488,#8490,#8487));
#8500=FACE_OUTER_BOUND('',#8498,.T.);
#8502=FACE_SURFACE('',(#8500),#8496,.T.);
#8503=CLOSED_SHELL('',(#8501,#8502));
#8504=FACETED_BREP('',#8503);
#8505=CARTESIAN_POINT('',(-0.000525,0.00125,0.));
#8506=CARTESIAN_POINT('',(-0.000525,0.00125,0.0001));
#8507=CARTESIAN_POINT('',(-0.000525,0.000931145,0.0001));
#8508=CARTESIAN_POINT('',(-0.000525,0.000931145,0.));
#8509=DIRECTION('',(1.,0.,0.));
#8511=AXIS2_PLACEMENT_3D('',#8506,#8509,$);
#8513=PLANE('',#8511);
#8515=POLY_LOOP('',(#8506,#8507,#8508));
#8517=FACE_OUTER_BOUND('',#8515,.T.);
#8519=FACE_SURFACE('',(#8517),#8513,.T.);
#8510=DIRECTION('',(1.,0.,0.));
#8512=AXIS2_PLACEMENT_3D('',#8506,#8510,$);
#8514=PLANE('',#8512);
#8516=POLY_LOOP('',(#8506,#8508,#8505));
#8518=FACE_OUTER_BOUND('',#8516,.T.);
#8520=FACE_SURFACE('',(#8518),#8514,.T.);
#8521=CLOSED_SHELL('',(#8519,#8520));
#8522=FACETED_BREP('',#8521);
#8523=CARTESIAN_POINT('',(-0.000525,0.000931145,0.));
#8524=CARTESIAN_POINT('',(-0.000525,0.000931145,0.0001));
#8525=CARTESIAN_POINT('',(-0.000725,0.000931145,0.0001));
#8526=CARTESIAN_POINT('',(-0.0007234808,0.0009137802,0.0001));
#8527=CARTESIAN_POINT('',(-0.0007189693,0.000896943,0.0001));
#8528=CARTESIAN_POINT('',(-0.0007116026,0.000881145,0.0001));
#8529=CARTESIAN_POINT('',(-0.0007016045,0.0008668663,0.0001));
#8530=CARTESIAN_POINT('',(-0.0006892788,0.0008545406,0.0001));
#8531=CARTESIAN_POINT('',(-0.000675,0.0008445425,0.0001));
#8532=CARTESIAN_POINT('',(-0.000659202,0.0008371758,0.0001));
#8533=CARTESIAN_POINT('',(-0.0006423648,0.0008326642,0.0001));
#8534=CARTESIAN_POINT('',(-0.000625,0.000831145,0.0001));
#8535=CARTESIAN_POINT('',(-0.0006076352,0.0008326642,0.0001));
#8536=CARTESIAN_POINT('',(-0.000590798,0.0008371758,0.0001));
#8537=CARTESIAN_POINT('',(-0.000575,0.0008445425,0.0001));
#8538=CARTESIAN_POINT('',(-0.0005607213,0.0008545406,0.0001));
#8539=CARTESIAN_POINT('',(-0.0005483956,0.0008668663,0.0001));
#8540=CARTESIAN_POINT('',(-0.0005383975,0.000881145,0.0001));
#8541=CARTESIAN_POINT('',(-0.0005310308,0.000896943,0.0001));
#8542=CARTESIAN_POINT('',(-0.0005265192,0.0009137802,0.0001));
#8543=CARTESIAN_POINT('',(-0.000725,0.000931145,0.));
#8544=CARTESIAN_POINT('',(-0.0007234808,0.0009137802,0.));
#8545=CARTESIAN_POINT('',(-0.0007189693,0.000896943,0.));
#8546=CARTESIAN_POINT('',(-0.0007116026,0.000881145,0.));
#8547=CARTESIAN_POINT('',(-0.0007016045,0.0008668663,0.));
#8548=CARTESIAN_POINT('',(-0.0006892788,0.0008545406,0.));
#8549=CARTESIAN_POINT('',(-0.000675,0.0008445425,0.));
#8550=CARTESIAN_POINT('',(-0.000659202,0.0008371758,0.));
#8551=CARTESIAN_POINT('',(-0.0006423648,0.0008326642,0.));
#8552=CARTESIAN_POINT('',(-0.000625,0.000831145,0.));
#8553=CARTESIAN_POINT('',(-0.0006076352,0.0008326642,0.));
#8554=CARTESIAN_POINT('',(-0.000590798,0.0008371758,0.));
#8555=CARTESIAN_POINT('',(-0.000575,0.0008445425,0.));
#8556=CARTESIAN_POINT('',(-0.0005607213,0.0008545406,0.));
#8557=CARTESIAN_POINT('',(-0.0005483956,0.0008668663,0.));
#8558=CARTESIAN_POINT('',(-0.0005383975,0.000881145,0.));
#8559=CARTESIAN_POINT('',(-0.0005310308,0.000896943,0.));
#8560=CARTESIAN_POINT('',(-0.0005265192,0.0009137802,0.));
#8561=DIRECTION('',(-0.9961947,-0.08715556,0.));
#8597=AXIS2_PLACEMENT_3D('',#8526,#8561,$);
#8633=PLANE('',#8597);
#8669=POLY_LOOP('',(#8526,#8525,#8543));
#8705=FACE_OUTER_BOUND('',#8669,.T.);
#8741=FACE_SURFACE('',(#8705),#8633,.T.);
#8562=DIRECTION('',(-0.9961947,-0.08715556,0.));
#8598=AXIS2_PLACEMENT_3D('',#8526,#8562,$);
#8634=PLANE('',#8598);
#8670=POLY_LOOP('',(#8526,#8543,#8544));
#8706=FACE_OUTER_BOUND('',#8670,.T.);
#8742=FACE_SURFACE('',(#8706),#8634,.T.);
#8563=DIRECTION('',(-0.965926,-0.2588183,0.));
#8599=AXIS2_PLACEMENT_3D('',#8527,#8563,$);
#8635=PLANE('',#8599);
#8671=POLY_LOOP('',(#8527,#8544,#8545));
#8707=FACE_OUTER_BOUND('',#8671,.T.);
#8743=FACE_SURFACE('',(#8707),#8635,.T.);
#8564=DIRECTION('',(-0.965926,-0.2588183,0.));
#8600=AXIS2_PLACEMENT_3D('',#8527,#8564,$);
#8636=PLANE('',#8600);
#8672=POLY_LOOP('',(#8527,#8526,#8544));
#8708=FACE_OUTER_BOUND('',#8672,.T.);
#8744=FACE_SURFACE('',(#8708),#8636,.T.);
#8565=DIRECTION('',(-0.906308,-0.4226178,0.));
#8601=AXIS2_PLACEMENT_3D('',#8528,#8565,$);
#8637=PLANE('',#8601);
#8673=POLY_LOOP('',(#8528,#8545,#8546));
#8709=FACE_OUTER_BOUND('',#8673,.T.);
#8745=FACE_SURFACE('',(#8709),#8637,.T.);
#8566=DIRECTION('',(-0.906308,-0.4226178,0.));
#8602=AXIS2_PLACEMENT_3D('',#8528,#8566,$);
#8638=PLANE('',#8602);
#8674=POLY_LOOP('',(#8528,#8527,#8545));
#8710=FACE_OUTER_BOUND('',#8674,.T.);
#8746=FACE_SURFACE('',(#8710),#8638,.T.);
#8567=DIRECTION('',(-0.8191517,-0.5735769,0.));
#8603=AXIS2_PLACEMENT_3D('',#8529,#8567,$);
#8639=PLANE('',#8603);
#8675=POLY_LOOP('',(#8529,#8546,#8547));
#8711=FACE_OUTER_BOUND('',#8675,.T.);
#8747=FACE_SURFACE('',(#8711),#8639,.T.);
#8568=DIRECTION('',(-0.8191517,-0.5735769,0.));
#8604=AXIS2_PLACEMENT_3D('',#8529,#8568,$);
#8640=PLANE('',#8604);
#8676=POLY_LOOP('',(#8529,#8528,#8546));
#8712=FACE_OUTER_BOUND('',#8676,.T.);
#8748=FACE_SURFACE('',(#8712),#8640,.T.);
#8569=DIRECTION('',(-0.7071068,-0.7071068,0.));
#8605=AXIS2_PLACEMENT_3D('',#8530,#8569,$);
#8641=PLANE('',#8605);
#8677=POLY_LOOP('',(#8530,#8547,#8548));
#8713=FACE_OUTER_BOUND('',#8677,.T.);
#8749=FACE_SURFACE('',(#8713),#8641,.T.);
#8570=DIRECTION('',(-0.7071068,-0.7071068,0.));
#8606=AXIS2_PLACEMENT_3D('',#8530,#8570,$);
#8642=PLANE('',#8606);
#8678=POLY_LOOP('',(#8530,#8529,#8547));
#8714=FACE_OUTER_BOUND('',#8678,.T.);
#8750=FACE_SURFACE('',(#8714),#8642,.T.);
#8571=DIRECTION('',(-0.5735769,-0.8191517,0.));
#8607=AXIS2_PLACEMENT_3D('',#8531,#8571,$);
#8643=PLANE('',#8607);
#8679=POLY_LOOP('',(#8531,#8548,#8549));
#8715=FACE_OUTER_BOUND('',#8679,.T.);
#8751=FACE_SURFACE('',(#8715),#8643,.T.);
#8572=DIRECTION('',(-0.5735769,-0.8191517,0.));
#8608=AXIS2_PLACEMENT_3D('',#8531,#8572,$);
#8644=PLANE('',#8608);
#8680=POLY_LOOP('',(#8531,#8530,#8548));
#8716=FACE_OUTER_BOUND('',#8680,.T.);
#8752=FACE_SURFACE('',(#8716),#8644,.T.);
#8573=DIRECTION('',(-0.4226165,-0.9063086,0.));
#8609=AXIS2_PLACEMENT_3D('',#8532,#8573,$);
#8645=PLANE('',#8609);
#8681=POLY_LOOP('',(#8532,#8549,#8550));
#8717=FACE_OUTER_BOUND('',#8681,.T.);
#8753=FACE_SURFACE('',(#8717),#8645,.T.);
#8574=DIRECTION('',(-0.4226165,-0.9063086,0.));
#8610=AXIS2_PLACEMENT_3D('',#8532,#8574,$);
#8646=PLANE('',#8610);
#8682=POLY_LOOP('',(#8532,#8531,#8549));
#8718=FACE_OUTER_BOUND('',#8682,.T.);
#8754=FACE_SURFACE('',(#8718),#8646,.T.);
#8575=DIRECTION('',(-0.2588222,-0.965925,0.));
#8611=AXIS2_PLACEMENT_3D('',#8533,#8575,$);
#8647=PLANE('',#8611);
#8683=POLY_LOOP('',(#8533,#8550,#8551));
#8719=FACE_OUTER_BOUND('',#8683,.T.);
#8755=FACE_SURFACE('',(#8719),#8647,.T.);
#8576=DIRECTION('',(-0.2588222,-0.965925,0.));
#8612=AXIS2_PLACEMENT_3D('',#8533,#8576,$);
#8648=PLANE('',#8612);
#8684=POLY_LOOP('',(#8533,#8532,#8550));
#8720=FACE_OUTER_BOUND('',#8684,.T.);
#8756=FACE_SURFACE('',(#8720),#8648,.T.);
#8577=DIRECTION('',(-0.08715527,-0.9961947,0.));
#8613=AXIS2_PLACEMENT_3D('',#8534,#8577,$);
#8649=PLANE('',#8613);
#8685=POLY_LOOP('',(#8534,#8551,#8552));
#8721=FACE_OUTER_BOUND('',#8685,.T.);
#8757=FACE_SURFACE('',(#8721),#8649,.T.);
#8578=DIRECTION('',(-0.08715527,-0.9961947,0.));
#8614=AXIS2_PLACEMENT_3D('',#8534,#8578,$);
#8650=PLANE('',#8614);
#8686=POLY_LOOP('',(#8534,#8533,#8551));
#8722=FACE_OUTER_BOUND('',#8686,.T.);
#8758=FACE_SURFACE('',(#8722),#8650,.T.);
#8579=DIRECTION('',(0.08715556,-0.9961947,0.));
#8615=AXIS2_PLACEMENT_3D('',#8535,#8579,$);
#8651=PLANE('',#8615);
#8687=POLY_LOOP('',(#8535,#8552,#8553));
#8723=FACE_OUTER_BOUND('',#8687,.T.);
#8759=FACE_SURFACE('',(#8723),#8651,.T.);
#8580=DIRECTION('',(0.08715556,-0.9961947,0.));
#8616=AXIS2_PLACEMENT_3D('',#8535,#8580,$);
#8652=PLANE('',#8616);
#8688=POLY_LOOP('',(#8535,#8534,#8552));
#8724=FACE_OUTER_BOUND('',#8688,.T.);
#8760=FACE_SURFACE('',(#8724),#8652,.T.);
#8581=DIRECTION('',(0.2588214,-0.9659252,0.));
#8617=AXIS2_PLACEMENT_3D('',#8536,#8581,$);
#8653=PLANE('',#8617);
#8689=POLY_LOOP('',(#8536,#8553,#8554));
#8725=FACE_OUTER_BOUND('',#8689,.T.);
#8761=FACE_SURFACE('',(#8725),#8653,.T.);
#8582=DIRECTION('',(0.2588214,-0.9659252,0.));
#8618=AXIS2_PLACEMENT_3D('',#8536,#8582,$);
#8654=PLANE('',#8618);
#8690=POLY_LOOP('',(#8536,#8535,#8553));
#8726=FACE_OUTER_BOUND('',#8690,.T.);
#8762=FACE_SURFACE('',(#8726),#8654,.T.);
#8583=DIRECTION('',(0.4226178,-0.906308,0.));
#8619=AXIS2_PLACEMENT_3D('',#8537,#8583,$);
#8655=PLANE('',#8619);
#8691=POLY_LOOP('',(#8537,#8554,#8555));
#8727=FACE_OUTER_BOUND('',#8691,.T.);
#8763=FACE_SURFACE('',(#8727),#8655,.T.);
#8584=DIRECTION('',(0.4226178,-0.906308,0.));
#8620=AXIS2_PLACEMENT_3D('',#8537,#8584,$);
#8656=PLANE('',#8620);
#8692=POLY_LOOP('',(#8537,#8536,#8554));
#8728=FACE_OUTER_BOUND('',#8692,.T.);
#8764=FACE_SURFACE('',(#8728),#8656,.T.);
#8585=DIRECTION('',(0.5735769,-0.8191517,0.));
#8621=AXIS2_PLACEMENT_3D('',#8538,#8585,$);
#8657=PLANE('',#8621);
#8693=POLY_LOOP('',(#8538,#8555,#8556));
#8729=FACE_OUTER_BOUND('',#8693,.T.);
#8765=FACE_SURFACE('',(#8729),#8657,.T.);
#8586=DIRECTION('',(0.5735769,-0.8191517,0.));
#8622=AXIS2_PLACEMENT_3D('',#8538,#8586,$);
#8658=PLANE('',#8622);
#8694=POLY_LOOP('',(#8538,#8537,#8555));
#8730=FACE_OUTER_BOUND('',#8694,.T.);
#8766=FACE_SURFACE('',(#8730),#8658,.T.);
#8587=DIRECTION('',(0.7071068,-0.7071068,0.));
#8623=AXIS2_PLACEMENT_3D('',#8539,#8587,$);
#8659=PLANE('',#8623);
#8695=POLY_LOOP('',(#8539,#8556,#8557));
#8731=FACE_OUTER_BOUND('',#8695,.T.);
#8767=FACE_SURFACE('',(#8731),#8659,.T.);
#8588=DIRECTION('',(0.7071068,-0.7071068,0.));
#8624=AXIS2_PLACEMENT_3D('',#8539,#8588,$);
#8660=PLANE('',#8624);
#8696=POLY_LOOP('',(#8539,#8538,#8556));
#8732=FACE_OUTER_BOUND('',#8696,.T.);
#8768=FACE_SURFACE('',(#8732),#8660,.T.);
#8589=DIRECTION('',(0.8191517,-0.5735769,0.));
#8625=AXIS2_PLACEMENT_3D('',#8540,#8589,$);
#8661=PLANE('',#8625);
#8697=POLY_LOOP('',(#8540,#8557,#8558));
#8733=FACE_OUTER_BOUND('',#8697,.T.);
#8769=FACE_SURFACE('',(#8733),#8661,.T.);
#8590=DIRECTION('',(0.8191517,-0.5735769,0.));
#8626=AXIS2_PLACEMENT_3D('',#8540,#8590,$);
#8662=PLANE('',#8626);
#8698=POLY_LOOP('',(#8540,#8539,#8557));
#8734=FACE_OUTER_BOUND('',#8698,.T.);
#8770=FACE_SURFACE('',(#8734),#8662,.T.);
#8591=DIRECTION('',(0.906308,-0.4226178,0.));
#8627=AXIS2_PLACEMENT_3D('',#8541,#8591,$);
#8663=PLANE('',#8627);
#8699=POLY_LOOP('',(#8541,#8540,#8558));
#8735=FACE_OUTER_BOUND('',#8699,.T.);
#8771=FACE_SURFACE('',(#8735),#8663,.T.);
#8592=DIRECTION('',(0.906308,-0.4226178,0.));
#8628=AXIS2_PLACEMENT_3D('',#8541,#8592,$);
#8664=PLANE('',#8628);
#8700=POLY_LOOP('',(#8541,#8558,#8559));
#8736=FACE_OUTER_BOUND('',#8700,.T.);
#8772=FACE_SURFACE('',(#8736),#8664,.T.);
#8593=DIRECTION('',(0.9659252,-0.2588214,0.));
#8629=AXIS2_PLACEMENT_3D('',#8542,#8593,$);
#8665=PLANE('',#8629);
#8701=POLY_LOOP('',(#8542,#8541,#8559));
#8737=FACE_OUTER_BOUND('',#8701,.T.);
#8773=FACE_SURFACE('',(#8737),#8665,.T.);
#8594=DIRECTION('',(0.9659252,-0.2588214,0.));
#8630=AXIS2_PLACEMENT_3D('',#8542,#8594,$);
#8666=PLANE('',#8630);
#8702=POLY_LOOP('',(#8542,#8559,#8560));
#8738=FACE_OUTER_BOUND('',#8702,.T.);
#8774=FACE_SURFACE('',(#8738),#8666,.T.);
#8595=DIRECTION('',(0.9961947,-0.08715556,0.));
#8631=AXIS2_PLACEMENT_3D('',#8524,#8595,$);
#8667=PLANE('',#8631);
#8703=POLY_LOOP('',(#8524,#8542,#8560));
#8739=FACE_OUTER_BOUND('',#8703,.T.);
#8775=FACE_SURFACE('',(#8739),#8667,.T.);
#8596=DIRECTION('',(0.9961947,-0.08715556,0.));
#8632=AXIS2_PLACEMENT_3D('',#8524,#8596,$);
#8668=PLANE('',#8632);
#8704=POLY_LOOP('',(#8524,#8560,#8523));
#8740=FACE_OUTER_BOUND('',#8704,.T.);
#8776=FACE_SURFACE('',(#8740),#8668,.T.);
#8777=CLOSED_SHELL('',(#8741,#8742,#8743,#8744,#8745,#8746,#8747,#8748,#8749,#8750,#8751,#8752,#8753,#8754,#8755,#8756,#8757,#8758,#8759,#8760,#8761,#8762,#8763,#8764,#8765,#8766,#8767,#8768,#8769,#8770,#8771,#8772,#8773,#8774,#8775,#8776));
#8778=FACETED_BREP('',#8777);
#8779=CARTESIAN_POINT('',(-0.000725,0.000931145,0.0001));
#8780=CARTESIAN_POINT('',(-0.0007234808,0.0009137802,0.0001));
#8781=CARTESIAN_POINT('',(-0.0007189693,0.000896943,0.0001));
#8782=CARTESIAN_POINT('',(-0.0007116026,0.000881145,0.0001));
#8783=CARTESIAN_POINT('',(-0.0007016045,0.0008668663,0.0001));
#8784=CARTESIAN_POINT('',(-0.0006892788,0.0008545406,0.0001));
#8785=CARTESIAN_POINT('',(-0.000675,0.0008445425,0.0001));
#8786=CARTESIAN_POINT('',(-0.000659202,0.0008371758,0.0001));
#8787=CARTESIAN_POINT('',(-0.0006423648,0.0008326642,0.0001));
#8788=CARTESIAN_POINT('',(-0.000625,0.000831145,0.0001));
#8789=CARTESIAN_POINT('',(-0.0006076352,0.0008326642,0.0001));
#8790=CARTESIAN_POINT('',(-0.000590798,0.0008371758,0.0001));
#8791=CARTESIAN_POINT('',(-0.000575,0.0008445425,0.0001));
#8792=CARTESIAN_POINT('',(-0.0005607213,0.0008545406,0.0001));
#8793=CARTESIAN_POINT('',(-0.0005483956,0.0008668663,0.0001));
#8794=CARTESIAN_POINT('',(-0.0005383975,0.000881145,0.0001));
#8795=CARTESIAN_POINT('',(-0.0005310308,0.000896943,0.0001));
#8796=CARTESIAN_POINT('',(-0.0005265192,0.0009137802,0.0001));
#8797=CARTESIAN_POINT('',(-0.000525,0.000931145,0.0001));
#8798=CARTESIAN_POINT('',(-0.000525,0.00125,0.0001));
#8799=CARTESIAN_POINT('',(-0.000725,0.00125,0.0001));
#8800=DIRECTION('',(0.,0.,1.));
#8819=AXIS2_PLACEMENT_3D('',#8780,#8800,$);
#8838=PLANE('',#8819);
#8857=POLY_LOOP('',(#8780,#8781,#8782));
#8876=FACE_OUTER_BOUND('',#8857,.T.);
#8895=FACE_SURFACE('',(#8876),#8838,.T.);
#8801=DIRECTION('',(0.,0.,1.));
#8820=AXIS2_PLACEMENT_3D('',#8780,#8801,$);
#8839=PLANE('',#8820);
#8858=POLY_LOOP('',(#8780,#8782,#8783));
#8877=FACE_OUTER_BOUND('',#8858,.T.);
#8896=FACE_SURFACE('',(#8877),#8839,.T.);
#8802=DIRECTION('',(0.,0.,1.));
#8821=AXIS2_PLACEMENT_3D('',#8796,#8802,$);
#8840=PLANE('',#8821);
#8859=POLY_LOOP('',(#8796,#8783,#8784));
#8878=FACE_OUTER_BOUND('',#8859,.T.);
#8897=FACE_SURFACE('',(#8878),#8840,.T.);
#8803=DIRECTION('',(0.,0.,1.));
#8822=AXIS2_PLACEMENT_3D('',#8796,#8803,$);
#8841=PLANE('',#8822);
#8860=POLY_LOOP('',(#8796,#8784,#8785));
#8879=FACE_OUTER_BOUND('',#8860,.T.);
#8898=FACE_SURFACE('',(#8879),#8841,.T.);
#8804=DIRECTION('',(0.,0.,1.));
#8823=AXIS2_PLACEMENT_3D('',#8796,#8804,$);
#8842=PLANE('',#8823);
#8861=POLY_LOOP('',(#8796,#8785,#8786));
#8880=FACE_OUTER_BOUND('',#8861,.T.);
#8899=FACE_SURFACE('',(#8880),#8842,.T.);
#8805=DIRECTION('',(0.,0.,1.));
#8824=AXIS2_PLACEMENT_3D('',#8796,#8805,$);
#8843=PLANE('',#8824);
#8862=POLY_LOOP('',(#8796,#8786,#8787));
#8881=FACE_OUTER_BOUND('',#8862,.T.);
#8900=FACE_SURFACE('',(#8881),#8843,.T.);
#8806=DIRECTION('',(0.,0.,1.));
#8825=AXIS2_PLACEMENT_3D('',#8796,#8806,$);
#8844=PLANE('',#8825);
#8863=POLY_LOOP('',(#8796,#8787,#8788));
#8882=FACE_OUTER_BOUND('',#8863,.T.);
#8901=FACE_SURFACE('',(#8882),#8844,.T.);
#8807=DIRECTION('',(0.,0.,1.));
#8826=AXIS2_PLACEMENT_3D('',#8796,#8807,$);
#8845=PLANE('',#8826);
#8864=POLY_LOOP('',(#8796,#8788,#8789));
#8883=FACE_OUTER_BOUND('',#8864,.T.);
#8902=FACE_SURFACE('',(#8883),#8845,.T.);
#8808=DIRECTION('',(0.,0.,1.));
#8827=AXIS2_PLACEMENT_3D('',#8796,#8808,$);
#8846=PLANE('',#8827);
#8865=POLY_LOOP('',(#8796,#8789,#8790));
#8884=FACE_OUTER_BOUND('',#8865,.T.);
#8903=FACE_SURFACE('',(#8884),#8846,.T.);
#8809=DIRECTION('',(0.,0.,1.));
#8828=AXIS2_PLACEMENT_3D('',#8796,#8809,$);
#8847=PLANE('',#8828);
#8866=POLY_LOOP('',(#8796,#8790,#8791));
#8885=FACE_OUTER_BOUND('',#8866,.T.);
#8904=FACE_SURFACE('',(#8885),#8847,.T.);
#8810=DIRECTION('',(0.,0.,1.));
#8829=AXIS2_PLACEMENT_3D('',#8796,#8810,$);
#8848=PLANE('',#8829);
#8867=POLY_LOOP('',(#8796,#8791,#8792));
#8886=FACE_OUTER_BOUND('',#8867,.T.);
#8905=FACE_SURFACE('',(#8886),#8848,.T.);
#8811=DIRECTION('',(0.,0.,1.));
#8830=AXIS2_PLACEMENT_3D('',#8796,#8811,$);
#8849=PLANE('',#8830);
#8868=POLY_LOOP('',(#8796,#8792,#8793));
#8887=FACE_OUTER_BOUND('',#8868,.T.);
#8906=FACE_SURFACE('',(#8887),#8849,.T.);
#8812=DIRECTION('',(0.,0.,1.));
#8831=AXIS2_PLACEMENT_3D('',#8796,#8812,$);
#8850=PLANE('',#8831);
#8869=POLY_LOOP('',(#8796,#8793,#8794));
#8888=FACE_OUTER_BOUND('',#8869,.T.);
#8907=FACE_SURFACE('',(#8888),#8850,.T.);
#8813=DIRECTION('',(0.,0.,1.));
#8832=AXIS2_PLACEMENT_3D('',#8796,#8813,$);
#8851=PLANE('',#8832);
#8870=POLY_LOOP('',(#8796,#8794,#8795));
#8889=FACE_OUTER_BOUND('',#8870,.T.);
#8908=FACE_SURFACE('',(#8889),#8851,.T.);
#8814=DIRECTION('',(0.,0.,1.));
#8833=AXIS2_PLACEMENT_3D('',#8796,#8814,$);
#8852=PLANE('',#8833);
#8871=POLY_LOOP('',(#8796,#8780,#8783));
#8890=FACE_OUTER_BOUND('',#8871,.T.);
#8909=FACE_SURFACE('',(#8890),#8852,.T.);
#8815=DIRECTION('',(0.,0.,1.));
#8834=AXIS2_PLACEMENT_3D('',#8797,#8815,$);
#8853=PLANE('',#8834);
#8872=POLY_LOOP('',(#8797,#8779,#8780));
#8891=FACE_OUTER_BOUND('',#8872,.T.);
#8910=FACE_SURFACE('',(#8891),#8853,.T.);
#8816=DIRECTION('',(0.,0.,1.));
#8835=AXIS2_PLACEMENT_3D('',#8797,#8816,$);
#8854=PLANE('',#8835);
#8873=POLY_LOOP('',(#8797,#8780,#8796));
#8892=FACE_OUTER_BOUND('',#8873,.T.);
#8911=FACE_SURFACE('',(#8892),#8854,.T.);
#8817=DIRECTION('',(0.,0.,1.));
#8836=AXIS2_PLACEMENT_3D('',#8798,#8817,$);
#8855=PLANE('',#8836);
#8874=POLY_LOOP('',(#8798,#8799,#8779));
#8893=FACE_OUTER_BOUND('',#8874,.T.);
#8912=FACE_SURFACE('',(#8893),#8855,.T.);
#8818=DIRECTION('',(0.,0.,1.));
#8837=AXIS2_PLACEMENT_3D('',#8798,#8818,$);
#8856=PLANE('',#8837);
#8875=POLY_LOOP('',(#8798,#8779,#8797));
#8894=FACE_OUTER_BOUND('',#8875,.T.);
#8913=FACE_SURFACE('',(#8894),#8856,.T.);
#8914=CLOSED_SHELL('',(#8895,#8896,#8897,#8898,#8899,#8900,#8901,#8902,#8903,#8904,#8905,#8906,#8907,#8908,#8909,#8910,#8911,#8912,#8913));
#8915=FACETED_BREP('',#8914);
#8916=CARTESIAN_POINT('',(-0.0015,0.00095,0.000025));
#8917=CARTESIAN_POINT('',(-0.001125,0.00095,0.000025));
#8918=CARTESIAN_POINT('',(-0.001125,0.00125,0.000025));
#8919=CARTESIAN_POINT('',(-0.0015,0.00125,0.000025));
#8920=DIRECTION('',(0.,0.,-1.));
#8922=AXIS2_PLACEMENT_3D('',#8917,#8920,$);
#8924=PLANE('',#8922);
#8926=POLY_LOOP('',(#8917,#8916,#8919));
#8928=FACE_OUTER_BOUND('',#8926,.T.);
#8930=FACE_SURFACE('',(#8928),#8924,.T.);
#8921=DIRECTION('',(0.,0.,-1.));
#8923=AXIS2_PLACEMENT_3D('',#8918,#8921,$);
#8925=PLANE('',#8923);
#8927=POLY_LOOP('',(#8918,#8917,#8919));
#8929=FACE_OUTER_BOUND('',#8927,.T.);
#8931=FACE_SURFACE('',(#8929),#8925,.T.);
#8932=CLOSED_SHELL('',(#8930,#8931));
#8933=FACETED_BREP('',#8932);
#8934=CARTESIAN_POINT('',(-0.0015,0.00075,0.000025));
#8935=CARTESIAN_POINT('',(-0.001075195,0.00075,0.000025));
#8936=CARTESIAN_POINT('',(-0.0015,0.000493485,0.000025));
#8937=CARTESIAN_POINT('',(-0.001175,0.000493485,0.000025));
#8938=CARTESIAN_POINT('',(-0.001175,0.000293485,0.000025));
#8939=CARTESIAN_POINT('',(-0.001157635,0.0002950042,0.000025));
#8940=CARTESIAN_POINT('',(-0.001140798,0.0002995157,0.000025));
#8941=CARTESIAN_POINT('',(-0.001125,0.0003068825,0.000025));
#8942=CARTESIAN_POINT('',(-0.001110721,0.0003168806,0.000025));
#8943=CARTESIAN_POINT('',(-0.001098396,0.0003292062,0.000025));
#8944=CARTESIAN_POINT('',(-0.001088397,0.000343485,0.000025));
#8945=CARTESIAN_POINT('',(-0.001081031,0.000359283,0.000025));
#8946=CARTESIAN_POINT('',(-0.001076519,0.0003761202,0.000025));
#8947=CARTESIAN_POINT('',(-0.001075,0.000393485,0.000025));
#8948=CARTESIAN_POINT('',(-0.001076519,0.0004108498,0.000025));
#8949=CARTESIAN_POINT('',(-0.001081031,0.000427687,0.000025));
#8950=CARTESIAN_POINT('',(-0.001088397,0.000443485,0.000025));
#8951=CARTESIAN_POINT('',(-0.001098396,0.0004577638,0.000025));
#8952=CARTESIAN_POINT('',(-0.001110721,0.0004700894,0.000025));
#8953=CARTESIAN_POINT('',(-0.001125,0.0004800875,0.000025));
#8954=CARTESIAN_POINT('',(-0.001140798,0.0004874543,0.000025));
#8955=CARTESIAN_POINT('',(-0.001157635,0.0004919658,0.000025));
#8956=CARTESIAN_POINT('',(-0.0015,0.000293485,0.000025));
#8957=CARTESIAN_POINT('',(-0.0015,0.000093485,0.000025));
#8958=CARTESIAN_POINT('',(-0.001175,0.000093485,0.000025));
#8959=CARTESIAN_POINT('',(-0.001175,-0.000106515,0.000025));
#8960=CARTESIAN_POINT('',(-0.001157635,-0.0001049958,0.000025));
#8961=CARTESIAN_POINT('',(-0.001140798,-0.0001004843,0.000025));
#8962=CARTESIAN_POINT('',(-0.001125,-0.00009311754,0.000025));
#8963=CARTESIAN_POINT('',(-0.001110721,-0.00008311944,0.000025));
#8964=CARTESIAN_POINT('',(-0.001098396,-0.00007079376,0.000025));
#8965=CARTESIAN_POINT('',(-0.001088397,-0.000056515,0.000025));
#8966=CARTESIAN_POINT('',(-0.001081031,-0.00004071702,0.000025));
#8967=CARTESIAN_POINT('',(-0.001076519,-0.00002387982,0.000025));
#8968=CARTESIAN_POINT('',(-0.001075,-0.000006515,0.000025));
#8969=CARTESIAN_POINT('',(-0.001076519,0.00001084982,0.000025));
#8970=CARTESIAN_POINT('',(-0.001081031,0.00002768701,0.000025));
#8971=CARTESIAN_POINT('',(-0.001088397,0.000043485,0.000025));
#8972=CARTESIAN_POINT('',(-0.001098396,0.00005776376,0.000025));
#8973=CARTESIAN_POINT('',(-0.001110721,0.00007008945,0.000025));
#8974=CARTESIAN_POINT('',(-0.001125,0.00008008754,0.000025));
#8975=CARTESIAN_POINT('',(-0.001140798,0.00008745426,0.000025));
#8976=CARTESIAN_POINT('',(-0.001157635,0.00009196578,0.000025));
#8977=CARTESIAN_POINT('',(-0.0015,-0.000106515,0.000025));
#8978=CARTESIAN_POINT('',(-0.0015,-0.000306515,0.000025));
#8979=CARTESIAN_POINT('',(-0.001175,-0.000306515,0.000025));
#8980=CARTESIAN_POINT('',(-0.001175,-0.000506515,0.000025));
#8981=CARTESIAN_POINT('',(-0.001157635,-0.0005049958,0.000025));
#8982=CARTESIAN_POINT('',(-0.001140798,-0.0005004843,0.000025));
#8983=CARTESIAN_POINT('',(-0.001125,-0.0004931175,0.000025));
#8984=CARTESIAN_POINT('',(-0.001110721,-0.0004831195,0.000025));
#8985=CARTESIAN_POINT('',(-0.001098396,-0.0004707937,0.000025));
#8986=CARTESIAN_POINT('',(-0.001088397,-0.000456515,0.000025));
#8987=CARTESIAN_POINT('',(-0.001081031,-0.000440717,0.000025));
#8988=CARTESIAN_POINT('',(-0.001076519,-0.0004238798,0.000025));
#8989=CARTESIAN_POINT('',(-0.001075,-0.000406515,0.000025));
#8990=CARTESIAN_POINT('',(-0.001076519,-0.0003891502,0.000025));
#8991=CARTESIAN_POINT('',(-0.001081031,-0.000372313,0.000025));
#8992=CARTESIAN_POINT('',(-0.001088397,-0.000356515,0.000025));
#8993=CARTESIAN_POINT('',(-0.001098396,-0.0003422362,0.000025));
#8994=CARTESIAN_POINT('',(-0.001110721,-0.0003299105,0.000025));
#8995=CARTESIAN_POINT('',(-0.001125,-0.0003199124,0.000025));
#8996=CARTESIAN_POINT('',(-0.001140798,-0.0003125457,0.000025));
#8997=CARTESIAN_POINT('',(-0.001157635,-0.0003080342,0.000025));
#8998=CARTESIAN_POINT('',(-0.0015,-0.000506515,0.000025));
#8999=CARTESIAN_POINT('',(-0.0015,-0.00075,0.000025));
#9000=CARTESIAN_POINT('',(-0.000925,-0.00075,0.000025));
#9001=CARTESIAN_POINT('',(-0.000925,-0.00125,0.000025));
#9002=CARTESIAN_POINT('',(-0.000725,-0.00125,0.000025));
#9003=CARTESIAN_POINT('',(-0.000725,-0.000949995,0.000025));
#9004=CARTESIAN_POINT('',(-0.000525,-0.000949995,0.000025));
#9005=CARTESIAN_POINT('',(-0.0005265192,-0.0009326302,0.000025));
#9006=CARTESIAN_POINT('',(-0.0005310308,-0.000915793,0.000025));
#9007=CARTESIAN_POINT('',(-0.0005383975,-0.000899995,0.000025));
#9008=CARTESIAN_POINT('',(-0.0005483956,-0.0008857162,0.000025));
#9009=CARTESIAN_POINT('',(-0.0005607213,-0.0008733905,0.000025));
#9010=CARTESIAN_POINT('',(-0.000575,-0.0008633925,0.000025));
#9011=CARTESIAN_POINT('',(-0.000590798,-0.0008560257,0.000025));
#9012=CARTESIAN_POINT('',(-0.0006076352,-0.0008515142,0.000025));
#9013=CARTESIAN_POINT('',(-0.000625,-0.000849995,0.000025));
#9014=CARTESIAN_POINT('',(-0.0006423648,-0.0008515142,0.000025));
#9015=CARTESIAN_POINT('',(-0.000659202,-0.0008560257,0.000025));
#9016=CARTESIAN_POINT('',(-0.000675,-0.0008633925,0.000025));
#9017=CARTESIAN_POINT('',(-0.0006892788,-0.0008733905,0.000025));
#9018=CARTESIAN_POINT('',(-0.0007016045,-0.0008857162,0.000025));
#9019=CARTESIAN_POINT('',(-0.0007116026,-0.000899995,0.000025));
#9020=CARTESIAN_POINT('',(-0.0007189693,-0.000915793,0.000025));
#9021=CARTESIAN_POINT('',(-0.0007234808,-0.0009326302,0.000025));
#9022=CARTESIAN_POINT('',(-0.000525,-0.00125,0.000025));
#9023=CARTESIAN_POINT('',(-0.000325,-0.00125,0.000025));
#9024=CARTESIAN_POINT('',(-0.000325,-0.000949995,0.000025));
#9025=CARTESIAN_POINT('',(-0.000125,-0.000949995,0.000025));
#9026=CARTESIAN_POINT('',(-0.0001265192,-0.0009326302,0.000025));
#9027=CARTESIAN_POINT('',(-0.0001310307,-0.000915793,0.000025));
#9028=CARTESIAN_POINT('',(-0.0001383975,-0.000899995,0.000025));
#9029=CARTESIAN_POINT('',(-0.0001483956,-0.0008857162,0.000025));
#9030=CARTESIAN_POINT('',(-0.0001607212,-0.0008733905,0.000025));
#9031=CARTESIAN_POINT('',(-0.000175,-0.0008633925,0.000025));
#9032=CARTESIAN_POINT('',(-0.000190798,-0.0008560257,0.000025));
#9033=CARTESIAN_POINT('',(-0.0002076352,-0.0008515142,0.000025));
#9034=CARTESIAN_POINT('',(-0.000225,-0.000849995,0.000025));
#9035=CARTESIAN_POINT('',(-0.0002423648,-0.0008515142,0.000025));
#9036=CARTESIAN_POINT('',(-0.000259202,-0.0008560257,0.000025));
#9037=CARTESIAN_POINT('',(-0.000275,-0.0008633925,0.000025));
#9038=CARTESIAN_POINT('',(-0.0002892788,-0.0008733905,0.000025));
#9039=CARTESIAN_POINT('',(-0.0003016045,-0.0008857162,0.000025));
#9040=CARTESIAN_POINT('',(-0.0003116025,-0.000899995,0.000025));
#9041=CARTESIAN_POINT('',(-0.0003189693,-0.000915793,0.000025));
#9042=CARTESIAN_POINT('',(-0.0003234808,-0.0009326302,0.000025));
#9043=CARTESIAN_POINT('',(-0.000125,-0.00125,0.000025));
#9044=CARTESIAN_POINT('',(0.000075,-0.00125,0.000025));
#9045=CARTESIAN_POINT('',(0.000075,-0.00055,0.000025));
#9046=CARTESIAN_POINT('',(0.000275,-0.00055,0.000025));
#9047=CARTESIAN_POINT('',(0.0002734808,-0.0005326352,0.000025));
#9048=CARTESIAN_POINT('',(0.0002689692,-0.000515798,0.000025));
#9049=CARTESIAN_POINT('',(0.0002616025,-0.0005,0.000025));
#9050=CARTESIAN_POINT('',(0.0002516044,-0.0004857212,0.000025));
#9051=CARTESIAN_POINT('',(0.0002392788,-0.0004733955,0.000025));
#9052=CARTESIAN_POINT('',(0.000225,-0.0004633974,0.000025));
#9053=CARTESIAN_POINT('',(0.000209202,-0.0004560307,0.000025));
#9054=CARTESIAN_POINT('',(0.0001923648,-0.0004515192,0.000025));
#9055=CARTESIAN_POINT('',(0.000175,-0.00045,0.000025));
#9056=CARTESIAN_POINT('',(0.0001576352,-0.0004515192,0.000025));
#9057=CARTESIAN_POINT('',(0.000140798,-0.0004560307,0.000025));
#9058=CARTESIAN_POINT('',(0.000125,-0.0004633974,0.000025));
#9059=CARTESIAN_POINT('',(0.0001107212,-0.0004733955,0.000025));
#9060=CARTESIAN_POINT('',(0.00009839555,-0.0004857212,0.000025));
#9061=CARTESIAN_POINT('',(0.00008839746,-0.0005,0.000025));
#9062=CARTESIAN_POINT('',(0.00008103074,-0.000515798,0.000025));
#9063=CARTESIAN_POINT('',(0.00007651922,-0.0005326352,0.000025));
#9064=CARTESIAN_POINT('',(0.000275,-0.00125,0.000025));
#9065=CARTESIAN_POINT('',(0.000475,-0.00125,0.000025));
#9066=CARTESIAN_POINT('',(0.000475,-0.00055,0.000025));
#9067=CARTESIAN_POINT('',(0.000675,-0.00055,0.000025));
#9068=CARTESIAN_POINT('',(0.0006734808,-0.0005326352,0.000025));
#9069=CARTESIAN_POINT('',(0.0006689692,-0.000515798,0.000025));
#9070=CARTESIAN_POINT('',(0.0006616025,-0.0005,0.000025));
#9071=CARTESIAN_POINT('',(0.0006516044,-0.0004857212,0.000025));
#9072=CARTESIAN_POINT('',(0.0006392787,-0.0004733955,0.000025));
#9073=CARTESIAN_POINT('',(0.000625,-0.0004633974,0.000025));
#9074=CARTESIAN_POINT('',(0.000609202,-0.0004560307,0.000025));
#9075=CARTESIAN_POINT('',(0.0005923648,-0.0004515192,0.000025));
#9076=CARTESIAN_POINT('',(0.000575,-0.00045,0.000025));
#9077=CARTESIAN_POINT('',(0.0005576352,-0.0004515192,0.000025));
#9078=CARTESIAN_POINT('',(0.000540798,-0.0004560307,0.000025));
#9079=CARTESIAN_POINT('',(0.000525,-0.0004633974,0.000025));
#9080=CARTESIAN_POINT('',(0.0005107212,-0.0004733955,0.000025));
#9081=CARTESIAN_POINT('',(0.0004983955,-0.0004857212,0.000025));
#9082=CARTESIAN_POINT('',(0.0004883974,-0.0005,0.000025));
#9083=CARTESIAN_POINT('',(0.0004810307,-0.000515798,0.000025));
#9084=CARTESIAN_POINT('',(0.0004765192,-0.0005326352,0.000025));
#9085=CARTESIAN_POINT('',(0.000675,-0.00125,0.000025));
#9086=CARTESIAN_POINT('',(0.000875,-0.00125,0.000025));
#9087=CARTESIAN_POINT('',(0.000875,-0.00075,0.000025));
#9088=CARTESIAN_POINT('',(0.0015,-0.00075,0.000025));
#9089=CARTESIAN_POINT('',(0.0015,-0.000506515,0.000025));
#9090=CARTESIAN_POINT('',(0.0012,-0.000506515,0.000025));
#9091=CARTESIAN_POINT('',(0.0012,-0.000306515,0.000025));
#9092=CARTESIAN_POINT('',(0.001182635,-0.0003080342,0.000025));
#9093=CARTESIAN_POINT('',(0.001165798,-0.0003125457,0.000025));
#9094=CARTESIAN_POINT('',(0.00115,-0.0003199124,0.000025));
#9095=CARTESIAN_POINT('',(0.001135721,-0.0003299105,0.000025));
#9096=CARTESIAN_POINT('',(0.001123396,-0.0003422362,0.000025));
#9097=CARTESIAN_POINT('',(0.001113397,-0.000356515,0.000025));
#9098=CARTESIAN_POINT('',(0.001106031,-0.000372313,0.000025));
#9099=CARTESIAN_POINT('',(0.001101519,-0.0003891502,0.000025));
#9100=CARTESIAN_POINT('',(0.0011,-0.000406515,0.000025));
#9101=CARTESIAN_POINT('',(0.001101519,-0.0004238798,0.000025));
#9102=CARTESIAN_POINT('',(0.001106031,-0.000440717,0.000025));
#9103=CARTESIAN_POINT('',(0.001113397,-0.000456515,0.000025));
#9104=CARTESIAN_POINT('',(0.001123396,-0.0004707937,0.000025));
#9105=CARTESIAN_POINT('',(0.001135721,-0.0004831195,0.000025));
#9106=CARTESIAN_POINT('',(0.00115,-0.0004931175,0.000025));
#9107=CARTESIAN_POINT('',(0.001165798,-0.0005004843,0.000025));
#9108=CARTESIAN_POINT('',(0.001182635,-0.0005049958,0.000025));
#9109=CARTESIAN_POINT('',(0.0015,-0.000306515,0.000025));
#9110=CARTESIAN_POINT('',(0.0015,-0.000106515,0.000025));
#9111=CARTESIAN_POINT('',(0.0012,-0.000106515,0.000025));
#9112=CARTESIAN_POINT('',(0.0012,0.000093485,0.000025));
#9113=CARTESIAN_POINT('',(0.001182635,0.00009196578,0.000025));
#9114=CARTESIAN_POINT('',(0.001165798,0.00008745426,0.000025));
#9115=CARTESIAN_POINT('',(0.00115,0.00008008754,0.000025));
#9116=CARTESIAN_POINT('',(0.001135721,0.00007008945,0.000025));
#9117=CARTESIAN_POINT('',(0.001123396,0.00005776376,0.000025));
#9118=CARTESIAN_POINT('',(0.001113397,0.000043485,0.000025));
#9119=CARTESIAN_POINT('',(0.001106031,0.00002768701,0.000025));
#9120=CARTESIAN_POINT('',(0.001101519,0.00001084982,0.000025));
#9121=CARTESIAN_POINT('',(0.0011,-0.000006515,0.000025));
#9122=CARTESIAN_POINT('',(0.001101519,-0.00002387982,0.000025));
#9123=CARTESIAN_POINT('',(0.001106031,-0.00004071702,0.000025));
#9124=CARTESIAN_POINT('',(0.001113397,-0.000056515,0.000025));
#9125=CARTESIAN_POINT('',(0.001123396,-0.00007079376,0.000025));
#9126=CARTESIAN_POINT('',(0.001135721,-0.00008311944,0.000025));
#9127=CARTESIAN_POINT('',(0.00115,-0.00009311754,0.000025));
#9128=CARTESIAN_POINT('',(0.001165798,-0.0001004843,0.000025));
#9129=CARTESIAN_POINT('',(0.001182635,-0.0001049958,0.000025));
#9130=CARTESIAN_POINT('',(0.0015,0.000093485,0.000025));
#9131=CARTESIAN_POINT('',(0.0015,0.000293485,0.000025));
#9132=CARTESIAN_POINT('',(0.0012,0.000293485,0.000025));
#9133=CARTESIAN_POINT('',(0.0012,0.000493485,0.000025));
#9134=CARTESIAN_POINT('',(0.001182635,0.0004919658,0.000025));
#9135=CARTESIAN_POINT('',(0.001165798,0.0004874543,0.000025));
#9136=CARTESIAN_POINT('',(0.00115,0.0004800875,0.000025));
#9137=CARTESIAN_POINT('',(0.001135721,0.0004700894,0.000025));
#9138=CARTESIAN_POINT('',(0.001123396,0.0004577638,0.000025));
#9139=CARTESIAN_POINT('',(0.001113397,0.000443485,0.000025));
#9140=CARTESIAN_POINT('',(0.001106031,0.000427687,0.000025));
#9141=CARTESIAN_POINT('',(0.001101519,0.0004108498,0.000025));
#9142=CARTESIAN_POINT('',(0.0011,0.000393485,0.000025));
#9143=CARTESIAN_POINT('',(0.001101519,0.0003761202,0.000025));
#9144=CARTESIAN_POINT('',(0.001106031,0.000359283,0.000025));
#9145=CARTESIAN_POINT('',(0.001113397,0.000343485,0.000025));
#9146=CARTESIAN_POINT('',(0.001123396,0.0003292062,0.000025));
#9147=CARTESIAN_POINT('',(0.001135721,0.0003168806,0.000025));
#9148=CARTESIAN_POINT('',(0.00115,0.0003068825,0.000025));
#9149=CARTESIAN_POINT('',(0.001165798,0.0002995157,0.000025));
#9150=CARTESIAN_POINT('',(0.001182635,0.0002950042,0.000025));
#9151=CARTESIAN_POINT('',(0.0015,0.000493485,0.000025));
#9152=CARTESIAN_POINT('',(0.0015,0.00075,0.000025));
#9153=CARTESIAN_POINT('',(0.000875,0.00075,0.000025));
#9154=CARTESIAN_POINT('',(0.000875,0.00125,0.000025));
#9155=CARTESIAN_POINT('',(0.000675,0.00125,0.000025));
#9156=CARTESIAN_POINT('',(0.000675,0.00055,0.000025));
#9157=CARTESIAN_POINT('',(0.000475,0.00055,0.000025));
#9158=CARTESIAN_POINT('',(0.0004765192,0.0005326352,0.000025));
#9159=CARTESIAN_POINT('',(0.0004810307,0.000515798,0.000025));
#9160=CARTESIAN_POINT('',(0.0004883974,0.0005,0.000025));
#9161=CARTESIAN_POINT('',(0.0004983955,0.0004857212,0.000025));
#9162=CARTESIAN_POINT('',(0.0005107212,0.0004733955,0.000025));
#9163=CARTESIAN_POINT('',(0.000525,0.0004633974,0.000025));
#9164=CARTESIAN_POINT('',(0.000540798,0.0004560307,0.000025));
#9165=CARTESIAN_POINT('',(0.0005576352,0.0004515192,0.000025));
#9166=CARTESIAN_POINT('',(0.000575,0.00045,0.000025));
#9167=CARTESIAN_POINT('',(0.0005923648,0.0004515192,0.000025));
#9168=CARTESIAN_POINT('',(0.000609202,0.0004560307,0.000025));
#9169=CARTESIAN_POINT('',(0.000625,0.0004633974,0.000025));
#9170=CARTESIAN_POINT('',(0.0006392787,0.0004733955,0.000025));
#9171=CARTESIAN_POINT('',(0.0006516044,0.0004857212,0.000025));
#9172=CARTESIAN_POINT('',(0.0006616025,0.0005,0.000025));
#9173=CARTESIAN_POINT('',(0.0006689692,0.000515798,0.000025));
#9174=CARTESIAN_POINT('',(0.0006734808,0.0005326352,0.000025));
#9175=CARTESIAN_POINT('',(0.000475,0.00125,0.000025));
#9176=CARTESIAN_POINT('',(0.000275,0.00125,0.000025));
#9177=CARTESIAN_POINT('',(0.000275,0.00055,0.000025));
#9178=CARTESIAN_POINT('',(0.000075,0.00055,0.000025));
#9179=CARTESIAN_POINT('',(0.00007651922,0.0005326352,0.000025));
#9180=CARTESIAN_POINT('',(0.00008103074,0.000515798,0.000025));
#9181=CARTESIAN_POINT('',(0.00008839746,0.0005,0.000025));
#9182=CARTESIAN_POINT('',(0.00009839555,0.0004857212,0.000025));
#9183=CARTESIAN_POINT('',(0.0001107212,0.0004733955,0.000025));
#9184=CARTESIAN_POINT('',(0.000125,0.0004633974,0.000025));
#9185=CARTESIAN_POINT('',(0.000140798,0.0004560307,0.000025));
#9186=CARTESIAN_POINT('',(0.0001576352,0.0004515192,0.000025));
#9187=CARTESIAN_POINT('',(0.000175,0.00045,0.000025));
#9188=CARTESIAN_POINT('',(0.0001923648,0.0004515192,0.000025));
#9189=CARTESIAN_POINT('',(0.000209202,0.0004560307,0.000025));
#9190=CARTESIAN_POINT('',(0.000225,0.0004633974,0.000025));
#9191=CARTESIAN_POINT('',(0.0002392788,0.0004733955,0.000025));
#9192=CARTESIAN_POINT('',(0.0002516044,0.0004857212,0.000025));
#9193=CARTESIAN_POINT('',(0.0002616025,0.0005,0.000025));
#9194=CARTESIAN_POINT('',(0.0002689692,0.000515798,0.000025));
#9195=CARTESIAN_POINT('',(0.0002734808,0.0005326352,0.000025));
#9196=CARTESIAN_POINT('',(0.000075,0.00125,0.000025));
#9197=CARTESIAN_POINT('',(-0.000125,0.00125,0.000025));
#9198=CARTESIAN_POINT('',(-0.000125,0.00055,0.000025));
#9199=CARTESIAN_POINT('',(-0.000325,0.00055,0.000025));
#9200=CARTESIAN_POINT('',(-0.0003234808,0.0005326352,0.000025));
#9201=CARTESIAN_POINT('',(-0.0003189693,0.000515798,0.000025));
#9202=CARTESIAN_POINT('',(-0.0003116025,0.0005,0.000025));
#9203=CARTESIAN_POINT('',(-0.0003016045,0.0004857212,0.000025));
#9204=CARTESIAN_POINT('',(-0.0002892788,0.0004733955,0.000025));
#9205=CARTESIAN_POINT('',(-0.000275,0.0004633974,0.000025));
#9206=CARTESIAN_POINT('',(-0.000259202,0.0004560307,0.000025));
#9207=CARTESIAN_POINT('',(-0.0002423648,0.0004515192,0.000025));
#9208=CARTESIAN_POINT('',(-0.000225,0.00045,0.000025));
#9209=CARTESIAN_POINT('',(-0.0002076352,0.0004515192,0.000025));
#9210=CARTESIAN_POINT('',(-0.000190798,0.0004560307,0.000025));
#9211=CARTESIAN_POINT('',(-0.000175,0.0004633974,0.000025));
#9212=CARTESIAN_POINT('',(-0.0001607212,0.0004733955,0.000025));
#9213=CARTESIAN_POINT('',(-0.0001483956,0.0004857212,0.000025));
#9214=CARTESIAN_POINT('',(-0.0001383975,0.0005,0.000025));
#9215=CARTESIAN_POINT('',(-0.0001310307,0.000515798,0.000025));
#9216=CARTESIAN_POINT('',(-0.0001265192,0.0005326352,0.000025));
#9217=CARTESIAN_POINT('',(-0.000325,0.00125,0.000025));
#9218=CARTESIAN_POINT('',(-0.000525,0.00125,0.000025));
#9219=CARTESIAN_POINT('',(-0.000525,0.000931145,0.000025));
#9220=CARTESIAN_POINT('',(-0.000725,0.000931145,0.000025));
#9221=CARTESIAN_POINT('',(-0.0007234808,0.0009137802,0.000025));
#9222=CARTESIAN_POINT('',(-0.0007189693,0.000896943,0.000025));
#9223=CARTESIAN_POINT('',(-0.0007116026,0.000881145,0.000025));
#9224=CARTESIAN_POINT('',(-0.0007016045,0.0008668663,0.000025));
#9225=CARTESIAN_POINT('',(-0.0006892788,0.0008545406,0.000025));
#9226=CARTESIAN_POINT('',(-0.000675,0.0008445425,0.000025));
#9227=CARTESIAN_POINT('',(-0.000659202,0.0008371758,0.000025));
#9228=CARTESIAN_POINT('',(-0.0006423648,0.0008326642,0.000025));
#9229=CARTESIAN_POINT('',(-0.000625,0.000831145,0.000025));
#9230=CARTESIAN_POINT('',(-0.0006076352,0.0008326642,0.000025));
#9231=CARTESIAN_POINT('',(-0.000590798,0.0008371758,0.000025));
#9232=CARTESIAN_POINT('',(-0.000575,0.0008445425,0.000025));
#9233=CARTESIAN_POINT('',(-0.0005607213,0.0008545406,0.000025));
#9234=CARTESIAN_POINT('',(-0.0005483956,0.0008668663,0.000025));
#9235=CARTESIAN_POINT('',(-0.0005383975,0.000881145,0.000025));
#9236=CARTESIAN_POINT('',(-0.0005310308,0.000896943,0.000025));
#9237=CARTESIAN_POINT('',(-0.0005265192,0.0009137802,0.000025));
#9238=CARTESIAN_POINT('',(-0.000725,0.00125,0.000025));
#9239=CARTESIAN_POINT('',(-0.000925,0.00125,0.000025));
#9240=CARTESIAN_POINT('',(-0.000925,0.0009,0.000025));
#9241=DIRECTION('',(0.,0.,-1.));
#9546=AXIS2_PLACEMENT_3D('',#8980,#9241,$);
#9851=PLANE('',#9546);
#10156=POLY_LOOP('',(#8980,#8999,#8998));
#10461=FACE_OUTER_BOUND('',#10156,.T.);
#10766=FACE_SURFACE('',(#10461),#9851,.T.);
#9242=DIRECTION('',(0.,0.,-1.));
#9547=AXIS2_PLACEMENT_3D('',#9000,#9242,$);
#9852=PLANE('',#9547);
#10157=POLY_LOOP('',(#9000,#8999,#8980));
#10462=FACE_OUTER_BOUND('',#10157,.T.);
#10767=FACE_SURFACE('',(#10462),#9852,.T.);
#9243=DIRECTION('',(0.,0.,-1.));
#9548=AXIS2_PLACEMENT_3D('',#9003,#9243,$);
#9853=PLANE('',#9548);
#10158=POLY_LOOP('',(#9003,#9001,#9000));
#10463=FACE_OUTER_BOUND('',#10158,.T.);
#10768=FACE_SURFACE('',(#10463),#9853,.T.);
#9244=DIRECTION('',(0.,0.,-1.));
#9549=AXIS2_PLACEMENT_3D('',#9003,#9244,$);
#9854=PLANE('',#9549);
#10159=POLY_LOOP('',(#9003,#9002,#9001));
#10464=FACE_OUTER_BOUND('',#10159,.T.);
#10769=FACE_SURFACE('',(#10464),#9854,.T.);
#9245=DIRECTION('',(0.,0.,-1.));
#9550=AXIS2_PLACEMENT_3D('',#8981,#9245,$);
#9855=PLANE('',#9550);
#10160=POLY_LOOP('',(#8981,#9000,#8980));
#10465=FACE_OUTER_BOUND('',#10160,.T.);
#10770=FACE_SURFACE('',(#10465),#9855,.T.);
#9246=DIRECTION('',(0.,0.,-1.));
#9551=AXIS2_PLACEMENT_3D('',#9021,#9246,$);
#9856=PLANE('',#9551);
#10161=POLY_LOOP('',(#9021,#9003,#9000));
#10466=FACE_OUTER_BOUND('',#10161,.T.);
#10771=FACE_SURFACE('',(#10466),#9856,.T.);
#9247=DIRECTION('',(0.,0.,-1.));
#9552=AXIS2_PLACEMENT_3D('',#8982,#9247,$);
#9857=PLANE('',#9552);
#10162=POLY_LOOP('',(#8982,#9000,#8981));
#10467=FACE_OUTER_BOUND('',#10162,.T.);
#10772=FACE_SURFACE('',(#10467),#9857,.T.);
#9248=DIRECTION('',(0.,0.,-1.));
#9553=AXIS2_PLACEMENT_3D('',#9020,#9248,$);
#9858=PLANE('',#9553);
#10163=POLY_LOOP('',(#9020,#9021,#9000));
#10468=FACE_OUTER_BOUND('',#10163,.T.);
#10773=FACE_SURFACE('',(#10468),#9858,.T.);
#9249=DIRECTION('',(0.,0.,-1.));
#9554=AXIS2_PLACEMENT_3D('',#8983,#9249,$);
#9859=PLANE('',#9554);
#10164=POLY_LOOP('',(#8983,#9000,#8982));
#10469=FACE_OUTER_BOUND('',#10164,.T.);
#10774=FACE_SURFACE('',(#10469),#9859,.T.);
#9250=DIRECTION('',(0.,0.,-1.));
#9555=AXIS2_PLACEMENT_3D('',#9019,#9250,$);
#9860=PLANE('',#9555);
#10165=POLY_LOOP('',(#9019,#9020,#9000));
#10470=FACE_OUTER_BOUND('',#10165,.T.);
#10775=FACE_SURFACE('',(#10470),#9860,.T.);
#9251=DIRECTION('',(0.,0.,-1.));
#9556=AXIS2_PLACEMENT_3D('',#8984,#9251,$);
#9861=PLANE('',#9556);
#10166=POLY_LOOP('',(#8984,#9000,#8983));
#10471=FACE_OUTER_BOUND('',#10166,.T.);
#10776=FACE_SURFACE('',(#10471),#9861,.T.);
#9252=DIRECTION('',(0.,0.,-1.));
#9557=AXIS2_PLACEMENT_3D('',#9018,#9252,$);
#9862=PLANE('',#9557);
#10167=POLY_LOOP('',(#9018,#9019,#9000));
#10472=FACE_OUTER_BOUND('',#10167,.T.);
#10777=FACE_SURFACE('',(#10472),#9862,.T.);
#9253=DIRECTION('',(0.,0.,-1.));
#9558=AXIS2_PLACEMENT_3D('',#8985,#9253,$);
#9863=PLANE('',#9558);
#10168=POLY_LOOP('',(#8985,#9000,#8984));
#10473=FACE_OUTER_BOUND('',#10168,.T.);
#10778=FACE_SURFACE('',(#10473),#9863,.T.);
#9254=DIRECTION('',(0.,0.,-1.));
#9559=AXIS2_PLACEMENT_3D('',#9017,#9254,$);
#9864=PLANE('',#9559);
#10169=POLY_LOOP('',(#9017,#9018,#9000));
#10474=FACE_OUTER_BOUND('',#10169,.T.);
#10779=FACE_SURFACE('',(#10474),#9864,.T.);
#9255=DIRECTION('',(0.,0.,-1.));
#9560=AXIS2_PLACEMENT_3D('',#8986,#9255,$);
#9865=PLANE('',#9560);
#10170=POLY_LOOP('',(#8986,#9000,#8985));
#10475=FACE_OUTER_BOUND('',#10170,.T.);
#10780=FACE_SURFACE('',(#10475),#9865,.T.);
#9256=DIRECTION('',(0.,0.,-1.));
#9561=AXIS2_PLACEMENT_3D('',#9016,#9256,$);
#9866=PLANE('',#9561);
#10171=POLY_LOOP('',(#9016,#9017,#9000));
#10476=FACE_OUTER_BOUND('',#10171,.T.);
#10781=FACE_SURFACE('',(#10476),#9866,.T.);
#9257=DIRECTION('',(0.,0.,-1.));
#9562=AXIS2_PLACEMENT_3D('',#8987,#9257,$);
#9867=PLANE('',#9562);
#10172=POLY_LOOP('',(#8987,#9000,#8986));
#10477=FACE_OUTER_BOUND('',#10172,.T.);
#10782=FACE_SURFACE('',(#10477),#9867,.T.);
#9258=DIRECTION('',(0.,0.,-1.));
#9563=AXIS2_PLACEMENT_3D('',#9015,#9258,$);
#9868=PLANE('',#9563);
#10173=POLY_LOOP('',(#9015,#9016,#9000));
#10478=FACE_OUTER_BOUND('',#10173,.T.);
#10783=FACE_SURFACE('',(#10478),#9868,.T.);
#9259=DIRECTION('',(0.,0.,-1.));
#9564=AXIS2_PLACEMENT_3D('',#8988,#9259,$);
#9869=PLANE('',#9564);
#10174=POLY_LOOP('',(#8988,#9000,#8987));
#10479=FACE_OUTER_BOUND('',#10174,.T.);
#10784=FACE_SURFACE('',(#10479),#9869,.T.);
#9260=DIRECTION('',(0.,0.,-1.));
#9565=AXIS2_PLACEMENT_3D('',#9014,#9260,$);
#9870=PLANE('',#9565);
#10175=POLY_LOOP('',(#9014,#9015,#9000));
#10480=FACE_OUTER_BOUND('',#10175,.T.);
#10785=FACE_SURFACE('',(#10480),#9870,.T.);
#9261=DIRECTION('',(0.,0.,-1.));
#9566=AXIS2_PLACEMENT_3D('',#8989,#9261,$);
#9871=PLANE('',#9566);
#10176=POLY_LOOP('',(#8989,#9000,#8988));
#10481=FACE_OUTER_BOUND('',#10176,.T.);
#10786=FACE_SURFACE('',(#10481),#9871,.T.);
#9262=DIRECTION('',(0.,0.,-1.));
#9567=AXIS2_PLACEMENT_3D('',#9013,#9262,$);
#9872=PLANE('',#9567);
#10177=POLY_LOOP('',(#9013,#9014,#9000));
#10482=FACE_OUTER_BOUND('',#10177,.T.);
#10787=FACE_SURFACE('',(#10482),#9872,.T.);
#9263=DIRECTION('',(0.,0.,-1.));
#9568=AXIS2_PLACEMENT_3D('',#9013,#9263,$);
#9873=PLANE('',#9568);
#10178=POLY_LOOP('',(#9013,#9000,#8989));
#10483=FACE_OUTER_BOUND('',#10178,.T.);
#10788=FACE_SURFACE('',(#10483),#9873,.T.);
#9264=DIRECTION('',(0.,0.,-1.));
#9569=AXIS2_PLACEMENT_3D('',#9004,#9264,$);
#9874=PLANE('',#9569);
#10179=POLY_LOOP('',(#9004,#9023,#9022));
#10484=FACE_OUTER_BOUND('',#10179,.T.);
#10789=FACE_SURFACE('',(#10484),#9874,.T.);
#9265=DIRECTION('',(0.,0.,-1.));
#9570=AXIS2_PLACEMENT_3D('',#8990,#9265,$);
#9875=PLANE('',#9570);
#10180=POLY_LOOP('',(#8990,#9013,#8989));
#10485=FACE_OUTER_BOUND('',#10180,.T.);
#10790=FACE_SURFACE('',(#10485),#9875,.T.);
#9266=DIRECTION('',(0.,0.,-1.));
#9571=AXIS2_PLACEMENT_3D('',#9012,#9266,$);
#9876=PLANE('',#9571);
#10181=POLY_LOOP('',(#9012,#9013,#8990));
#10486=FACE_OUTER_BOUND('',#10181,.T.);
#10791=FACE_SURFACE('',(#10486),#9876,.T.);
#9267=DIRECTION('',(0.,0.,-1.));
#9572=AXIS2_PLACEMENT_3D('',#8959,#9267,$);
#9877=PLANE('',#9572);
#10182=POLY_LOOP('',(#8959,#8978,#8977));
#10487=FACE_OUTER_BOUND('',#10182,.T.);
#10792=FACE_SURFACE('',(#10487),#9877,.T.);
#9268=DIRECTION('',(0.,0.,-1.));
#9573=AXIS2_PLACEMENT_3D('',#8959,#9268,$);
#9878=PLANE('',#9573);
#10183=POLY_LOOP('',(#8959,#8979,#8978));
#10488=FACE_OUTER_BOUND('',#10183,.T.);
#10793=FACE_SURFACE('',(#10488),#9878,.T.);
#9269=DIRECTION('',(0.,0.,-1.));
#9574=AXIS2_PLACEMENT_3D('',#9024,#9269,$);
#9879=PLANE('',#9574);
#10184=POLY_LOOP('',(#9024,#9023,#9004));
#10489=FACE_OUTER_BOUND('',#10184,.T.);
#10794=FACE_SURFACE('',(#10489),#9879,.T.);
#9270=DIRECTION('',(0.,0.,-1.));
#9575=AXIS2_PLACEMENT_3D('',#8960,#9270,$);
#9880=PLANE('',#9575);
#10185=POLY_LOOP('',(#8960,#8979,#8959));
#10490=FACE_OUTER_BOUND('',#10185,.T.);
#10795=FACE_SURFACE('',(#10490),#9880,.T.);
#9271=DIRECTION('',(0.,0.,-1.));
#9576=AXIS2_PLACEMENT_3D('',#8960,#9271,$);
#9881=PLANE('',#9576);
#10186=POLY_LOOP('',(#8960,#8997,#8979));
#10491=FACE_OUTER_BOUND('',#10186,.T.);
#10796=FACE_SURFACE('',(#10491),#9881,.T.);
#9272=DIRECTION('',(0.,0.,-1.));
#9577=AXIS2_PLACEMENT_3D('',#9042,#9272,$);
#9882=PLANE('',#9577);
#10187=POLY_LOOP('',(#9042,#9024,#9004));
#10492=FACE_OUTER_BOUND('',#10187,.T.);
#10797=FACE_SURFACE('',(#10492),#9882,.T.);
#9273=DIRECTION('',(0.,0.,-1.));
#9578=AXIS2_PLACEMENT_3D('',#9042,#9273,$);
#9883=PLANE('',#9578);
#10188=POLY_LOOP('',(#9042,#9004,#9005));
#10493=FACE_OUTER_BOUND('',#10188,.T.);
#10798=FACE_SURFACE('',(#10493),#9883,.T.);
#9274=DIRECTION('',(0.,0.,-1.));
#9579=AXIS2_PLACEMENT_3D('',#8961,#9274,$);
#9884=PLANE('',#9579);
#10189=POLY_LOOP('',(#8961,#8997,#8960));
#10494=FACE_OUTER_BOUND('',#10189,.T.);
#10799=FACE_SURFACE('',(#10494),#9884,.T.);
#9275=DIRECTION('',(0.,0.,-1.));
#9580=AXIS2_PLACEMENT_3D('',#8961,#9275,$);
#9885=PLANE('',#9580);
#10190=POLY_LOOP('',(#8961,#8996,#8997));
#10495=FACE_OUTER_BOUND('',#10190,.T.);
#10800=FACE_SURFACE('',(#10495),#9885,.T.);
#9276=DIRECTION('',(0.,0.,-1.));
#9581=AXIS2_PLACEMENT_3D('',#9041,#9276,$);
#9886=PLANE('',#9581);
#10191=POLY_LOOP('',(#9041,#9042,#9005));
#10496=FACE_OUTER_BOUND('',#10191,.T.);
#10801=FACE_SURFACE('',(#10496),#9886,.T.);
#9277=DIRECTION('',(0.,0.,-1.));
#9582=AXIS2_PLACEMENT_3D('',#9041,#9277,$);
#9887=PLANE('',#9582);
#10192=POLY_LOOP('',(#9041,#9005,#9006));
#10497=FACE_OUTER_BOUND('',#10192,.T.);
#10802=FACE_SURFACE('',(#10497),#9887,.T.);
#9278=DIRECTION('',(0.,0.,-1.));
#9583=AXIS2_PLACEMENT_3D('',#8962,#9278,$);
#9888=PLANE('',#9583);
#10193=POLY_LOOP('',(#8962,#8996,#8961));
#10498=FACE_OUTER_BOUND('',#10193,.T.);
#10803=FACE_SURFACE('',(#10498),#9888,.T.);
#9279=DIRECTION('',(0.,0.,-1.));
#9584=AXIS2_PLACEMENT_3D('',#8962,#9279,$);
#9889=PLANE('',#9584);
#10194=POLY_LOOP('',(#8962,#8995,#8996));
#10499=FACE_OUTER_BOUND('',#10194,.T.);
#10804=FACE_SURFACE('',(#10499),#9889,.T.);
#9280=DIRECTION('',(0.,0.,-1.));
#9585=AXIS2_PLACEMENT_3D('',#9040,#9280,$);
#9890=PLANE('',#9585);
#10195=POLY_LOOP('',(#9040,#9006,#9007));
#10500=FACE_OUTER_BOUND('',#10195,.T.);
#10805=FACE_SURFACE('',(#10500),#9890,.T.);
#9281=DIRECTION('',(0.,0.,-1.));
#9586=AXIS2_PLACEMENT_3D('',#9040,#9281,$);
#9891=PLANE('',#9586);
#10196=POLY_LOOP('',(#9040,#9041,#9006));
#10501=FACE_OUTER_BOUND('',#10196,.T.);
#10806=FACE_SURFACE('',(#10501),#9891,.T.);
#9282=DIRECTION('',(0.,0.,-1.));
#9587=AXIS2_PLACEMENT_3D('',#8963,#9282,$);
#9892=PLANE('',#9587);
#10197=POLY_LOOP('',(#8963,#8995,#8962));
#10502=FACE_OUTER_BOUND('',#10197,.T.);
#10807=FACE_SURFACE('',(#10502),#9892,.T.);
#9283=DIRECTION('',(0.,0.,-1.));
#9588=AXIS2_PLACEMENT_3D('',#8963,#9283,$);
#9893=PLANE('',#9588);
#10198=POLY_LOOP('',(#8963,#8994,#8995));
#10503=FACE_OUTER_BOUND('',#10198,.T.);
#10808=FACE_SURFACE('',(#10503),#9893,.T.);
#9284=DIRECTION('',(0.,0.,-1.));
#9589=AXIS2_PLACEMENT_3D('',#9039,#9284,$);
#9894=PLANE('',#9589);
#10199=POLY_LOOP('',(#9039,#9007,#9008));
#10504=FACE_OUTER_BOUND('',#10199,.T.);
#10809=FACE_SURFACE('',(#10504),#9894,.T.);
#9285=DIRECTION('',(0.,0.,-1.));
#9590=AXIS2_PLACEMENT_3D('',#9039,#9285,$);
#9895=PLANE('',#9590);
#10200=POLY_LOOP('',(#9039,#9008,#9009));
#10505=FACE_OUTER_BOUND('',#10200,.T.);
#10810=FACE_SURFACE('',(#10505),#9895,.T.);
#9286=DIRECTION('',(0.,0.,-1.));
#9591=AXIS2_PLACEMENT_3D('',#9039,#9286,$);
#9896=PLANE('',#9591);
#10201=POLY_LOOP('',(#9039,#9040,#9007));
#10506=FACE_OUTER_BOUND('',#10201,.T.);
#10811=FACE_SURFACE('',(#10506),#9896,.T.);
#9287=DIRECTION('',(0.,0.,-1.));
#9592=AXIS2_PLACEMENT_3D('',#8964,#9287,$);
#9897=PLANE('',#9592);
#10202=POLY_LOOP('',(#8964,#8994,#8963));
#10507=FACE_OUTER_BOUND('',#10202,.T.);
#10812=FACE_SURFACE('',(#10507),#9897,.T.);
#9288=DIRECTION('',(0.,0.,-1.));
#9593=AXIS2_PLACEMENT_3D('',#8964,#9288,$);
#9898=PLANE('',#9593);
#10203=POLY_LOOP('',(#8964,#8993,#8994));
#10508=FACE_OUTER_BOUND('',#10203,.T.);
#10813=FACE_SURFACE('',(#10508),#9898,.T.);
#9289=DIRECTION('',(0.,0.,-1.));
#9594=AXIS2_PLACEMENT_3D('',#9038,#9289,$);
#9899=PLANE('',#9594);
#10204=POLY_LOOP('',(#9038,#9039,#9009));
#10509=FACE_OUTER_BOUND('',#10204,.T.);
#10814=FACE_SURFACE('',(#10509),#9899,.T.);
#9290=DIRECTION('',(0.,0.,-1.));
#9595=AXIS2_PLACEMENT_3D('',#8965,#9290,$);
#9900=PLANE('',#9595);
#10205=POLY_LOOP('',(#8965,#8993,#8964));
#10510=FACE_OUTER_BOUND('',#10205,.T.);
#10815=FACE_SURFACE('',(#10510),#9900,.T.);
#9291=DIRECTION('',(0.,0.,-1.));
#9596=AXIS2_PLACEMENT_3D('',#8965,#9291,$);
#9901=PLANE('',#9596);
#10206=POLY_LOOP('',(#8965,#8992,#8993));
#10511=FACE_OUTER_BOUND('',#10206,.T.);
#10816=FACE_SURFACE('',(#10511),#9901,.T.);
#9292=DIRECTION('',(0.,0.,-1.));
#9597=AXIS2_PLACEMENT_3D('',#9037,#9292,$);
#9902=PLANE('',#9597);
#10207=POLY_LOOP('',(#9037,#9038,#9009));
#10512=FACE_OUTER_BOUND('',#10207,.T.);
#10817=FACE_SURFACE('',(#10512),#9902,.T.);
#9293=DIRECTION('',(0.,0.,-1.));
#9598=AXIS2_PLACEMENT_3D('',#9037,#9293,$);
#9903=PLANE('',#9598);
#10208=POLY_LOOP('',(#9037,#9009,#9010));
#10513=FACE_OUTER_BOUND('',#10208,.T.);
#10818=FACE_SURFACE('',(#10513),#9903,.T.);
#9294=DIRECTION('',(0.,0.,-1.));
#9599=AXIS2_PLACEMENT_3D('',#8966,#9294,$);
#9904=PLANE('',#9599);
#10209=POLY_LOOP('',(#8966,#8991,#8992));
#10514=FACE_OUTER_BOUND('',#10209,.T.);
#10819=FACE_SURFACE('',(#10514),#9904,.T.);
#9295=DIRECTION('',(0.,0.,-1.));
#9600=AXIS2_PLACEMENT_3D('',#8966,#9295,$);
#9905=PLANE('',#9600);
#10210=POLY_LOOP('',(#8966,#8992,#8965));
#10515=FACE_OUTER_BOUND('',#10210,.T.);
#10820=FACE_SURFACE('',(#10515),#9905,.T.);
#9296=DIRECTION('',(0.,0.,-1.));
#9601=AXIS2_PLACEMENT_3D('',#9036,#9296,$);
#9906=PLANE('',#9601);
#10211=POLY_LOOP('',(#9036,#9037,#9010));
#10516=FACE_OUTER_BOUND('',#10211,.T.);
#10821=FACE_SURFACE('',(#10516),#9906,.T.);
#9297=DIRECTION('',(0.,0.,-1.));
#9602=AXIS2_PLACEMENT_3D('',#9036,#9297,$);
#9907=PLANE('',#9602);
#10212=POLY_LOOP('',(#9036,#9010,#9011));
#10517=FACE_OUTER_BOUND('',#10212,.T.);
#10822=FACE_SURFACE('',(#10517),#9907,.T.);
#9298=DIRECTION('',(0.,0.,-1.));
#9603=AXIS2_PLACEMENT_3D('',#9025,#9298,$);
#9908=PLANE('',#9603);
#10213=POLY_LOOP('',(#9025,#9044,#9043));
#10518=FACE_OUTER_BOUND('',#10213,.T.);
#10823=FACE_SURFACE('',(#10518),#9908,.T.);
#9299=DIRECTION('',(0.,0.,-1.));
#9604=AXIS2_PLACEMENT_3D('',#8938,#9299,$);
#9909=PLANE('',#9604);
#10214=POLY_LOOP('',(#8938,#8957,#8956));
#10519=FACE_OUTER_BOUND('',#10214,.T.);
#10824=FACE_SURFACE('',(#10519),#9909,.T.);
#9300=DIRECTION('',(0.,0.,-1.));
#9605=AXIS2_PLACEMENT_3D('',#8938,#9300,$);
#9910=PLANE('',#9605);
#10215=POLY_LOOP('',(#8938,#8958,#8957));
#10520=FACE_OUTER_BOUND('',#10215,.T.);
#10825=FACE_SURFACE('',(#10520),#9910,.T.);
#9301=DIRECTION('',(0.,0.,-1.));
#9606=AXIS2_PLACEMENT_3D('',#8938,#9301,$);
#9911=PLANE('',#9606);
#10216=POLY_LOOP('',(#8938,#8976,#8958));
#10521=FACE_OUTER_BOUND('',#10216,.T.);
#10826=FACE_SURFACE('',(#10521),#9911,.T.);
#9302=DIRECTION('',(0.,0.,-1.));
#9607=AXIS2_PLACEMENT_3D('',#8939,#9302,$);
#9912=PLANE('',#9607);
#10217=POLY_LOOP('',(#8939,#8976,#8938));
#10522=FACE_OUTER_BOUND('',#10217,.T.);
#10827=FACE_SURFACE('',(#10522),#9912,.T.);
#9303=DIRECTION('',(0.,0.,-1.));
#9608=AXIS2_PLACEMENT_3D('',#8940,#9303,$);
#9913=PLANE('',#9608);
#10218=POLY_LOOP('',(#8940,#8975,#8976));
#10523=FACE_OUTER_BOUND('',#10218,.T.);
#10828=FACE_SURFACE('',(#10523),#9913,.T.);
#9304=DIRECTION('',(0.,0.,-1.));
#9609=AXIS2_PLACEMENT_3D('',#8940,#9304,$);
#9914=PLANE('',#9609);
#10219=POLY_LOOP('',(#8940,#8976,#8939));
#10524=FACE_OUTER_BOUND('',#10219,.T.);
#10829=FACE_SURFACE('',(#10524),#9914,.T.);
#9305=DIRECTION('',(0.,0.,-1.));
#9610=AXIS2_PLACEMENT_3D('',#8941,#9305,$);
#9915=PLANE('',#9610);
#10220=POLY_LOOP('',(#8941,#8973,#8974));
#10525=FACE_OUTER_BOUND('',#10220,.T.);
#10830=FACE_SURFACE('',(#10525),#9915,.T.);
#9306=DIRECTION('',(0.,0.,-1.));
#9611=AXIS2_PLACEMENT_3D('',#8941,#9306,$);
#9916=PLANE('',#9611);
#10221=POLY_LOOP('',(#8941,#8974,#8975));
#10526=FACE_OUTER_BOUND('',#10221,.T.);
#10831=FACE_SURFACE('',(#10526),#9916,.T.);
#9307=DIRECTION('',(0.,0.,-1.));
#9612=AXIS2_PLACEMENT_3D('',#8941,#9307,$);
#9917=PLANE('',#9612);
#10222=POLY_LOOP('',(#8941,#8975,#8940));
#10527=FACE_OUTER_BOUND('',#10222,.T.);
#10832=FACE_SURFACE('',(#10527),#9917,.T.);
#9308=DIRECTION('',(0.,0.,-1.));
#9613=AXIS2_PLACEMENT_3D('',#8942,#9308,$);
#9918=PLANE('',#9613);
#10223=POLY_LOOP('',(#8942,#8972,#8973));
#10528=FACE_OUTER_BOUND('',#10223,.T.);
#10833=FACE_SURFACE('',(#10528),#9918,.T.);
#9309=DIRECTION('',(0.,0.,-1.));
#9614=AXIS2_PLACEMENT_3D('',#8942,#9309,$);
#9919=PLANE('',#9614);
#10224=POLY_LOOP('',(#8942,#8973,#8941));
#10529=FACE_OUTER_BOUND('',#10224,.T.);
#10834=FACE_SURFACE('',(#10529),#9919,.T.);
#9310=DIRECTION('',(0.,0.,-1.));
#9615=AXIS2_PLACEMENT_3D('',#8943,#9310,$);
#9920=PLANE('',#9615);
#10225=POLY_LOOP('',(#8943,#8972,#8942));
#10530=FACE_OUTER_BOUND('',#10225,.T.);
#10835=FACE_SURFACE('',(#10530),#9920,.T.);
#9311=DIRECTION('',(0.,0.,-1.));
#9616=AXIS2_PLACEMENT_3D('',#8944,#9311,$);
#9921=PLANE('',#9616);
#10226=POLY_LOOP('',(#8944,#8971,#8972));
#10531=FACE_OUTER_BOUND('',#10226,.T.);
#10836=FACE_SURFACE('',(#10531),#9921,.T.);
#9312=DIRECTION('',(0.,0.,-1.));
#9617=AXIS2_PLACEMENT_3D('',#8944,#9312,$);
#9922=PLANE('',#9617);
#10227=POLY_LOOP('',(#8944,#8972,#8943));
#10532=FACE_OUTER_BOUND('',#10227,.T.);
#10837=FACE_SURFACE('',(#10532),#9922,.T.);
#9313=DIRECTION('',(0.,0.,-1.));
#9618=AXIS2_PLACEMENT_3D('',#8945,#9313,$);
#9923=PLANE('',#9618);
#10228=POLY_LOOP('',(#8945,#8970,#8971));
#10533=FACE_OUTER_BOUND('',#10228,.T.);
#10838=FACE_SURFACE('',(#10533),#9923,.T.);
#9314=DIRECTION('',(0.,0.,-1.));
#9619=AXIS2_PLACEMENT_3D('',#8945,#9314,$);
#9924=PLANE('',#9619);
#10229=POLY_LOOP('',(#8945,#8971,#8944));
#10534=FACE_OUTER_BOUND('',#10229,.T.);
#10839=FACE_SURFACE('',(#10534),#9924,.T.);
#9315=DIRECTION('',(0.,0.,-1.));
#9620=AXIS2_PLACEMENT_3D('',#8937,#9315,$);
#9925=PLANE('',#9620);
#10230=POLY_LOOP('',(#8937,#8936,#8934));
#10535=FACE_OUTER_BOUND('',#10230,.T.);
#10840=FACE_SURFACE('',(#10535),#9925,.T.);
#9316=DIRECTION('',(0.,0.,-1.));
#9621=AXIS2_PLACEMENT_3D('',#9045,#9316,$);
#9926=PLANE('',#9621);
#10231=POLY_LOOP('',(#9045,#9026,#9027));
#10536=FACE_OUTER_BOUND('',#10231,.T.);
#10841=FACE_SURFACE('',(#10536),#9926,.T.);
#9317=DIRECTION('',(0.,0.,-1.));
#9622=AXIS2_PLACEMENT_3D('',#9045,#9317,$);
#9927=PLANE('',#9622);
#10232=POLY_LOOP('',(#9045,#9027,#9028));
#10537=FACE_OUTER_BOUND('',#10232,.T.);
#10842=FACE_SURFACE('',(#10537),#9927,.T.);
#9318=DIRECTION('',(0.,0.,-1.));
#9623=AXIS2_PLACEMENT_3D('',#9045,#9318,$);
#9928=PLANE('',#9623);
#10233=POLY_LOOP('',(#9045,#9028,#9029));
#10538=FACE_OUTER_BOUND('',#10233,.T.);
#10843=FACE_SURFACE('',(#10538),#9928,.T.);
#9319=DIRECTION('',(0.,0.,-1.));
#9624=AXIS2_PLACEMENT_3D('',#9045,#9319,$);
#9929=PLANE('',#9624);
#10234=POLY_LOOP('',(#9045,#9029,#9030));
#10539=FACE_OUTER_BOUND('',#10234,.T.);
#10844=FACE_SURFACE('',(#10539),#9929,.T.);
#9320=DIRECTION('',(0.,0.,-1.));
#9625=AXIS2_PLACEMENT_3D('',#9045,#9320,$);
#9930=PLANE('',#9625);
#10235=POLY_LOOP('',(#9045,#9030,#9031));
#10540=FACE_OUTER_BOUND('',#10235,.T.);
#10845=FACE_SURFACE('',(#10540),#9930,.T.);
#9321=DIRECTION('',(0.,0.,-1.));
#9626=AXIS2_PLACEMENT_3D('',#9045,#9321,$);
#9931=PLANE('',#9626);
#10236=POLY_LOOP('',(#9045,#9031,#9032));
#10541=FACE_OUTER_BOUND('',#10236,.T.);
#10846=FACE_SURFACE('',(#10541),#9931,.T.);
#9322=DIRECTION('',(0.,0.,-1.));
#9627=AXIS2_PLACEMENT_3D('',#9045,#9322,$);
#9932=PLANE('',#9627);
#10237=POLY_LOOP('',(#9045,#9032,#9033));
#10542=FACE_OUTER_BOUND('',#10237,.T.);
#10847=FACE_SURFACE('',(#10542),#9932,.T.);
#9323=DIRECTION('',(0.,0.,-1.));
#9628=AXIS2_PLACEMENT_3D('',#9045,#9323,$);
#9933=PLANE('',#9628);
#10238=POLY_LOOP('',(#9045,#9033,#9034));
#10543=FACE_OUTER_BOUND('',#10238,.T.);
#10848=FACE_SURFACE('',(#10543),#9933,.T.);
#9324=DIRECTION('',(0.,0.,-1.));
#9629=AXIS2_PLACEMENT_3D('',#9063,#9324,$);
#9934=PLANE('',#9629);
#10239=POLY_LOOP('',(#9063,#9045,#9034));
#10544=FACE_OUTER_BOUND('',#10239,.T.);
#10849=FACE_SURFACE('',(#10544),#9934,.T.);
#9325=DIRECTION('',(0.,0.,-1.));
#9630=AXIS2_PLACEMENT_3D('',#9063,#9325,$);
#9935=PLANE('',#9630);
#10240=POLY_LOOP('',(#9063,#9034,#9035));
#10545=FACE_OUTER_BOUND('',#10240,.T.);
#10850=FACE_SURFACE('',(#10545),#9935,.T.);
#9326=DIRECTION('',(0.,0.,-1.));
#9631=AXIS2_PLACEMENT_3D('',#9062,#9326,$);
#9936=PLANE('',#9631);
#10241=POLY_LOOP('',(#9062,#9035,#9036));
#10546=FACE_OUTER_BOUND('',#10241,.T.);
#10851=FACE_SURFACE('',(#10546),#9936,.T.);
#9327=DIRECTION('',(0.,0.,-1.));
#9632=AXIS2_PLACEMENT_3D('',#9062,#9327,$);
#9937=PLANE('',#9632);
#10242=POLY_LOOP('',(#9062,#9063,#9035));
#10547=FACE_OUTER_BOUND('',#10242,.T.);
#10852=FACE_SURFACE('',(#10547),#9937,.T.);
#9328=DIRECTION('',(0.,0.,-1.));
#9633=AXIS2_PLACEMENT_3D('',#9062,#9328,$);
#9938=PLANE('',#9633);
#10243=POLY_LOOP('',(#9062,#9036,#9011));
#10548=FACE_OUTER_BOUND('',#10243,.T.);
#10853=FACE_SURFACE('',(#10548),#9938,.T.);
#9329=DIRECTION('',(0.,0.,-1.));
#9634=AXIS2_PLACEMENT_3D('',#9062,#9329,$);
#9939=PLANE('',#9634);
#10244=POLY_LOOP('',(#9062,#9012,#8990));
#10549=FACE_OUTER_BOUND('',#10244,.T.);
#10854=FACE_SURFACE('',(#10549),#9939,.T.);
#9330=DIRECTION('',(0.,0.,-1.));
#9635=AXIS2_PLACEMENT_3D('',#9062,#9330,$);
#9940=PLANE('',#9635);
#10245=POLY_LOOP('',(#9062,#9011,#9012));
#10550=FACE_OUTER_BOUND('',#10245,.T.);
#10855=FACE_SURFACE('',(#10550),#9940,.T.);
#9331=DIRECTION('',(0.,0.,-1.));
#9636=AXIS2_PLACEMENT_3D('',#9061,#9331,$);
#9941=PLANE('',#9636);
#10246=POLY_LOOP('',(#9061,#8966,#8967));
#10551=FACE_OUTER_BOUND('',#10246,.T.);
#10856=FACE_SURFACE('',(#10551),#9941,.T.);
#9332=DIRECTION('',(0.,0.,-1.));
#9637=AXIS2_PLACEMENT_3D('',#9061,#9332,$);
#9942=PLANE('',#9637);
#10247=POLY_LOOP('',(#9061,#9062,#8990));
#10552=FACE_OUTER_BOUND('',#10247,.T.);
#10857=FACE_SURFACE('',(#10552),#9942,.T.);
#9333=DIRECTION('',(0.,0.,-1.));
#9638=AXIS2_PLACEMENT_3D('',#9061,#9333,$);
#9943=PLANE('',#9638);
#10248=POLY_LOOP('',(#9061,#8991,#8966));
#10553=FACE_OUTER_BOUND('',#10248,.T.);
#10858=FACE_SURFACE('',(#10553),#9943,.T.);
#9334=DIRECTION('',(0.,0.,-1.));
#9639=AXIS2_PLACEMENT_3D('',#9061,#9334,$);
#9944=PLANE('',#9639);
#10249=POLY_LOOP('',(#9061,#8990,#8991));
#10554=FACE_OUTER_BOUND('',#10249,.T.);
#10859=FACE_SURFACE('',(#10554),#9944,.T.);
#9335=DIRECTION('',(0.,0.,-1.));
#9640=AXIS2_PLACEMENT_3D('',#8935,#9335,$);
#9945=PLANE('',#9640);
#10250=POLY_LOOP('',(#8935,#8950,#8951));
#10555=FACE_OUTER_BOUND('',#10250,.T.);
#10860=FACE_SURFACE('',(#10555),#9945,.T.);
#9336=DIRECTION('',(0.,0.,-1.));
#9641=AXIS2_PLACEMENT_3D('',#8935,#9336,$);
#9946=PLANE('',#9641);
#10251=POLY_LOOP('',(#8935,#8951,#8952));
#10556=FACE_OUTER_BOUND('',#10251,.T.);
#10861=FACE_SURFACE('',(#10556),#9946,.T.);
#9337=DIRECTION('',(0.,0.,-1.));
#9642=AXIS2_PLACEMENT_3D('',#8935,#9337,$);
#9947=PLANE('',#9642);
#10252=POLY_LOOP('',(#8935,#8952,#8953));
#10557=FACE_OUTER_BOUND('',#10252,.T.);
#10862=FACE_SURFACE('',(#10557),#9947,.T.);
#9338=DIRECTION('',(0.,0.,-1.));
#9643=AXIS2_PLACEMENT_3D('',#8935,#9338,$);
#9948=PLANE('',#9643);
#10253=POLY_LOOP('',(#8935,#8953,#8954));
#10558=FACE_OUTER_BOUND('',#10253,.T.);
#10863=FACE_SURFACE('',(#10558),#9948,.T.);
#9339=DIRECTION('',(0.,0.,-1.));
#9644=AXIS2_PLACEMENT_3D('',#8935,#9339,$);
#9949=PLANE('',#9644);
#10254=POLY_LOOP('',(#8935,#8954,#8955));
#10559=FACE_OUTER_BOUND('',#10254,.T.);
#10864=FACE_SURFACE('',(#10559),#9949,.T.);
#9340=DIRECTION('',(0.,0.,-1.));
#9645=AXIS2_PLACEMENT_3D('',#8935,#9340,$);
#9950=PLANE('',#9645);
#10255=POLY_LOOP('',(#8935,#8955,#8937));
#10560=FACE_OUTER_BOUND('',#10255,.T.);
#10865=FACE_SURFACE('',(#10560),#9950,.T.);
#9341=DIRECTION('',(0.,0.,-1.));
#9646=AXIS2_PLACEMENT_3D('',#8935,#9341,$);
#9951=PLANE('',#9646);
#10256=POLY_LOOP('',(#8935,#8937,#8934));
#10561=FACE_OUTER_BOUND('',#10256,.T.);
#10866=FACE_SURFACE('',(#10561),#9951,.T.);
#9342=DIRECTION('',(0.,0.,-1.));
#9647=AXIS2_PLACEMENT_3D('',#9046,#9342,$);
#9952=PLANE('',#9647);
#10257=POLY_LOOP('',(#9046,#9065,#9064));
#10562=FACE_OUTER_BOUND('',#10257,.T.);
#10867=FACE_SURFACE('',(#10562),#9952,.T.);
#9343=DIRECTION('',(0.,0.,-1.));
#9648=AXIS2_PLACEMENT_3D('',#9066,#9343,$);
#9953=PLANE('',#9648);
#10258=POLY_LOOP('',(#9066,#9065,#9046));
#10563=FACE_OUTER_BOUND('',#10258,.T.);
#10868=FACE_SURFACE('',(#10563),#9953,.T.);
#9344=DIRECTION('',(0.,0.,-1.));
#9649=AXIS2_PLACEMENT_3D('',#9084,#9344,$);
#9954=PLANE('',#9649);
#10259=POLY_LOOP('',(#9084,#9046,#9047));
#10564=FACE_OUTER_BOUND('',#10259,.T.);
#10869=FACE_SURFACE('',(#10564),#9954,.T.);
#9345=DIRECTION('',(0.,0.,-1.));
#9650=AXIS2_PLACEMENT_3D('',#9084,#9345,$);
#9955=PLANE('',#9650);
#10260=POLY_LOOP('',(#9084,#9047,#9048));
#10565=FACE_OUTER_BOUND('',#10260,.T.);
#10870=FACE_SURFACE('',(#10565),#9955,.T.);
#9346=DIRECTION('',(0.,0.,-1.));
#9651=AXIS2_PLACEMENT_3D('',#9084,#9346,$);
#9956=PLANE('',#9651);
#10261=POLY_LOOP('',(#9084,#9066,#9046));
#10566=FACE_OUTER_BOUND('',#10261,.T.);
#10871=FACE_SURFACE('',(#10566),#9956,.T.);
#9347=DIRECTION('',(0.,0.,-1.));
#9652=AXIS2_PLACEMENT_3D('',#9083,#9347,$);
#9957=PLANE('',#9652);
#10262=POLY_LOOP('',(#9083,#9084,#9048));
#10567=FACE_OUTER_BOUND('',#10262,.T.);
#10872=FACE_SURFACE('',(#10567),#9957,.T.);
#9348=DIRECTION('',(0.,0.,-1.));
#9653=AXIS2_PLACEMENT_3D('',#9082,#9348,$);
#9958=PLANE('',#9653);
#10263=POLY_LOOP('',(#9082,#9048,#9049));
#10568=FACE_OUTER_BOUND('',#10263,.T.);
#10873=FACE_SURFACE('',(#10568),#9958,.T.);
#9349=DIRECTION('',(0.,0.,-1.));
#9654=AXIS2_PLACEMENT_3D('',#9082,#9349,$);
#9959=PLANE('',#9654);
#10264=POLY_LOOP('',(#9082,#9083,#9048));
#10569=FACE_OUTER_BOUND('',#10264,.T.);
#10874=FACE_SURFACE('',(#10569),#9959,.T.);
#9350=DIRECTION('',(0.,0.,-1.));
#9655=AXIS2_PLACEMENT_3D('',#9081,#9350,$);
#9960=PLANE('',#9655);
#10265=POLY_LOOP('',(#9081,#9082,#9049));
#10570=FACE_OUTER_BOUND('',#10265,.T.);
#10875=FACE_SURFACE('',(#10570),#9960,.T.);
#9351=DIRECTION('',(0.,0.,-1.));
#9656=AXIS2_PLACEMENT_3D('',#9081,#9351,$);
#9961=PLANE('',#9656);
#10266=POLY_LOOP('',(#9081,#9049,#9050));
#10571=FACE_OUTER_BOUND('',#10266,.T.);
#10876=FACE_SURFACE('',(#10571),#9961,.T.);
#9352=DIRECTION('',(0.,0.,-1.));
#9657=AXIS2_PLACEMENT_3D('',#9080,#9352,$);
#9962=PLANE('',#9657);
#10267=POLY_LOOP('',(#9080,#9050,#9051));
#10572=FACE_OUTER_BOUND('',#10267,.T.);
#10877=FACE_SURFACE('',(#10572),#9962,.T.);
#9353=DIRECTION('',(0.,0.,-1.));
#9658=AXIS2_PLACEMENT_3D('',#9080,#9353,$);
#9963=PLANE('',#9658);
#10268=POLY_LOOP('',(#9080,#9081,#9050));
#10573=FACE_OUTER_BOUND('',#10268,.T.);
#10878=FACE_SURFACE('',(#10573),#9963,.T.);
#9354=DIRECTION('',(0.,0.,-1.));
#9659=AXIS2_PLACEMENT_3D('',#9079,#9354,$);
#9964=PLANE('',#9659);
#10269=POLY_LOOP('',(#9079,#9051,#9052));
#10574=FACE_OUTER_BOUND('',#10269,.T.);
#10879=FACE_SURFACE('',(#10574),#9964,.T.);
#9355=DIRECTION('',(0.,0.,-1.));
#9660=AXIS2_PLACEMENT_3D('',#9079,#9355,$);
#9965=PLANE('',#9660);
#10270=POLY_LOOP('',(#9079,#9080,#9051));
#10575=FACE_OUTER_BOUND('',#10270,.T.);
#10880=FACE_SURFACE('',(#10575),#9965,.T.);
#9356=DIRECTION('',(0.,0.,-1.));
#9661=AXIS2_PLACEMENT_3D('',#9078,#9356,$);
#9966=PLANE('',#9661);
#10271=POLY_LOOP('',(#9078,#9052,#9053));
#10576=FACE_OUTER_BOUND('',#10271,.T.);
#10881=FACE_SURFACE('',(#10576),#9966,.T.);
#9357=DIRECTION('',(0.,0.,-1.));
#9662=AXIS2_PLACEMENT_3D('',#9078,#9357,$);
#9967=PLANE('',#9662);
#10272=POLY_LOOP('',(#9078,#9079,#9052));
#10577=FACE_OUTER_BOUND('',#10272,.T.);
#10882=FACE_SURFACE('',(#10577),#9967,.T.);
#9358=DIRECTION('',(0.,0.,-1.));
#9663=AXIS2_PLACEMENT_3D('',#9087,#9358,$);
#9968=PLANE('',#9663);
#10273=POLY_LOOP('',(#9087,#9086,#9085));
#10578=FACE_OUTER_BOUND('',#10273,.T.);
#10883=FACE_SURFACE('',(#10578),#9968,.T.);
#9359=DIRECTION('',(0.,0.,-1.));
#9664=AXIS2_PLACEMENT_3D('',#9225,#9359,$);
#9969=PLANE('',#9664);
#10274=POLY_LOOP('',(#9225,#8935,#9240));
#10579=FACE_OUTER_BOUND('',#10274,.T.);
#10884=FACE_SURFACE('',(#10579),#9969,.T.);
#9360=DIRECTION('',(0.,0.,-1.));
#9665=AXIS2_PLACEMENT_3D('',#9225,#9360,$);
#9970=PLANE('',#9665);
#10275=POLY_LOOP('',(#9225,#9240,#9224));
#10580=FACE_OUTER_BOUND('',#10275,.T.);
#10885=FACE_SURFACE('',(#10580),#9970,.T.);
#9361=DIRECTION('',(0.,0.,-1.));
#9666=AXIS2_PLACEMENT_3D('',#9223,#9361,$);
#9971=PLANE('',#9666);
#10276=POLY_LOOP('',(#9223,#9224,#9240));
#10581=FACE_OUTER_BOUND('',#10276,.T.);
#10886=FACE_SURFACE('',(#10581),#9971,.T.);
#9362=DIRECTION('',(0.,0.,-1.));
#9667=AXIS2_PLACEMENT_3D('',#9226,#9362,$);
#9972=PLANE('',#9667);
#10277=POLY_LOOP('',(#9226,#8949,#8950));
#10582=FACE_OUTER_BOUND('',#10277,.T.);
#10887=FACE_SURFACE('',(#10582),#9972,.T.);
#9363=DIRECTION('',(0.,0.,-1.));
#9668=AXIS2_PLACEMENT_3D('',#9226,#9363,$);
#9973=PLANE('',#9668);
#10278=POLY_LOOP('',(#9226,#8950,#8935));
#10583=FACE_OUTER_BOUND('',#10278,.T.);
#10888=FACE_SURFACE('',(#10583),#9973,.T.);
#9364=DIRECTION('',(0.,0.,-1.));
#9669=AXIS2_PLACEMENT_3D('',#9226,#9364,$);
#9974=PLANE('',#9669);
#10279=POLY_LOOP('',(#9226,#8935,#9225));
#10584=FACE_OUTER_BOUND('',#10279,.T.);
#10889=FACE_SURFACE('',(#10584),#9974,.T.);
#9365=DIRECTION('',(0.,0.,-1.));
#9670=AXIS2_PLACEMENT_3D('',#9222,#9365,$);
#9975=PLANE('',#9670);
#10280=POLY_LOOP('',(#9222,#9223,#9240));
#10585=FACE_OUTER_BOUND('',#10280,.T.);
#10890=FACE_SURFACE('',(#10585),#9975,.T.);
#9366=DIRECTION('',(0.,0.,-1.));
#9671=AXIS2_PLACEMENT_3D('',#9227,#9366,$);
#9976=PLANE('',#9671);
#10281=POLY_LOOP('',(#9227,#8948,#8949));
#10586=FACE_OUTER_BOUND('',#10281,.T.);
#10891=FACE_SURFACE('',(#10586),#9976,.T.);
#9367=DIRECTION('',(0.,0.,-1.));
#9672=AXIS2_PLACEMENT_3D('',#9227,#9367,$);
#9977=PLANE('',#9672);
#10282=POLY_LOOP('',(#9227,#8949,#9226));
#10587=FACE_OUTER_BOUND('',#10282,.T.);
#10892=FACE_SURFACE('',(#10587),#9977,.T.);
#9368=DIRECTION('',(0.,0.,-1.));
#9673=AXIS2_PLACEMENT_3D('',#9204,#9368,$);
#9978=PLANE('',#9673);
#10283=POLY_LOOP('',(#9204,#8969,#8970));
#10588=FACE_OUTER_BOUND('',#10283,.T.);
#10893=FACE_SURFACE('',(#10588),#9978,.T.);
#9369=DIRECTION('',(0.,0.,-1.));
#9674=AXIS2_PLACEMENT_3D('',#9203,#9369,$);
#9979=PLANE('',#9674);
#10284=POLY_LOOP('',(#9203,#9204,#8970));
#10589=FACE_OUTER_BOUND('',#10284,.T.);
#10894=FACE_SURFACE('',(#10589),#9979,.T.);
#9370=DIRECTION('',(0.,0.,-1.));
#9675=AXIS2_PLACEMENT_3D('',#9203,#9370,$);
#9980=PLANE('',#9675);
#10285=POLY_LOOP('',(#9203,#8970,#8945));
#10590=FACE_OUTER_BOUND('',#10285,.T.);
#10895=FACE_SURFACE('',(#10590),#9980,.T.);
#9371=DIRECTION('',(0.,0.,-1.));
#9676=AXIS2_PLACEMENT_3D('',#9202,#9371,$);
#9981=PLANE('',#9676);
#10286=POLY_LOOP('',(#9202,#9203,#8945));
#10591=FACE_OUTER_BOUND('',#10286,.T.);
#10896=FACE_SURFACE('',(#10591),#9981,.T.);
#9372=DIRECTION('',(0.,0.,-1.));
#9677=AXIS2_PLACEMENT_3D('',#9202,#9372,$);
#9982=PLANE('',#9677);
#10287=POLY_LOOP('',(#9202,#8945,#8946));
#10592=FACE_OUTER_BOUND('',#10287,.T.);
#10897=FACE_SURFACE('',(#10592),#9982,.T.);
#9373=DIRECTION('',(0.,0.,-1.));
#9678=AXIS2_PLACEMENT_3D('',#9205,#9373,$);
#9983=PLANE('',#9678);
#10288=POLY_LOOP('',(#9205,#8968,#8969));
#10593=FACE_OUTER_BOUND('',#10288,.T.);
#10898=FACE_SURFACE('',(#10593),#9983,.T.);
#9374=DIRECTION('',(0.,0.,-1.));
#9679=AXIS2_PLACEMENT_3D('',#9205,#9374,$);
#9984=PLANE('',#9679);
#10289=POLY_LOOP('',(#9205,#8969,#9204));
#10594=FACE_OUTER_BOUND('',#10289,.T.);
#10899=FACE_SURFACE('',(#10594),#9984,.T.);
#9375=DIRECTION('',(0.,0.,-1.));
#9680=AXIS2_PLACEMENT_3D('',#9228,#9375,$);
#9985=PLANE('',#9680);
#10290=POLY_LOOP('',(#9228,#8948,#9227));
#10595=FACE_OUTER_BOUND('',#10290,.T.);
#10900=FACE_SURFACE('',(#10595),#9985,.T.);
#9376=DIRECTION('',(0.,0.,-1.));
#9681=AXIS2_PLACEMENT_3D('',#9221,#9376,$);
#9986=PLANE('',#9681);
#10291=POLY_LOOP('',(#9221,#9222,#9240));
#10596=FACE_OUTER_BOUND('',#10291,.T.);
#10901=FACE_SURFACE('',(#10596),#9986,.T.);
#9377=DIRECTION('',(0.,0.,-1.));
#9682=AXIS2_PLACEMENT_3D('',#9206,#9377,$);
#9987=PLANE('',#9682);
#10292=POLY_LOOP('',(#9206,#9061,#8967));
#10597=FACE_OUTER_BOUND('',#10292,.T.);
#10902=FACE_SURFACE('',(#10597),#9987,.T.);
#9378=DIRECTION('',(0.,0.,-1.));
#9683=AXIS2_PLACEMENT_3D('',#9206,#9378,$);
#9988=PLANE('',#9683);
#10293=POLY_LOOP('',(#9206,#9060,#9061));
#10598=FACE_OUTER_BOUND('',#10293,.T.);
#10903=FACE_SURFACE('',(#10598),#9988,.T.);
#9379=DIRECTION('',(0.,0.,-1.));
#9684=AXIS2_PLACEMENT_3D('',#9206,#9379,$);
#9989=PLANE('',#9684);
#10294=POLY_LOOP('',(#9206,#8967,#8968));
#10599=FACE_OUTER_BOUND('',#10294,.T.);
#10904=FACE_SURFACE('',(#10599),#9989,.T.);
#9380=DIRECTION('',(0.,0.,-1.));
#9685=AXIS2_PLACEMENT_3D('',#9206,#9380,$);
#9990=PLANE('',#9685);
#10295=POLY_LOOP('',(#9206,#8968,#9205));
#10600=FACE_OUTER_BOUND('',#10295,.T.);
#10905=FACE_SURFACE('',(#10600),#9990,.T.);
#9381=DIRECTION('',(0.,0.,-1.));
#9686=AXIS2_PLACEMENT_3D('',#9201,#9381,$);
#9991=PLANE('',#9686);
#10296=POLY_LOOP('',(#9201,#8946,#8947));
#10601=FACE_OUTER_BOUND('',#10296,.T.);
#10906=FACE_SURFACE('',(#10601),#9991,.T.);
#9382=DIRECTION('',(0.,0.,-1.));
#9687=AXIS2_PLACEMENT_3D('',#9201,#9382,$);
#9992=PLANE('',#9687);
#10297=POLY_LOOP('',(#9201,#9202,#8946));
#10602=FACE_OUTER_BOUND('',#10297,.T.);
#10907=FACE_SURFACE('',(#10602),#9992,.T.);
#9383=DIRECTION('',(0.,0.,-1.));
#9688=AXIS2_PLACEMENT_3D('',#9220,#9383,$);
#9993=PLANE('',#9688);
#10298=POLY_LOOP('',(#9220,#9221,#9240));
#10603=FACE_OUTER_BOUND('',#10298,.T.);
#10908=FACE_SURFACE('',(#10603),#9993,.T.);
#9384=DIRECTION('',(0.,0.,-1.));
#9689=AXIS2_PLACEMENT_3D('',#9200,#9384,$);
#9994=PLANE('',#9689);
#10299=POLY_LOOP('',(#9200,#8947,#8948));
#10604=FACE_OUTER_BOUND('',#10299,.T.);
#10909=FACE_SURFACE('',(#10604),#9994,.T.);
#9385=DIRECTION('',(0.,0.,-1.));
#9690=AXIS2_PLACEMENT_3D('',#9200,#9385,$);
#9995=PLANE('',#9690);
#10300=POLY_LOOP('',(#9200,#9201,#8947));
#10605=FACE_OUTER_BOUND('',#10300,.T.);
#10910=FACE_SURFACE('',(#10605),#9995,.T.);
#9386=DIRECTION('',(0.,0.,-1.));
#9691=AXIS2_PLACEMENT_3D('',#9200,#9386,$);
#9996=PLANE('',#9691);
#10301=POLY_LOOP('',(#9200,#8948,#9228));
#10606=FACE_OUTER_BOUND('',#10301,.T.);
#10911=FACE_SURFACE('',(#10606),#9996,.T.);
#9387=DIRECTION('',(0.,0.,-1.));
#9692=AXIS2_PLACEMENT_3D('',#9200,#9387,$);
#9997=PLANE('',#9692);
#10302=POLY_LOOP('',(#9200,#9228,#9229));
#10607=FACE_OUTER_BOUND('',#10302,.T.);
#10912=FACE_SURFACE('',(#10607),#9997,.T.);
#9388=DIRECTION('',(0.,0.,-1.));
#9693=AXIS2_PLACEMENT_3D('',#9207,#9388,$);
#9998=PLANE('',#9693);
#10303=POLY_LOOP('',(#9207,#9059,#9060));
#10608=FACE_OUTER_BOUND('',#10303,.T.);
#10913=FACE_SURFACE('',(#10608),#9998,.T.);
#9389=DIRECTION('',(0.,0.,-1.));
#9694=AXIS2_PLACEMENT_3D('',#9207,#9389,$);
#9999=PLANE('',#9694);
#10304=POLY_LOOP('',(#9207,#9060,#9206));
#10609=FACE_OUTER_BOUND('',#10304,.T.);
#10914=FACE_SURFACE('',(#10609),#9999,.T.);
#9390=DIRECTION('',(0.,0.,-1.));
#9695=AXIS2_PLACEMENT_3D('',#9199,#9390,$);
#10000=PLANE('',#9695);
#10305=POLY_LOOP('',(#9199,#9200,#9229));
#10610=FACE_OUTER_BOUND('',#10305,.T.);
#10915=FACE_SURFACE('',(#10610),#10000,.T.);
#9391=DIRECTION('',(0.,0.,-1.));
#9696=AXIS2_PLACEMENT_3D('',#9208,#9391,$);
#10001=PLANE('',#9696);
#10306=POLY_LOOP('',(#9208,#9058,#9059));
#10611=FACE_OUTER_BOUND('',#10306,.T.);
#10916=FACE_SURFACE('',(#10611),#10001,.T.);
#9392=DIRECTION('',(0.,0.,-1.));
#9697=AXIS2_PLACEMENT_3D('',#9208,#9392,$);
#10002=PLANE('',#9697);
#10307=POLY_LOOP('',(#9208,#9059,#9207));
#10612=FACE_OUTER_BOUND('',#10307,.T.);
#10917=FACE_SURFACE('',(#10612),#10002,.T.);
#9393=DIRECTION('',(0.,0.,-1.));
#9698=AXIS2_PLACEMENT_3D('',#9230,#9393,$);
#10003=PLANE('',#9698);
#10308=POLY_LOOP('',(#9230,#9199,#9229));
#10613=FACE_OUTER_BOUND('',#10308,.T.);
#10918=FACE_SURFACE('',(#10613),#10003,.T.);
#9394=DIRECTION('',(0.,0.,-1.));
#9699=AXIS2_PLACEMENT_3D('',#9209,#9394,$);
#10004=PLANE('',#9699);
#10309=POLY_LOOP('',(#9209,#9057,#9058));
#10614=FACE_OUTER_BOUND('',#10309,.T.);
#10919=FACE_SURFACE('',(#10614),#10004,.T.);
#9395=DIRECTION('',(0.,0.,-1.));
#9700=AXIS2_PLACEMENT_3D('',#9209,#9395,$);
#10005=PLANE('',#9700);
#10310=POLY_LOOP('',(#9209,#9058,#9208));
#10615=FACE_OUTER_BOUND('',#10310,.T.);
#10920=FACE_SURFACE('',(#10615),#10005,.T.);
#9396=DIRECTION('',(0.,0.,-1.));
#9701=AXIS2_PLACEMENT_3D('',#9231,#9396,$);
#10006=PLANE('',#9701);
#10311=POLY_LOOP('',(#9231,#9199,#9230));
#10616=FACE_OUTER_BOUND('',#10311,.T.);
#10921=FACE_SURFACE('',(#10616),#10006,.T.);
#9397=DIRECTION('',(0.,0.,-1.));
#9702=AXIS2_PLACEMENT_3D('',#9210,#9397,$);
#10007=PLANE('',#9702);
#10312=POLY_LOOP('',(#9210,#9057,#9209));
#10617=FACE_OUTER_BOUND('',#10312,.T.);
#10922=FACE_SURFACE('',(#10617),#10007,.T.);
#9398=DIRECTION('',(0.,0.,-1.));
#9703=AXIS2_PLACEMENT_3D('',#9232,#9398,$);
#10008=PLANE('',#9703);
#10313=POLY_LOOP('',(#9232,#9199,#9231));
#10618=FACE_OUTER_BOUND('',#10313,.T.);
#10923=FACE_SURFACE('',(#10618),#10008,.T.);
#9399=DIRECTION('',(0.,0.,-1.));
#9704=AXIS2_PLACEMENT_3D('',#9233,#9399,$);
#10009=PLANE('',#9704);
#10314=POLY_LOOP('',(#9233,#9199,#9232));
#10619=FACE_OUTER_BOUND('',#10314,.T.);
#10924=FACE_SURFACE('',(#10619),#10009,.T.);
#9400=DIRECTION('',(0.,0.,-1.));
#9705=AXIS2_PLACEMENT_3D('',#9234,#9400,$);
#10010=PLANE('',#9705);
#10315=POLY_LOOP('',(#9234,#9199,#9233));
#10620=FACE_OUTER_BOUND('',#10315,.T.);
#10925=FACE_SURFACE('',(#10620),#10010,.T.);
#9401=DIRECTION('',(0.,0.,-1.));
#9706=AXIS2_PLACEMENT_3D('',#9239,#9401,$);
#10011=PLANE('',#9706);
#10316=POLY_LOOP('',(#9239,#9220,#9240));
#10621=FACE_OUTER_BOUND('',#10316,.T.);
#10926=FACE_SURFACE('',(#10621),#10011,.T.);
#9402=DIRECTION('',(0.,0.,-1.));
#9707=AXIS2_PLACEMENT_3D('',#9235,#9402,$);
#10012=PLANE('',#9707);
#10317=POLY_LOOP('',(#9235,#9199,#9234));
#10622=FACE_OUTER_BOUND('',#10317,.T.);
#10927=FACE_SURFACE('',(#10622),#10012,.T.);
#9403=DIRECTION('',(0.,0.,-1.));
#9708=AXIS2_PLACEMENT_3D('',#9236,#9403,$);
#10013=PLANE('',#9708);
#10318=POLY_LOOP('',(#9236,#9199,#9235));
#10623=FACE_OUTER_BOUND('',#10318,.T.);
#10928=FACE_SURFACE('',(#10623),#10013,.T.);
#9404=DIRECTION('',(0.,0.,-1.));
#9709=AXIS2_PLACEMENT_3D('',#9237,#9404,$);
#10014=PLANE('',#9709);
#10319=POLY_LOOP('',(#9237,#9199,#9236));
#10624=FACE_OUTER_BOUND('',#10319,.T.);
#10929=FACE_SURFACE('',(#10624),#10014,.T.);
#9405=DIRECTION('',(0.,0.,-1.));
#9710=AXIS2_PLACEMENT_3D('',#9238,#9405,$);
#10015=PLANE('',#9710);
#10320=POLY_LOOP('',(#9238,#9220,#9239));
#10625=FACE_OUTER_BOUND('',#10320,.T.);
#10930=FACE_SURFACE('',(#10625),#10015,.T.);
#9406=DIRECTION('',(0.,0.,-1.));
#9711=AXIS2_PLACEMENT_3D('',#9183,#9406,$);
#10016=PLANE('',#9711);
#10321=POLY_LOOP('',(#9183,#9213,#9182));
#10626=FACE_OUTER_BOUND('',#10321,.T.);
#10931=FACE_SURFACE('',(#10626),#10016,.T.);
#9407=DIRECTION('',(0.,0.,-1.));
#9712=AXIS2_PLACEMENT_3D('',#9183,#9407,$);
#10017=PLANE('',#9712);
#10322=POLY_LOOP('',(#9183,#9212,#9213));
#10627=FACE_OUTER_BOUND('',#10322,.T.);
#10932=FACE_SURFACE('',(#10627),#10017,.T.);
#9408=DIRECTION('',(0.,0.,-1.));
#9713=AXIS2_PLACEMENT_3D('',#9181,#9408,$);
#10018=PLANE('',#9713);
#10323=POLY_LOOP('',(#9181,#9182,#9213));
#10628=FACE_OUTER_BOUND('',#10323,.T.);
#10933=FACE_SURFACE('',(#10628),#10018,.T.);
#9409=DIRECTION('',(0.,0.,-1.));
#9714=AXIS2_PLACEMENT_3D('',#9181,#9409,$);
#10019=PLANE('',#9714);
#10324=POLY_LOOP('',(#9181,#9213,#9214));
#10629=FACE_OUTER_BOUND('',#10324,.T.);
#10934=FACE_SURFACE('',(#10629),#10019,.T.);
#9410=DIRECTION('',(0.,0.,-1.));
#9715=AXIS2_PLACEMENT_3D('',#9184,#9410,$);
#10020=PLANE('',#9715);
#10325=POLY_LOOP('',(#9184,#9212,#9183));
#10630=FACE_OUTER_BOUND('',#10325,.T.);
#10935=FACE_SURFACE('',(#10630),#10020,.T.);
#9411=DIRECTION('',(0.,0.,-1.));
#9716=AXIS2_PLACEMENT_3D('',#9184,#9411,$);
#10021=PLANE('',#9716);
#10326=POLY_LOOP('',(#9184,#9210,#9211));
#10631=FACE_OUTER_BOUND('',#10326,.T.);
#10936=FACE_SURFACE('',(#10631),#10021,.T.);
#9412=DIRECTION('',(0.,0.,-1.));
#9717=AXIS2_PLACEMENT_3D('',#9184,#9412,$);
#10022=PLANE('',#9717);
#10327=POLY_LOOP('',(#9184,#9211,#9212));
#10632=FACE_OUTER_BOUND('',#10327,.T.);
#10937=FACE_SURFACE('',(#10632),#10022,.T.);
#9413=DIRECTION('',(0.,0.,-1.));
#9718=AXIS2_PLACEMENT_3D('',#9185,#9413,$);
#10023=PLANE('',#9718);
#10328=POLY_LOOP('',(#9185,#9057,#9210));
#10633=FACE_OUTER_BOUND('',#10328,.T.);
#10938=FACE_SURFACE('',(#10633),#10023,.T.);
#9414=DIRECTION('',(0.,0.,-1.));
#9719=AXIS2_PLACEMENT_3D('',#9185,#9414,$);
#10024=PLANE('',#9719);
#10329=POLY_LOOP('',(#9185,#9210,#9184));
#10634=FACE_OUTER_BOUND('',#10329,.T.);
#10939=FACE_SURFACE('',(#10634),#10024,.T.);
#9415=DIRECTION('',(0.,0.,-1.));
#9720=AXIS2_PLACEMENT_3D('',#9180,#9415,$);
#10025=PLANE('',#9720);
#10330=POLY_LOOP('',(#9180,#9181,#9214));
#10635=FACE_OUTER_BOUND('',#10330,.T.);
#10940=FACE_SURFACE('',(#10635),#10025,.T.);
#9416=DIRECTION('',(0.,0.,-1.));
#9721=AXIS2_PLACEMENT_3D('',#9180,#9416,$);
#10026=PLANE('',#9721);
#10331=POLY_LOOP('',(#9180,#9214,#9215));
#10636=FACE_OUTER_BOUND('',#10331,.T.);
#10941=FACE_SURFACE('',(#10636),#10026,.T.);
#9417=DIRECTION('',(0.,0.,-1.));
#9722=AXIS2_PLACEMENT_3D('',#9179,#9417,$);
#10027=PLANE('',#9722);
#10332=POLY_LOOP('',(#9179,#9180,#9215));
#10637=FACE_OUTER_BOUND('',#10332,.T.);
#10942=FACE_SURFACE('',(#10637),#10027,.T.);
#9418=DIRECTION('',(0.,0.,-1.));
#9723=AXIS2_PLACEMENT_3D('',#9179,#9418,$);
#10028=PLANE('',#9723);
#10333=POLY_LOOP('',(#9179,#9215,#9216));
#10638=FACE_OUTER_BOUND('',#10333,.T.);
#10943=FACE_SURFACE('',(#10638),#10028,.T.);
#9419=DIRECTION('',(0.,0.,-1.));
#9724=AXIS2_PLACEMENT_3D('',#9186,#9419,$);
#10029=PLANE('',#9724);
#10334=POLY_LOOP('',(#9186,#9056,#9057));
#10639=FACE_OUTER_BOUND('',#10334,.T.);
#10944=FACE_SURFACE('',(#10639),#10029,.T.);
#9420=DIRECTION('',(0.,0.,-1.));
#9725=AXIS2_PLACEMENT_3D('',#9186,#9420,$);
#10030=PLANE('',#9725);
#10335=POLY_LOOP('',(#9186,#9057,#9185));
#10640=FACE_OUTER_BOUND('',#10335,.T.);
#10945=FACE_SURFACE('',(#10640),#10030,.T.);
#9421=DIRECTION('',(0.,0.,-1.));
#9726=AXIS2_PLACEMENT_3D('',#9178,#9421,$);
#10031=PLANE('',#9726);
#10336=POLY_LOOP('',(#9178,#9179,#9216));
#10641=FACE_OUTER_BOUND('',#10336,.T.);
#10946=FACE_SURFACE('',(#10641),#10031,.T.);
#9422=DIRECTION('',(0.,0.,-1.));
#9727=AXIS2_PLACEMENT_3D('',#9178,#9422,$);
#10032=PLANE('',#9727);
#10337=POLY_LOOP('',(#9178,#9216,#9198));
#10642=FACE_OUTER_BOUND('',#10337,.T.);
#10947=FACE_SURFACE('',(#10642),#10032,.T.);
#9423=DIRECTION('',(0.,0.,-1.));
#9728=AXIS2_PLACEMENT_3D('',#9187,#9423,$);
#10033=PLANE('',#9728);
#10338=POLY_LOOP('',(#9187,#9054,#9055));
#10643=FACE_OUTER_BOUND('',#10338,.T.);
#10948=FACE_SURFACE('',(#10643),#10033,.T.);
#9424=DIRECTION('',(0.,0.,-1.));
#9729=AXIS2_PLACEMENT_3D('',#9187,#9424,$);
#10034=PLANE('',#9729);
#10339=POLY_LOOP('',(#9187,#9055,#9056));
#10644=FACE_OUTER_BOUND('',#10339,.T.);
#10949=FACE_SURFACE('',(#10644),#10034,.T.);
#9425=DIRECTION('',(0.,0.,-1.));
#9730=AXIS2_PLACEMENT_3D('',#9187,#9425,$);
#10035=PLANE('',#9730);
#10340=POLY_LOOP('',(#9187,#9056,#9186));
#10645=FACE_OUTER_BOUND('',#10340,.T.);
#10950=FACE_SURFACE('',(#10645),#10035,.T.);
#9426=DIRECTION('',(0.,0.,-1.));
#9731=AXIS2_PLACEMENT_3D('',#9188,#9426,$);
#10036=PLANE('',#9731);
#10341=POLY_LOOP('',(#9188,#9054,#9187));
#10646=FACE_OUTER_BOUND('',#10341,.T.);
#10951=FACE_SURFACE('',(#10646),#10036,.T.);
#9427=DIRECTION('',(0.,0.,-1.));
#9732=AXIS2_PLACEMENT_3D('',#9105,#9427,$);
#10037=PLANE('',#9732);
#10342=POLY_LOOP('',(#9105,#9087,#9104));
#10647=FACE_OUTER_BOUND('',#10342,.T.);
#10952=FACE_SURFACE('',(#10647),#10037,.T.);
#9428=DIRECTION('',(0.,0.,-1.));
#9733=AXIS2_PLACEMENT_3D('',#9103,#9428,$);
#10038=PLANE('',#9733);
#10343=POLY_LOOP('',(#9103,#9104,#9087));
#10648=FACE_OUTER_BOUND('',#10343,.T.);
#10953=FACE_SURFACE('',(#10648),#10038,.T.);
#9429=DIRECTION('',(0.,0.,-1.));
#9734=AXIS2_PLACEMENT_3D('',#9106,#9429,$);
#10039=PLANE('',#9734);
#10344=POLY_LOOP('',(#9106,#9087,#9105));
#10649=FACE_OUTER_BOUND('',#10344,.T.);
#10954=FACE_SURFACE('',(#10649),#10039,.T.);
#9430=DIRECTION('',(0.,0.,-1.));
#9735=AXIS2_PLACEMENT_3D('',#9189,#9430,$);
#10040=PLANE('',#9735);
#10345=POLY_LOOP('',(#9189,#9053,#9054));
#10650=FACE_OUTER_BOUND('',#10345,.T.);
#10955=FACE_SURFACE('',(#10650),#10040,.T.);
#9431=DIRECTION('',(0.,0.,-1.));
#9736=AXIS2_PLACEMENT_3D('',#9189,#9431,$);
#10041=PLANE('',#9736);
#10346=POLY_LOOP('',(#9189,#9054,#9188));
#10651=FACE_OUTER_BOUND('',#10346,.T.);
#10956=FACE_SURFACE('',(#10651),#10041,.T.);
#9432=DIRECTION('',(0.,0.,-1.));
#9737=AXIS2_PLACEMENT_3D('',#9102,#9432,$);
#10042=PLANE('',#9737);
#10347=POLY_LOOP('',(#9102,#9087,#9067));
#10652=FACE_OUTER_BOUND('',#10347,.T.);
#10957=FACE_SURFACE('',(#10652),#10042,.T.);
#9433=DIRECTION('',(0.,0.,-1.));
#9738=AXIS2_PLACEMENT_3D('',#9102,#9433,$);
#10043=PLANE('',#9738);
#10348=POLY_LOOP('',(#9102,#9103,#9087));
#10653=FACE_OUTER_BOUND('',#10348,.T.);
#10958=FACE_SURFACE('',(#10653),#10043,.T.);
#9434=DIRECTION('',(0.,0.,-1.));
#9739=AXIS2_PLACEMENT_3D('',#9102,#9434,$);
#10044=PLANE('',#9739);
#10349=POLY_LOOP('',(#9102,#9067,#9068));
#10654=FACE_OUTER_BOUND('',#10349,.T.);
#10959=FACE_SURFACE('',(#10654),#10044,.T.);
#9435=DIRECTION('',(0.,0.,-1.));
#9740=AXIS2_PLACEMENT_3D('',#9107,#9435,$);
#10045=PLANE('',#9740);
#10350=POLY_LOOP('',(#9107,#9087,#9106));
#10655=FACE_OUTER_BOUND('',#10350,.T.);
#10960=FACE_SURFACE('',(#10655),#10045,.T.);
#9436=DIRECTION('',(0.,0.,-1.));
#9741=AXIS2_PLACEMENT_3D('',#9108,#9436,$);
#10046=PLANE('',#9741);
#10351=POLY_LOOP('',(#9108,#9087,#9107));
#10656=FACE_OUTER_BOUND('',#10351,.T.);
#10961=FACE_SURFACE('',(#10656),#10046,.T.);
#9437=DIRECTION('',(0.,0.,-1.));
#9742=AXIS2_PLACEMENT_3D('',#9101,#9437,$);
#10047=PLANE('',#9742);
#10352=POLY_LOOP('',(#9101,#9102,#9068));
#10657=FACE_OUTER_BOUND('',#10352,.T.);
#10962=FACE_SURFACE('',(#10657),#10047,.T.);
#9438=DIRECTION('',(0.,0.,-1.));
#9743=AXIS2_PLACEMENT_3D('',#9101,#9438,$);
#10048=PLANE('',#9743);
#10353=POLY_LOOP('',(#9101,#9068,#9069));
#10658=FACE_OUTER_BOUND('',#10353,.T.);
#10963=FACE_SURFACE('',(#10658),#10048,.T.);
#9439=DIRECTION('',(0.,0.,-1.));
#9744=AXIS2_PLACEMENT_3D('',#9090,#9439,$);
#10049=PLANE('',#9744);
#10354=POLY_LOOP('',(#9090,#9087,#9108));
#10659=FACE_OUTER_BOUND('',#10354,.T.);
#10964=FACE_SURFACE('',(#10659),#10049,.T.);
#9440=DIRECTION('',(0.,0.,-1.));
#9745=AXIS2_PLACEMENT_3D('',#9100,#9440,$);
#10050=PLANE('',#9745);
#10355=POLY_LOOP('',(#9100,#9069,#9070));
#10660=FACE_OUTER_BOUND('',#10355,.T.);
#10965=FACE_SURFACE('',(#10660),#10050,.T.);
#9441=DIRECTION('',(0.,0.,-1.));
#9746=AXIS2_PLACEMENT_3D('',#9100,#9441,$);
#10051=PLANE('',#9746);
#10356=POLY_LOOP('',(#9100,#9101,#9069));
#10661=FACE_OUTER_BOUND('',#10356,.T.);
#10966=FACE_SURFACE('',(#10661),#10051,.T.);
#9442=DIRECTION('',(0.,0.,-1.));
#9747=AXIS2_PLACEMENT_3D('',#9099,#9442,$);
#10052=PLANE('',#9747);
#10357=POLY_LOOP('',(#9099,#9070,#9071));
#10662=FACE_OUTER_BOUND('',#10357,.T.);
#10967=FACE_SURFACE('',(#10662),#10052,.T.);
#9443=DIRECTION('',(0.,0.,-1.));
#9748=AXIS2_PLACEMENT_3D('',#9099,#9443,$);
#10053=PLANE('',#9748);
#10358=POLY_LOOP('',(#9099,#9100,#9070));
#10663=FACE_OUTER_BOUND('',#10358,.T.);
#10968=FACE_SURFACE('',(#10663),#10053,.T.);
#9444=DIRECTION('',(0.,0.,-1.));
#9749=AXIS2_PLACEMENT_3D('',#9098,#9444,$);
#10054=PLANE('',#9749);
#10359=POLY_LOOP('',(#9098,#9071,#9072));
#10664=FACE_OUTER_BOUND('',#10359,.T.);
#10969=FACE_SURFACE('',(#10664),#10054,.T.);
#9445=DIRECTION('',(0.,0.,-1.));
#9750=AXIS2_PLACEMENT_3D('',#9098,#9445,$);
#10055=PLANE('',#9750);
#10360=POLY_LOOP('',(#9098,#9099,#9071));
#10665=FACE_OUTER_BOUND('',#10360,.T.);
#10970=FACE_SURFACE('',(#10665),#10055,.T.);
#9446=DIRECTION('',(0.,0.,-1.));
#9751=AXIS2_PLACEMENT_3D('',#9088,#9446,$);
#10056=PLANE('',#9751);
#10361=POLY_LOOP('',(#9088,#9087,#9090));
#10666=FACE_OUTER_BOUND('',#10361,.T.);
#10971=FACE_SURFACE('',(#10666),#10056,.T.);
#9447=DIRECTION('',(0.,0.,-1.));
#9752=AXIS2_PLACEMENT_3D('',#9097,#9447,$);
#10057=PLANE('',#9752);
#10362=POLY_LOOP('',(#9097,#9098,#9072));
#10667=FACE_OUTER_BOUND('',#10362,.T.);
#10972=FACE_SURFACE('',(#10667),#10057,.T.);
#9448=DIRECTION('',(0.,0.,-1.));
#9753=AXIS2_PLACEMENT_3D('',#9217,#9448,$);
#10058=PLANE('',#9753);
#10363=POLY_LOOP('',(#9217,#9219,#9218));
#10668=FACE_OUTER_BOUND('',#10363,.T.);
#10973=FACE_SURFACE('',(#10668),#10058,.T.);
#9449=DIRECTION('',(0.,0.,-1.));
#9754=AXIS2_PLACEMENT_3D('',#9162,#9449,$);
#10059=PLANE('',#9754);
#10364=POLY_LOOP('',(#9162,#9190,#9191));
#10669=FACE_OUTER_BOUND('',#10364,.T.);
#10974=FACE_SURFACE('',(#10669),#10059,.T.);
#9450=DIRECTION('',(0.,0.,-1.));
#9755=AXIS2_PLACEMENT_3D('',#9161,#9450,$);
#10060=PLANE('',#9755);
#10365=POLY_LOOP('',(#9161,#9162,#9191));
#10670=FACE_OUTER_BOUND('',#10365,.T.);
#10975=FACE_SURFACE('',(#10670),#10060,.T.);
#9451=DIRECTION('',(0.,0.,-1.));
#9756=AXIS2_PLACEMENT_3D('',#9161,#9451,$);
#10061=PLANE('',#9756);
#10366=POLY_LOOP('',(#9161,#9191,#9192));
#10671=FACE_OUTER_BOUND('',#10366,.T.);
#10976=FACE_SURFACE('',(#10671),#10061,.T.);
#9452=DIRECTION('',(0.,0.,-1.));
#9757=AXIS2_PLACEMENT_3D('',#9160,#9452,$);
#10062=PLANE('',#9757);
#10367=POLY_LOOP('',(#9160,#9192,#9193));
#10672=FACE_OUTER_BOUND('',#10367,.T.);
#10977=FACE_SURFACE('',(#10672),#10062,.T.);
#9453=DIRECTION('',(0.,0.,-1.));
#9758=AXIS2_PLACEMENT_3D('',#9160,#9453,$);
#10063=PLANE('',#9758);
#10368=POLY_LOOP('',(#9160,#9161,#9192));
#10673=FACE_OUTER_BOUND('',#10368,.T.);
#10978=FACE_SURFACE('',(#10673),#10063,.T.);
#9454=DIRECTION('',(0.,0.,-1.));
#9759=AXIS2_PLACEMENT_3D('',#9163,#9454,$);
#10064=PLANE('',#9759);
#10369=POLY_LOOP('',(#9163,#9190,#9162));
#10674=FACE_OUTER_BOUND('',#10369,.T.);
#10979=FACE_SURFACE('',(#10674),#10064,.T.);
#9455=DIRECTION('',(0.,0.,-1.));
#9760=AXIS2_PLACEMENT_3D('',#9163,#9455,$);
#10065=PLANE('',#9760);
#10370=POLY_LOOP('',(#9163,#9189,#9190));
#10675=FACE_OUTER_BOUND('',#10370,.T.);
#10980=FACE_SURFACE('',(#10675),#10065,.T.);
#9456=DIRECTION('',(0.,0.,-1.));
#9761=AXIS2_PLACEMENT_3D('',#9089,#9456,$);
#10066=PLANE('',#9761);
#10371=POLY_LOOP('',(#9089,#9088,#9090));
#10676=FACE_OUTER_BOUND('',#10371,.T.);
#10981=FACE_SURFACE('',(#10676),#10066,.T.);
#9457=DIRECTION('',(0.,0.,-1.));
#9762=AXIS2_PLACEMENT_3D('',#9159,#9457,$);
#10067=PLANE('',#9762);
#10372=POLY_LOOP('',(#9159,#9160,#9193));
#10677=FACE_OUTER_BOUND('',#10372,.T.);
#10982=FACE_SURFACE('',(#10677),#10067,.T.);
#9458=DIRECTION('',(0.,0.,-1.));
#9763=AXIS2_PLACEMENT_3D('',#9159,#9458,$);
#10068=PLANE('',#9763);
#10373=POLY_LOOP('',(#9159,#9193,#9194));
#10678=FACE_OUTER_BOUND('',#10373,.T.);
#10983=FACE_SURFACE('',(#10678),#10068,.T.);
#9459=DIRECTION('',(0.,0.,-1.));
#9764=AXIS2_PLACEMENT_3D('',#9164,#9459,$);
#10069=PLANE('',#9764);
#10374=POLY_LOOP('',(#9164,#9053,#9189));
#10679=FACE_OUTER_BOUND('',#10374,.T.);
#10984=FACE_SURFACE('',(#10679),#10069,.T.);
#9460=DIRECTION('',(0.,0.,-1.));
#9765=AXIS2_PLACEMENT_3D('',#9164,#9460,$);
#10070=PLANE('',#9765);
#10375=POLY_LOOP('',(#9164,#9189,#9163));
#10680=FACE_OUTER_BOUND('',#10375,.T.);
#10985=FACE_SURFACE('',(#10680),#10070,.T.);
#9461=DIRECTION('',(0.,0.,-1.));
#9766=AXIS2_PLACEMENT_3D('',#9164,#9461,$);
#10071=PLANE('',#9766);
#10376=POLY_LOOP('',(#9164,#9078,#9053));
#10681=FACE_OUTER_BOUND('',#10376,.T.);
#10986=FACE_SURFACE('',(#10681),#10071,.T.);
#9462=DIRECTION('',(0.,0.,-1.));
#9767=AXIS2_PLACEMENT_3D('',#9158,#9462,$);
#10072=PLANE('',#9767);
#10377=POLY_LOOP('',(#9158,#9194,#9195));
#10682=FACE_OUTER_BOUND('',#10377,.T.);
#10987=FACE_SURFACE('',(#10682),#10072,.T.);
#9463=DIRECTION('',(0.,0.,-1.));
#9768=AXIS2_PLACEMENT_3D('',#9158,#9463,$);
#10073=PLANE('',#9768);
#10378=POLY_LOOP('',(#9158,#9159,#9194));
#10683=FACE_OUTER_BOUND('',#10378,.T.);
#10988=FACE_SURFACE('',(#10683),#10073,.T.);
#9464=DIRECTION('',(0.,0.,-1.));
#9769=AXIS2_PLACEMENT_3D('',#9165,#9464,$);
#10074=PLANE('',#9769);
#10379=POLY_LOOP('',(#9165,#9078,#9164));
#10684=FACE_OUTER_BOUND('',#10379,.T.);
#10989=FACE_SURFACE('',(#10684),#10074,.T.);
#9465=DIRECTION('',(0.,0.,-1.));
#9770=AXIS2_PLACEMENT_3D('',#9165,#9465,$);
#10075=PLANE('',#9770);
#10380=POLY_LOOP('',(#9165,#9076,#9077));
#10685=FACE_OUTER_BOUND('',#10380,.T.);
#10990=FACE_SURFACE('',(#10685),#10075,.T.);
#9466=DIRECTION('',(0.,0.,-1.));
#9771=AXIS2_PLACEMENT_3D('',#9165,#9466,$);
#10076=PLANE('',#9771);
#10381=POLY_LOOP('',(#9165,#9077,#9078));
#10686=FACE_OUTER_BOUND('',#10381,.T.);
#10991=FACE_SURFACE('',(#10686),#10076,.T.);
#9467=DIRECTION('',(0.,0.,-1.));
#9772=AXIS2_PLACEMENT_3D('',#9157,#9467,$);
#10077=PLANE('',#9772);
#10382=POLY_LOOP('',(#9157,#9195,#9177));
#10687=FACE_OUTER_BOUND('',#10382,.T.);
#10992=FACE_SURFACE('',(#10687),#10077,.T.);
#9468=DIRECTION('',(0.,0.,-1.));
#9773=AXIS2_PLACEMENT_3D('',#9157,#9468,$);
#10078=PLANE('',#9773);
#10383=POLY_LOOP('',(#9157,#9158,#9195));
#10688=FACE_OUTER_BOUND('',#10383,.T.);
#10993=FACE_SURFACE('',(#10688),#10078,.T.);
#9469=DIRECTION('',(0.,0.,-1.));
#9774=AXIS2_PLACEMENT_3D('',#9166,#9469,$);
#10079=PLANE('',#9774);
#10384=POLY_LOOP('',(#9166,#9076,#9165));
#10689=FACE_OUTER_BOUND('',#10384,.T.);
#10994=FACE_SURFACE('',(#10689),#10079,.T.);
#9470=DIRECTION('',(0.,0.,-1.));
#9775=AXIS2_PLACEMENT_3D('',#9166,#9470,$);
#10080=PLANE('',#9775);
#10385=POLY_LOOP('',(#9166,#9075,#9076));
#10690=FACE_OUTER_BOUND('',#10385,.T.);
#10995=FACE_SURFACE('',(#10690),#10080,.T.);
#9471=DIRECTION('',(0.,0.,-1.));
#9776=AXIS2_PLACEMENT_3D('',#9167,#9471,$);
#10081=PLANE('',#9776);
#10386=POLY_LOOP('',(#9167,#9075,#9166));
#10691=FACE_OUTER_BOUND('',#10386,.T.);
#10996=FACE_SURFACE('',(#10691),#10081,.T.);
#9472=DIRECTION('',(0.,0.,-1.));
#9777=AXIS2_PLACEMENT_3D('',#9126,#9472,$);
#10082=PLANE('',#9777);
#10387=POLY_LOOP('',(#9126,#9096,#9125));
#10692=FACE_OUTER_BOUND('',#10387,.T.);
#10997=FACE_SURFACE('',(#10692),#10082,.T.);
#9473=DIRECTION('',(0.,0.,-1.));
#9778=AXIS2_PLACEMENT_3D('',#9126,#9473,$);
#10083=PLANE('',#9778);
#10388=POLY_LOOP('',(#9126,#9094,#9095));
#10693=FACE_OUTER_BOUND('',#10388,.T.);
#10998=FACE_SURFACE('',(#10693),#10083,.T.);
#9474=DIRECTION('',(0.,0.,-1.));
#9779=AXIS2_PLACEMENT_3D('',#9126,#9474,$);
#10084=PLANE('',#9779);
#10389=POLY_LOOP('',(#9126,#9095,#9096));
#10694=FACE_OUTER_BOUND('',#10389,.T.);
#10999=FACE_SURFACE('',(#10694),#10084,.T.);
#9475=DIRECTION('',(0.,0.,-1.));
#9780=AXIS2_PLACEMENT_3D('',#9124,#9475,$);
#10085=PLANE('',#9780);
#10390=POLY_LOOP('',(#9124,#9125,#9096));
#10695=FACE_OUTER_BOUND('',#10390,.T.);
#11000=FACE_SURFACE('',(#10695),#10085,.T.);
#9476=DIRECTION('',(0.,0.,-1.));
#9781=AXIS2_PLACEMENT_3D('',#9124,#9476,$);
#10086=PLANE('',#9781);
#10391=POLY_LOOP('',(#9124,#9072,#9073));
#10696=FACE_OUTER_BOUND('',#10391,.T.);
#11001=FACE_SURFACE('',(#10696),#10086,.T.);
#9477=DIRECTION('',(0.,0.,-1.));
#9782=AXIS2_PLACEMENT_3D('',#9124,#9477,$);
#10087=PLANE('',#9782);
#10392=POLY_LOOP('',(#9124,#9097,#9072));
#10697=FACE_OUTER_BOUND('',#10392,.T.);
#11002=FACE_SURFACE('',(#10697),#10087,.T.);
#9478=DIRECTION('',(0.,0.,-1.));
#9783=AXIS2_PLACEMENT_3D('',#9124,#9478,$);
#10088=PLANE('',#9783);
#10393=POLY_LOOP('',(#9124,#9096,#9097));
#10698=FACE_OUTER_BOUND('',#10393,.T.);
#11003=FACE_SURFACE('',(#10698),#10088,.T.);
#9479=DIRECTION('',(0.,0.,-1.));
#9784=AXIS2_PLACEMENT_3D('',#9127,#9479,$);
#10089=PLANE('',#9784);
#10394=POLY_LOOP('',(#9127,#9094,#9126));
#10699=FACE_OUTER_BOUND('',#10394,.T.);
#11004=FACE_SURFACE('',(#10699),#10089,.T.);
#9480=DIRECTION('',(0.,0.,-1.));
#9785=AXIS2_PLACEMENT_3D('',#9127,#9480,$);
#10090=PLANE('',#9785);
#10395=POLY_LOOP('',(#9127,#9093,#9094));
#10700=FACE_OUTER_BOUND('',#10395,.T.);
#11005=FACE_SURFACE('',(#10700),#10090,.T.);
#9481=DIRECTION('',(0.,0.,-1.));
#9786=AXIS2_PLACEMENT_3D('',#9123,#9481,$);
#10091=PLANE('',#9786);
#10396=POLY_LOOP('',(#9123,#9124,#9073));
#10701=FACE_OUTER_BOUND('',#10396,.T.);
#11006=FACE_SURFACE('',(#10701),#10091,.T.);
#9482=DIRECTION('',(0.,0.,-1.));
#9787=AXIS2_PLACEMENT_3D('',#9123,#9482,$);
#10092=PLANE('',#9787);
#10397=POLY_LOOP('',(#9123,#9073,#9074));
#10702=FACE_OUTER_BOUND('',#10397,.T.);
#11007=FACE_SURFACE('',(#10702),#10092,.T.);
#9483=DIRECTION('',(0.,0.,-1.));
#9788=AXIS2_PLACEMENT_3D('',#9128,#9483,$);
#10093=PLANE('',#9788);
#10398=POLY_LOOP('',(#9128,#9093,#9127));
#10703=FACE_OUTER_BOUND('',#10398,.T.);
#11008=FACE_SURFACE('',(#10703),#10093,.T.);
#9484=DIRECTION('',(0.,0.,-1.));
#9789=AXIS2_PLACEMENT_3D('',#9128,#9484,$);
#10094=PLANE('',#9789);
#10399=POLY_LOOP('',(#9128,#9092,#9093));
#10704=FACE_OUTER_BOUND('',#10399,.T.);
#11009=FACE_SURFACE('',(#10704),#10094,.T.);
#9485=DIRECTION('',(0.,0.,-1.));
#9790=AXIS2_PLACEMENT_3D('',#9129,#9485,$);
#10095=PLANE('',#9790);
#10400=POLY_LOOP('',(#9129,#9092,#9128));
#10705=FACE_OUTER_BOUND('',#10400,.T.);
#11010=FACE_SURFACE('',(#10705),#10095,.T.);
#9486=DIRECTION('',(0.,0.,-1.));
#9791=AXIS2_PLACEMENT_3D('',#9129,#9486,$);
#10096=PLANE('',#9791);
#10401=POLY_LOOP('',(#9129,#9091,#9092));
#10706=FACE_OUTER_BOUND('',#10401,.T.);
#11011=FACE_SURFACE('',(#10706),#10096,.T.);
#9487=DIRECTION('',(0.,0.,-1.));
#9792=AXIS2_PLACEMENT_3D('',#9122,#9487,$);
#10097=PLANE('',#9792);
#10402=POLY_LOOP('',(#9122,#9123,#9074));
#10707=FACE_OUTER_BOUND('',#10402,.T.);
#11012=FACE_SURFACE('',(#10707),#10097,.T.);
#9488=DIRECTION('',(0.,0.,-1.));
#9793=AXIS2_PLACEMENT_3D('',#9122,#9488,$);
#10098=PLANE('',#9793);
#10403=POLY_LOOP('',(#9122,#9074,#9075));
#10708=FACE_OUTER_BOUND('',#10403,.T.);
#11013=FACE_SURFACE('',(#10708),#10098,.T.);
#9489=DIRECTION('',(0.,0.,-1.));
#9794=AXIS2_PLACEMENT_3D('',#9121,#9489,$);
#10099=PLANE('',#9794);
#10404=POLY_LOOP('',(#9121,#9122,#9075));
#10709=FACE_OUTER_BOUND('',#10404,.T.);
#11014=FACE_SURFACE('',(#10709),#10099,.T.);
#9490=DIRECTION('',(0.,0.,-1.));
#9795=AXIS2_PLACEMENT_3D('',#9121,#9490,$);
#10100=PLANE('',#9795);
#10405=POLY_LOOP('',(#9121,#9075,#9167));
#10710=FACE_OUTER_BOUND('',#10405,.T.);
#11015=FACE_SURFACE('',(#10710),#10100,.T.);
#9491=DIRECTION('',(0.,0.,-1.));
#9796=AXIS2_PLACEMENT_3D('',#9111,#9491,$);
#10101=PLANE('',#9796);
#10406=POLY_LOOP('',(#9111,#9091,#9129));
#10711=FACE_OUTER_BOUND('',#10406,.T.);
#11016=FACE_SURFACE('',(#10711),#10101,.T.);
#9492=DIRECTION('',(0.,0.,-1.));
#9797=AXIS2_PLACEMENT_3D('',#9120,#9492,$);
#10102=PLANE('',#9797);
#10407=POLY_LOOP('',(#9120,#9121,#9167));
#10712=FACE_OUTER_BOUND('',#10407,.T.);
#11017=FACE_SURFACE('',(#10712),#10102,.T.);
#9493=DIRECTION('',(0.,0.,-1.));
#9798=AXIS2_PLACEMENT_3D('',#9120,#9493,$);
#10103=PLANE('',#9798);
#10408=POLY_LOOP('',(#9120,#9167,#9168));
#10713=FACE_OUTER_BOUND('',#10408,.T.);
#11018=FACE_SURFACE('',(#10713),#10103,.T.);
#9494=DIRECTION('',(0.,0.,-1.));
#9799=AXIS2_PLACEMENT_3D('',#9197,#9494,$);
#10104=PLANE('',#9799);
#10409=POLY_LOOP('',(#9197,#9178,#9198));
#10714=FACE_OUTER_BOUND('',#10409,.T.);
#11019=FACE_SURFACE('',(#10714),#10104,.T.);
#9495=DIRECTION('',(0.,0.,-1.));
#9800=AXIS2_PLACEMENT_3D('',#9119,#9495,$);
#10105=PLANE('',#9800);
#10410=POLY_LOOP('',(#9119,#9120,#9168));
#10715=FACE_OUTER_BOUND('',#10410,.T.);
#11020=FACE_SURFACE('',(#10715),#10105,.T.);
#9496=DIRECTION('',(0.,0.,-1.));
#9801=AXIS2_PLACEMENT_3D('',#9119,#9496,$);
#10106=PLANE('',#9801);
#10411=POLY_LOOP('',(#9119,#9168,#9169));
#10716=FACE_OUTER_BOUND('',#10411,.T.);
#11021=FACE_SURFACE('',(#10716),#10106,.T.);
#9497=DIRECTION('',(0.,0.,-1.));
#9802=AXIS2_PLACEMENT_3D('',#9118,#9497,$);
#10107=PLANE('',#9802);
#10412=POLY_LOOP('',(#9118,#9119,#9169));
#10717=FACE_OUTER_BOUND('',#10412,.T.);
#11022=FACE_SURFACE('',(#10717),#10107,.T.);
#9498=DIRECTION('',(0.,0.,-1.));
#9803=AXIS2_PLACEMENT_3D('',#9196,#9498,$);
#10108=PLANE('',#9803);
#10413=POLY_LOOP('',(#9196,#9178,#9197));
#10718=FACE_OUTER_BOUND('',#10413,.T.);
#11023=FACE_SURFACE('',(#10718),#10108,.T.);
#9499=DIRECTION('',(0.,0.,-1.));
#9804=AXIS2_PLACEMENT_3D('',#9110,#9499,$);
#10109=PLANE('',#9804);
#10414=POLY_LOOP('',(#9110,#9091,#9111));
#10719=FACE_OUTER_BOUND('',#10414,.T.);
#11024=FACE_SURFACE('',(#10719),#10109,.T.);
#9500=DIRECTION('',(0.,0.,-1.));
#9805=AXIS2_PLACEMENT_3D('',#9110,#9500,$);
#10110=PLANE('',#9805);
#10415=POLY_LOOP('',(#9110,#9109,#9091));
#10720=FACE_OUTER_BOUND('',#10415,.T.);
#11025=FACE_SURFACE('',(#10720),#10110,.T.);
#9501=DIRECTION('',(0.,0.,-1.));
#9806=AXIS2_PLACEMENT_3D('',#9147,#9501,$);
#10111=PLANE('',#9806);
#10416=POLY_LOOP('',(#9147,#9117,#9146));
#10721=FACE_OUTER_BOUND('',#10416,.T.);
#11026=FACE_SURFACE('',(#10721),#10111,.T.);
#9502=DIRECTION('',(0.,0.,-1.));
#9807=AXIS2_PLACEMENT_3D('',#9147,#9502,$);
#10112=PLANE('',#9807);
#10417=POLY_LOOP('',(#9147,#9115,#9116));
#10722=FACE_OUTER_BOUND('',#10417,.T.);
#11027=FACE_SURFACE('',(#10722),#10112,.T.);
#9503=DIRECTION('',(0.,0.,-1.));
#9808=AXIS2_PLACEMENT_3D('',#9147,#9503,$);
#10113=PLANE('',#9808);
#10418=POLY_LOOP('',(#9147,#9116,#9117));
#10723=FACE_OUTER_BOUND('',#10418,.T.);
#11028=FACE_SURFACE('',(#10723),#10113,.T.);
#9504=DIRECTION('',(0.,0.,-1.));
#9809=AXIS2_PLACEMENT_3D('',#9145,#9504,$);
#10114=PLANE('',#9809);
#10419=POLY_LOOP('',(#9145,#9169,#9170));
#10724=FACE_OUTER_BOUND('',#10419,.T.);
#11029=FACE_SURFACE('',(#10724),#10114,.T.);
#9505=DIRECTION('',(0.,0.,-1.));
#9810=AXIS2_PLACEMENT_3D('',#9145,#9505,$);
#10115=PLANE('',#9810);
#10420=POLY_LOOP('',(#9145,#9146,#9117));
#10725=FACE_OUTER_BOUND('',#10420,.T.);
#11030=FACE_SURFACE('',(#10725),#10115,.T.);
#9506=DIRECTION('',(0.,0.,-1.));
#9811=AXIS2_PLACEMENT_3D('',#9145,#9506,$);
#10116=PLANE('',#9811);
#10421=POLY_LOOP('',(#9145,#9117,#9118));
#10726=FACE_OUTER_BOUND('',#10421,.T.);
#11031=FACE_SURFACE('',(#10726),#10116,.T.);
#9507=DIRECTION('',(0.,0.,-1.));
#9812=AXIS2_PLACEMENT_3D('',#9145,#9507,$);
#10117=PLANE('',#9812);
#10422=POLY_LOOP('',(#9145,#9118,#9169));
#10727=FACE_OUTER_BOUND('',#10422,.T.);
#11032=FACE_SURFACE('',(#10727),#10117,.T.);
#9508=DIRECTION('',(0.,0.,-1.));
#9813=AXIS2_PLACEMENT_3D('',#9148,#9508,$);
#10118=PLANE('',#9813);
#10423=POLY_LOOP('',(#9148,#9115,#9147));
#10728=FACE_OUTER_BOUND('',#10423,.T.);
#11033=FACE_SURFACE('',(#10728),#10118,.T.);
#9509=DIRECTION('',(0.,0.,-1.));
#9814=AXIS2_PLACEMENT_3D('',#9144,#9509,$);
#10119=PLANE('',#9814);
#10424=POLY_LOOP('',(#9144,#9170,#9171));
#10729=FACE_OUTER_BOUND('',#10424,.T.);
#11034=FACE_SURFACE('',(#10729),#10119,.T.);
#9510=DIRECTION('',(0.,0.,-1.));
#9815=AXIS2_PLACEMENT_3D('',#9144,#9510,$);
#10120=PLANE('',#9815);
#10425=POLY_LOOP('',(#9144,#9145,#9170));
#10730=FACE_OUTER_BOUND('',#10425,.T.);
#11035=FACE_SURFACE('',(#10730),#10120,.T.);
#9511=DIRECTION('',(0.,0.,-1.));
#9816=AXIS2_PLACEMENT_3D('',#9149,#9511,$);
#10121=PLANE('',#9816);
#10426=POLY_LOOP('',(#9149,#9115,#9148));
#10731=FACE_OUTER_BOUND('',#10426,.T.);
#11036=FACE_SURFACE('',(#10731),#10121,.T.);
#9512=DIRECTION('',(0.,0.,-1.));
#9817=AXIS2_PLACEMENT_3D('',#9149,#9512,$);
#10122=PLANE('',#9817);
#10427=POLY_LOOP('',(#9149,#9114,#9115));
#10732=FACE_OUTER_BOUND('',#10427,.T.);
#11037=FACE_SURFACE('',(#10732),#10122,.T.);
#9513=DIRECTION('',(0.,0.,-1.));
#9818=AXIS2_PLACEMENT_3D('',#9150,#9513,$);
#10123=PLANE('',#9818);
#10428=POLY_LOOP('',(#9150,#9112,#9113));
#10733=FACE_OUTER_BOUND('',#10428,.T.);
#11038=FACE_SURFACE('',(#10733),#10123,.T.);
#9514=DIRECTION('',(0.,0.,-1.));
#9819=AXIS2_PLACEMENT_3D('',#9150,#9514,$);
#10124=PLANE('',#9819);
#10429=POLY_LOOP('',(#9150,#9113,#9114));
#10734=FACE_OUTER_BOUND('',#10429,.T.);
#11039=FACE_SURFACE('',(#10734),#10124,.T.);
#9515=DIRECTION('',(0.,0.,-1.));
#9820=AXIS2_PLACEMENT_3D('',#9150,#9515,$);
#10125=PLANE('',#9820);
#10430=POLY_LOOP('',(#9150,#9114,#9149));
#10735=FACE_OUTER_BOUND('',#10430,.T.);
#11040=FACE_SURFACE('',(#10735),#10125,.T.);
#9516=DIRECTION('',(0.,0.,-1.));
#9821=AXIS2_PLACEMENT_3D('',#9143,#9516,$);
#10126=PLANE('',#9821);
#10431=POLY_LOOP('',(#9143,#9171,#9172));
#10736=FACE_OUTER_BOUND('',#10431,.T.);
#11041=FACE_SURFACE('',(#10736),#10126,.T.);
#9517=DIRECTION('',(0.,0.,-1.));
#9822=AXIS2_PLACEMENT_3D('',#9143,#9517,$);
#10127=PLANE('',#9822);
#10432=POLY_LOOP('',(#9143,#9144,#9171));
#10737=FACE_OUTER_BOUND('',#10432,.T.);
#11042=FACE_SURFACE('',(#10737),#10127,.T.);
#9518=DIRECTION('',(0.,0.,-1.));
#9823=AXIS2_PLACEMENT_3D('',#9132,#9518,$);
#10128=PLANE('',#9823);
#10433=POLY_LOOP('',(#9132,#9112,#9150));
#10738=FACE_OUTER_BOUND('',#10433,.T.);
#11043=FACE_SURFACE('',(#10738),#10128,.T.);
#9519=DIRECTION('',(0.,0.,-1.));
#9824=AXIS2_PLACEMENT_3D('',#9142,#9519,$);
#10129=PLANE('',#9824);
#10434=POLY_LOOP('',(#9142,#9172,#9173));
#10739=FACE_OUTER_BOUND('',#10434,.T.);
#11044=FACE_SURFACE('',(#10739),#10129,.T.);
#9520=DIRECTION('',(0.,0.,-1.));
#9825=AXIS2_PLACEMENT_3D('',#9142,#9520,$);
#10130=PLANE('',#9825);
#10435=POLY_LOOP('',(#9142,#9143,#9172));
#10740=FACE_OUTER_BOUND('',#10435,.T.);
#11045=FACE_SURFACE('',(#10740),#10130,.T.);
#9521=DIRECTION('',(0.,0.,-1.));
#9826=AXIS2_PLACEMENT_3D('',#9141,#9521,$);
#10131=PLANE('',#9826);
#10436=POLY_LOOP('',(#9141,#9173,#9174));
#10741=FACE_OUTER_BOUND('',#10436,.T.);
#11046=FACE_SURFACE('',(#10741),#10131,.T.);
#9522=DIRECTION('',(0.,0.,-1.));
#9827=AXIS2_PLACEMENT_3D('',#9141,#9522,$);
#10132=PLANE('',#9827);
#10437=POLY_LOOP('',(#9141,#9142,#9173));
#10742=FACE_OUTER_BOUND('',#10437,.T.);
#11047=FACE_SURFACE('',(#10742),#10132,.T.);
#9523=DIRECTION('',(0.,0.,-1.));
#9828=AXIS2_PLACEMENT_3D('',#9140,#9523,$);
#10133=PLANE('',#9828);
#10438=POLY_LOOP('',(#9140,#9174,#9156));
#10743=FACE_OUTER_BOUND('',#10438,.T.);
#11048=FACE_SURFACE('',(#10743),#10133,.T.);
#9524=DIRECTION('',(0.,0.,-1.));
#9829=AXIS2_PLACEMENT_3D('',#9140,#9524,$);
#10134=PLANE('',#9829);
#10439=POLY_LOOP('',(#9140,#9141,#9174));
#10744=FACE_OUTER_BOUND('',#10439,.T.);
#11049=FACE_SURFACE('',(#10744),#10134,.T.);
#9525=DIRECTION('',(0.,0.,-1.));
#9830=AXIS2_PLACEMENT_3D('',#9153,#9525,$);
#10135=PLANE('',#9830);
#10440=POLY_LOOP('',(#9153,#9137,#9138));
#10745=FACE_OUTER_BOUND('',#10440,.T.);
#11050=FACE_SURFACE('',(#10745),#10135,.T.);
#9526=DIRECTION('',(0.,0.,-1.));
#9831=AXIS2_PLACEMENT_3D('',#9153,#9526,$);
#10136=PLANE('',#9831);
#10441=POLY_LOOP('',(#9153,#9138,#9139));
#10746=FACE_OUTER_BOUND('',#10441,.T.);
#11051=FACE_SURFACE('',(#10746),#10136,.T.);
#9527=DIRECTION('',(0.,0.,-1.));
#9832=AXIS2_PLACEMENT_3D('',#9153,#9527,$);
#10137=PLANE('',#9832);
#10442=POLY_LOOP('',(#9153,#9139,#9140));
#10747=FACE_OUTER_BOUND('',#10442,.T.);
#11052=FACE_SURFACE('',(#10747),#10137,.T.);
#9528=DIRECTION('',(0.,0.,-1.));
#9833=AXIS2_PLACEMENT_3D('',#9153,#9528,$);
#10138=PLANE('',#9833);
#10443=POLY_LOOP('',(#9153,#9140,#9156));
#10748=FACE_OUTER_BOUND('',#10443,.T.);
#11053=FACE_SURFACE('',(#10748),#10138,.T.);
#9529=DIRECTION('',(0.,0.,-1.));
#9834=AXIS2_PLACEMENT_3D('',#9136,#9529,$);
#10139=PLANE('',#9834);
#10444=POLY_LOOP('',(#9136,#9137,#9153));
#10749=FACE_OUTER_BOUND('',#10444,.T.);
#11054=FACE_SURFACE('',(#10749),#10139,.T.);
#9530=DIRECTION('',(0.,0.,-1.));
#9835=AXIS2_PLACEMENT_3D('',#9135,#9530,$);
#10140=PLANE('',#9835);
#10445=POLY_LOOP('',(#9135,#9136,#9153));
#10750=FACE_OUTER_BOUND('',#10445,.T.);
#11055=FACE_SURFACE('',(#10750),#10140,.T.);
#9531=DIRECTION('',(0.,0.,-1.));
#9836=AXIS2_PLACEMENT_3D('',#9134,#9531,$);
#10141=PLANE('',#9836);
#10446=POLY_LOOP('',(#9134,#9135,#9153));
#10751=FACE_OUTER_BOUND('',#10446,.T.);
#11056=FACE_SURFACE('',(#10751),#10141,.T.);
#9532=DIRECTION('',(0.,0.,-1.));
#9837=AXIS2_PLACEMENT_3D('',#9133,#9532,$);
#10142=PLANE('',#9837);
#10447=POLY_LOOP('',(#9133,#9134,#9153));
#10752=FACE_OUTER_BOUND('',#10447,.T.);
#11057=FACE_SURFACE('',(#10752),#10142,.T.);
#9533=DIRECTION('',(0.,0.,-1.));
#9838=AXIS2_PLACEMENT_3D('',#9175,#9533,$);
#10143=PLANE('',#9838);
#10448=POLY_LOOP('',(#9175,#9177,#9176));
#10753=FACE_OUTER_BOUND('',#10448,.T.);
#11058=FACE_SURFACE('',(#10753),#10143,.T.);
#9534=DIRECTION('',(0.,0.,-1.));
#9839=AXIS2_PLACEMENT_3D('',#9175,#9534,$);
#10144=PLANE('',#9839);
#10449=POLY_LOOP('',(#9175,#9157,#9177));
#10754=FACE_OUTER_BOUND('',#10449,.T.);
#11059=FACE_SURFACE('',(#10754),#10144,.T.);
#9535=DIRECTION('',(0.,0.,-1.));
#9840=AXIS2_PLACEMENT_3D('',#9131,#9535,$);
#10145=PLANE('',#9840);
#10450=POLY_LOOP('',(#9131,#9112,#9132));
#10755=FACE_OUTER_BOUND('',#10450,.T.);
#11060=FACE_SURFACE('',(#10755),#10145,.T.);
#9536=DIRECTION('',(0.,0.,-1.));
#9841=AXIS2_PLACEMENT_3D('',#9131,#9536,$);
#10146=PLANE('',#9841);
#10451=POLY_LOOP('',(#9131,#9130,#9112));
#10756=FACE_OUTER_BOUND('',#10451,.T.);
#11061=FACE_SURFACE('',(#10756),#10146,.T.);
#9537=DIRECTION('',(0.,0.,-1.));
#9842=AXIS2_PLACEMENT_3D('',#9154,#9537,$);
#10147=PLANE('',#9842);
#10452=POLY_LOOP('',(#9154,#9153,#9155));
#10757=FACE_OUTER_BOUND('',#10452,.T.);
#11062=FACE_SURFACE('',(#10757),#10147,.T.);
#9538=DIRECTION('',(0.,0.,-1.));
#9843=AXIS2_PLACEMENT_3D('',#9152,#9538,$);
#10148=PLANE('',#9843);
#10453=POLY_LOOP('',(#9152,#9133,#9153));
#10758=FACE_OUTER_BOUND('',#10453,.T.);
#11063=FACE_SURFACE('',(#10758),#10148,.T.);
#9539=DIRECTION('',(0.,0.,-1.));
#9844=AXIS2_PLACEMENT_3D('',#9152,#9539,$);
#10149=PLANE('',#9844);
#10454=POLY_LOOP('',(#9152,#9151,#9133));
#10759=FACE_OUTER_BOUND('',#10454,.T.);
#11064=FACE_SURFACE('',(#10759),#10149,.T.);
#9540=DIRECTION('',(0.,0.,-1.));
#9845=AXIS2_PLACEMENT_3D('',#9044,#9540,$);
#10150=PLANE('',#9845);
#10455=POLY_LOOP('',(#9044,#9025,#9045));
#10760=FACE_OUTER_BOUND('',#10455,.T.);
#11065=FACE_SURFACE('',(#10760),#10150,.T.);
#9541=DIRECTION('',(0.,0.,-1.));
#9846=AXIS2_PLACEMENT_3D('',#9025,#9541,$);
#10151=PLANE('',#9846);
#10456=POLY_LOOP('',(#9025,#9026,#9045));
#10761=FACE_OUTER_BOUND('',#10456,.T.);
#11066=FACE_SURFACE('',(#10761),#10151,.T.);
#9542=DIRECTION('',(0.,0.,-1.));
#9847=AXIS2_PLACEMENT_3D('',#9067,#9542,$);
#10152=PLANE('',#9847);
#10457=POLY_LOOP('',(#9067,#9087,#9085));
#10762=FACE_OUTER_BOUND('',#10457,.T.);
#11067=FACE_SURFACE('',(#10762),#10152,.T.);
#9543=DIRECTION('',(0.,0.,-1.));
#9848=AXIS2_PLACEMENT_3D('',#9155,#9543,$);
#10153=PLANE('',#9848);
#10458=POLY_LOOP('',(#9155,#9153,#9156));
#10763=FACE_OUTER_BOUND('',#10458,.T.);
#11068=FACE_SURFACE('',(#10763),#10153,.T.);
#9544=DIRECTION('',(0.,0.,-1.));
#9849=AXIS2_PLACEMENT_3D('',#9199,#9544,$);
#10154=PLANE('',#9849);
#10459=POLY_LOOP('',(#9199,#9219,#9217));
#10764=FACE_OUTER_BOUND('',#10459,.T.);
#11069=FACE_SURFACE('',(#10764),#10154,.T.);
#9545=DIRECTION('',(0.,0.,-1.));
#9850=AXIS2_PLACEMENT_3D('',#9199,#9545,$);
#10155=PLANE('',#9850);
#10460=POLY_LOOP('',(#9199,#9237,#9219));
#10765=FACE_OUTER_BOUND('',#10460,.T.);
#11070=FACE_SURFACE('',(#10765),#10155,.T.);
#11071=CLOSED_SHELL('',(#10766,#10767,#10768,#10769,#10770,#10771,#10772,#10773,#10774,#10775,#10776,#10777,#10778,#10779,#10780,#10781,#10782,#10783,#10784,#10785,#10786,#10787,#10788,#10789,#10790,#10791,#10792,#10793,#10794,#10795,#10796,#10797,#10798,#10799,#10800,#10801,#10802,#10803,#10804,#10805,#10806,#10807,#10808,#10809,#10810,#10811,#10812,#10813,#10814,#10815,#10816,#10817,#10818,#10819,#10820,#10821,#10822,#10823,#10824,#10825,#10826,#10827,#10828,#10829,#10830,#10831,#10832,#10833,#10834,#10835,#10836,#10837,#10838,#10839,#10840,#10841,#10842,#10843,#10844,#10845,#10846,#10847,#10848,#10849,#10850,#10851,#10852,#10853,#10854,#10855,#10856,#10857,#10858,#10859,#10860,#10861,#10862,#10863,#10864,#10865,#10866,#10867,#10868,#10869,#10870,#10871,#10872,#10873,#10874,#10875,#10876,#10877,#10878,#10879,#10880,#10881,#10882,#10883,#10884,#10885,#10886,#10887,#10888,#10889,#10890,#10891,#10892,#10893,#10894,#10895,#10896,#10897,#10898,#10899,#10900,#10901,#10902,#10903,#10904,#10905,#10906,#10907,#10908,#10909,#10910,#10911,#10912,#10913,#10914,#10915,#10916,#10917,#10918,#10919,#10920,#10921,#10922,#10923,#10924,#10925,#10926,#10927,#10928,#10929,#10930,#10931,#10932,#10933,#10934,#10935,#10936,#10937,#10938,#10939,#10940,#10941,#10942,#10943,#10944,#10945,#10946,#10947,#10948,#10949,#10950,#10951,#10952,#10953,#10954,#10955,#10956,#10957,#10958,#10959,#10960,#10961,#10962,#10963,#10964,#10965
,#10966,#10967,#10968,#10969,#10970,#10971,#10972,#10973,#10974,#10975,#10976,#10977,#10978,#10979,#10980,#10981,#10982,#10983,#10984,#10985,#10986,#10987,#10988,#10989,#10990,#10991,#10992,#10993,#10994,#10995,#10996,#10997,#10998,#10999,#11000,#11001,#11002,#11003,#11004,#11005,#11006,#11007,#11008,#11009,#11010,#11011,#11012,#11013,#11014,#11015,#11016,#11017,#11018,#11019,#11020,#11021,#11022,#11023,#11024,#11025,#11026,#11027,#11028,#11029,#11030,#11031,#11032,#11033,#11034,#11035,#11036,#11037,#11038,#11039,#11040,#11041,#11042,#11043,#11044,#11045,#11046,#11047,#11048,#11049,#11050,#11051,#11052,#11053,#11054,#11055,#11056,#11057,#11058,#11059,#11060,#11061,#11062,#11063,#11064,#11065,#11066,#11067,#11068,#11069,#11070));
#11072=FACETED_BREP('',#11071);
#11073=CARTESIAN_POINT('',(-0.0015,-0.00095,0.000025));
#11074=CARTESIAN_POINT('',(-0.001125,-0.00095,0.000025));
#11075=CARTESIAN_POINT('',(-0.0015,-0.00125,0.000025));
#11076=CARTESIAN_POINT('',(-0.001125,-0.00125,0.000025));
#11077=DIRECTION('',(0.,0.,-1.));
#11079=AXIS2_PLACEMENT_3D('',#11074,#11077,$);
#11081=PLANE('',#11079);
#11083=POLY_LOOP('',(#11074,#11075,#11073));
#11085=FACE_OUTER_BOUND('',#11083,.T.);
#11087=FACE_SURFACE('',(#11085),#11081,.T.);
#11078=DIRECTION('',(0.,0.,-1.));
#11080=AXIS2_PLACEMENT_3D('',#11074,#11078,$);
#11082=PLANE('',#11080);
#11084=POLY_LOOP('',(#11074,#11076,#11075));
#11086=FACE_OUTER_BOUND('',#11084,.T.);
#11088=FACE_SURFACE('',(#11086),#11082,.T.);
#11089=CLOSED_SHELL('',(#11087,#11088));
#11090=FACETED_BREP('',#11089);
#11091=CARTESIAN_POINT('',(0.001075,-0.00125,0.000025));
#11092=CARTESIAN_POINT('',(0.001075,-0.00095,0.000025));
#11093=CARTESIAN_POINT('',(0.0015,-0.00125,0.000025));
#11094=CARTESIAN_POINT('',(0.0015,-0.00095,0.000025));
#11095=DIRECTION('',(0.,0.,-1.));
#11097=AXIS2_PLACEMENT_3D('',#11094,#11095,$);
#11099=PLANE('',#11097);
#11101=POLY_LOOP('',(#11094,#11091,#11092));
#11103=FACE_OUTER_BOUND('',#11101,.T.);
#11105=FACE_SURFACE('',(#11103),#11099,.T.);
#11096=DIRECTION('',(0.,0.,-1.));
#11098=AXIS2_PLACEMENT_3D('',#11094,#11096,$);
#11100=PLANE('',#11098);
#11102=POLY_LOOP('',(#11094,#11093,#11091));
#11104=FACE_OUTER_BOUND('',#11102,.T.);
#11106=FACE_SURFACE('',(#11104),#11100,.T.);
#11107=CLOSED_SHELL('',(#11105,#11106));
#11108=FACETED_BREP('',#11107);
#11109=CARTESIAN_POINT('',(0.001075,0.00125,0.000025));
#11110=CARTESIAN_POINT('',(0.001075,0.00095,0.000025));
#11111=CARTESIAN_POINT('',(0.0015,0.00095,0.000025));
#11112=CARTESIAN_POINT('',(0.0015,0.00125,0.000025));
#11113=DIRECTION('',(0.,0.,-1.));
#11115=AXIS2_PLACEMENT_3D('',#11112,#11113,$);
#11117=PLANE('',#11115);
#11119=POLY_LOOP('',(#11112,#11110,#11109));
#11121=FACE_OUTER_BOUND('',#11119,.T.);
#11123=FACE_SURFACE('',(#11121),#11117,.T.);
#11114=DIRECTION('',(0.,0.,-1.));
#11116=AXIS2_PLACEMENT_3D('',#11112,#11114,$);
#11118=PLANE('',#11116);
#11120=POLY_LOOP('',(#11112,#11111,#11110));
#11122=FACE_OUTER_BOUND('',#11120,.T.);
#11124=FACE_SURFACE('',(#11122),#11118,.T.);
#11125=CLOSED_SHELL('',(#11123,#11124));
#11126=FACETED_BREP('',#11125);
#11127=CARTESIAN_POINT('',(-0.0015,0.00095,0.000025));
#11128=CARTESIAN_POINT('',(-0.001125,0.00095,0.000025));
#11129=CARTESIAN_POINT('',(-0.0015,0.00095,0.0001));
#11130=CARTESIAN_POINT('',(-0.001125,0.00095,0.0001));
#11131=DIRECTION('',(0.,-1.,0.));
#11133=AXIS2_PLACEMENT_3D('',#11129,#11131,$);
#11135=PLANE('',#11133);
#11137=POLY_LOOP('',(#11129,#11127,#11128));
#11139=FACE_OUTER_BOUND('',#11137,.T.);
#11141=FACE_SURFACE('',(#11139),#11135,.T.);
#11132=DIRECTION('',(0.,-1.,0.));
#11134=AXIS2_PLACEMENT_3D('',#11129,#11132,$);
#11136=PLANE('',#11134);
#11138=POLY_LOOP('',(#11129,#11128,#11130));
#11140=FACE_OUTER_BOUND('',#11138,.T.);
#11142=FACE_SURFACE('',(#11140),#11136,.T.);
#11143=CLOSED_SHELL('',(#11141,#11142));
#11144=FACETED_BREP('',#11143);
#11145=CARTESIAN_POINT('',(-0.0015,0.00075,0.000025));
#11146=CARTESIAN_POINT('',(-0.0015,0.00075,0.0001));
#11147=CARTESIAN_POINT('',(-0.0015,0.000493485,0.000025));
#11148=CARTESIAN_POINT('',(-0.0015,0.000493485,0.0001));
#11149=CARTESIAN_POINT('',(-0.0015,0.000293485,0.0001));
#11150=CARTESIAN_POINT('',(-0.0015,0.000293485,0.000025));
#11151=CARTESIAN_POINT('',(-0.0015,0.000093485,0.000025));
#11152=CARTESIAN_POINT('',(-0.0015,0.000093485,0.0001));
#11153=CARTESIAN_POINT('',(-0.0015,-0.000106515,0.0001));
#11154=CARTESIAN_POINT('',(-0.0015,-0.000106515,0.000025));
#11155=CARTESIAN_POINT('',(-0.0015,-0.000306515,0.000025));
#11156=CARTESIAN_POINT('',(-0.0015,-0.000306515,0.0001));
#11157=CARTESIAN_POINT('',(-0.0015,-0.000506515,0.0001));
#11158=CARTESIAN_POINT('',(-0.0015,-0.000506515,0.000025));
#11159=CARTESIAN_POINT('',(-0.0015,-0.00075,0.000025));
#11160=CARTESIAN_POINT('',(-0.0015,-0.00075,0.0001));
#11161=CARTESIAN_POINT('',(-0.0015,-0.00095,0.0001));
#11162=CARTESIAN_POINT('',(-0.0015,-0.00095,0.000025));
#11163=CARTESIAN_POINT('',(-0.0015,-0.00125,0.000025));
#11164=CARTESIAN_POINT('',(-0.0015,-0.00125,0.0008));
#11165=CARTESIAN_POINT('',(-0.0015,0.00125,0.0008));
#11166=CARTESIAN_POINT('',(-0.0015,0.00125,0.000025));
#11167=CARTESIAN_POINT('',(-0.0015,0.00095,0.000025));
#11168=CARTESIAN_POINT('',(-0.0015,0.00095,0.0001));
#11169=DIRECTION('',(-1.,0.,0.));
#11191=AXIS2_PLACEMENT_3D('',#11168,#11169,$);
#11213=PLANE('',#11191);
#11235=POLY_LOOP('',(#11168,#11166,#11167));
#11257=FACE_OUTER_BOUND('',#11235,.T.);
#11279=FACE_SURFACE('',(#11257),#11213,.T.);
#11170=DIRECTION('',(-1.,0.,0.));
#11192=AXIS2_PLACEMENT_3D('',#11165,#11170,$);
#11214=PLANE('',#11192);
#11236=POLY_LOOP('',(#11165,#11168,#11146));
#11258=FACE_OUTER_BOUND('',#11236,.T.);
#11280=FACE_SURFACE('',(#11258),#11214,.T.);
#11171=DIRECTION('',(-1.,0.,0.));
#11193=AXIS2_PLACEMENT_3D('',#11165,#11171,$);
#11215=PLANE('',#11193);
#11237=POLY_LOOP('',(#11165,#11166,#11168));
#11259=FACE_OUTER_BOUND('',#11237,.T.);
#11281=FACE_SURFACE('',(#11259),#11215,.T.);
#11172=DIRECTION('',(-1.,0.,0.));
#11194=AXIS2_PLACEMENT_3D('',#11148,#11172,$);
#11216=PLANE('',#11194);
#11238=POLY_LOOP('',(#11148,#11146,#11145));
#11260=FACE_OUTER_BOUND('',#11238,.T.);
#11282=FACE_SURFACE('',(#11260),#11216,.T.);
#11173=DIRECTION('',(-1.,0.,0.));
#11195=AXIS2_PLACEMENT_3D('',#11148,#11173,$);
#11217=PLANE('',#11195);
#11239=POLY_LOOP('',(#11148,#11145,#11147));
#11261=FACE_OUTER_BOUND('',#11239,.T.);
#11283=FACE_SURFACE('',(#11261),#11217,.T.);
#11174=DIRECTION('',(-1.,0.,0.));
#11196=AXIS2_PLACEMENT_3D('',#11148,#11174,$);
#11218=PLANE('',#11196);
#11240=POLY_LOOP('',(#11148,#11165,#11146));
#11262=FACE_OUTER_BOUND('',#11240,.T.);
#11284=FACE_SURFACE('',(#11262),#11218,.T.);
#11175=DIRECTION('',(-1.,0.,0.));
#11197=AXIS2_PLACEMENT_3D('',#11149,#11175,$);
#11219=PLANE('',#11197);
#11241=POLY_LOOP('',(#11149,#11165,#11148));
#11263=FACE_OUTER_BOUND('',#11241,.T.);
#11285=FACE_SURFACE('',(#11263),#11219,.T.);
#11176=DIRECTION('',(-1.,0.,0.));
#11198=AXIS2_PLACEMENT_3D('',#11152,#11176,$);
#11220=PLANE('',#11198);
#11242=POLY_LOOP('',(#11152,#11149,#11150));
#11264=FACE_OUTER_BOUND('',#11242,.T.);
#11286=FACE_SURFACE('',(#11264),#11220,.T.);
#11177=DIRECTION('',(-1.,0.,0.));
#11199=AXIS2_PLACEMENT_3D('',#11152,#11177,$);
#11221=PLANE('',#11199);
#11243=POLY_LOOP('',(#11152,#11150,#11151));
#11265=FACE_OUTER_BOUND('',#11243,.T.);
#11287=FACE_SURFACE('',(#11265),#11221,.T.);
#11178=DIRECTION('',(-1.,0.,0.));
#11200=AXIS2_PLACEMENT_3D('',#11152,#11178,$);
#11222=PLANE('',#11200);
#11244=POLY_LOOP('',(#11152,#11165,#11149));
#11266=FACE_OUTER_BOUND('',#11244,.T.);
#11288=FACE_SURFACE('',(#11266),#11222,.T.);
#11179=DIRECTION('',(-1.,0.,0.));
#11201=AXIS2_PLACEMENT_3D('',#11156,#11179,$);
#11223=PLANE('',#11201);
#11245=POLY_LOOP('',(#11156,#11153,#11154));
#11267=FACE_OUTER_BOUND('',#11245,.T.);
#11289=FACE_SURFACE('',(#11267),#11223,.T.);
#11180=DIRECTION('',(-1.,0.,0.));
#11202=AXIS2_PLACEMENT_3D('',#11156,#11180,$);
#11224=PLANE('',#11202);
#11246=POLY_LOOP('',(#11156,#11154,#11155));
#11268=FACE_OUTER_BOUND('',#11246,.T.);
#11290=FACE_SURFACE('',(#11268),#11224,.T.);
#11181=DIRECTION('',(-1.,0.,0.));
#11203=AXIS2_PLACEMENT_3D('',#11160,#11181,$);
#11225=PLANE('',#11203);
#11247=POLY_LOOP('',(#11160,#11157,#11158));
#11269=FACE_OUTER_BOUND('',#11247,.T.);
#11291=FACE_SURFACE('',(#11269),#11225,.T.);
#11182=DIRECTION('',(-1.,0.,0.));
#11204=AXIS2_PLACEMENT_3D('',#11160,#11182,$);
#11226=PLANE('',#11204);
#11248=POLY_LOOP('',(#11160,#11158,#11159));
#11270=FACE_OUTER_BOUND('',#11248,.T.);
#11292=FACE_SURFACE('',(#11270),#11226,.T.);
#11183=DIRECTION('',(-1.,0.,0.));
#11205=AXIS2_PLACEMENT_3D('',#11163,#11183,$);
#11227=PLANE('',#11205);
#11249=POLY_LOOP('',(#11163,#11161,#11162));
#11271=FACE_OUTER_BOUND('',#11249,.T.);
#11293=FACE_SURFACE('',(#11271),#11227,.T.);
#11184=DIRECTION('',(-1.,0.,0.));
#11206=AXIS2_PLACEMENT_3D('',#11164,#11184,$);
#11228=PLANE('',#11206);
#11250=POLY_LOOP('',(#11164,#11152,#11153));
#11272=FACE_OUTER_BOUND('',#11250,.T.);
#11294=FACE_SURFACE('',(#11272),#11228,.T.);
#11185=DIRECTION('',(-1.,0.,0.));
#11207=AXIS2_PLACEMENT_3D('',#11164,#11185,$);
#11229=PLANE('',#11207);
#11251=POLY_LOOP('',(#11164,#11156,#11157));
#11273=FACE_OUTER_BOUND('',#11251,.T.);
#11295=FACE_SURFACE('',(#11273),#11229,.T.);
#11186=DIRECTION('',(-1.,0.,0.));
#11208=AXIS2_PLACEMENT_3D('',#11164,#11186,$);
#11230=PLANE('',#11208);
#11252=POLY_LOOP('',(#11164,#11160,#11161));
#11274=FACE_OUTER_BOUND('',#11252,.T.);
#11296=FACE_SURFACE('',(#11274),#11230,.T.);
#11187=DIRECTION('',(-1.,0.,0.));
#11209=AXIS2_PLACEMENT_3D('',#11164,#11187,$);
#11231=PLANE('',#11209);
#11253=POLY_LOOP('',(#11164,#11165,#11152));
#11275=FACE_OUTER_BOUND('',#11253,.T.);
#11297=FACE_SURFACE('',(#11275),#11231,.T.);
#11188=DIRECTION('',(-1.,0.,0.));
#11210=AXIS2_PLACEMENT_3D('',#11164,#11188,$);
#11232=PLANE('',#11210);
#11254=POLY_LOOP('',(#11164,#11153,#11156));
#11276=FACE_OUTER_BOUND('',#11254,.T.);
#11298=FACE_SURFACE('',(#11276),#11232,.T.);
#11189=DIRECTION('',(-1.,0.,0.));
#11211=AXIS2_PLACEMENT_3D('',#11164,#11189,$);
#11233=PLANE('',#11211);
#11255=POLY_LOOP('',(#11164,#11157,#11160));
#11277=FACE_OUTER_BOUND('',#11255,.T.);
#11299=FACE_SURFACE('',(#11277),#11233,.T.);
#11190=DIRECTION('',(-1.,0.,0.));
#11212=AXIS2_PLACEMENT_3D('',#11164,#11190,$);
#11234=PLANE('',#11212);
#11256=POLY_LOOP('',(#11164,#11161,#11163));
#11278=FACE_OUTER_BOUND('',#11256,.T.);
#11300=FACE_SURFACE('',(#11278),#11234,.T.);
#11301=CLOSED_SHELL('',(#11279,#11280,#11281,#11282,#11283,#11284,#11285,#11286,#11287,#11288,#11289,#11290,#11291,#11292,#11293,#11294,#11295,#11296,#11297,#11298,#11299,#11300));
#11302=FACETED_BREP('',#11301);
#11303=CARTESIAN_POINT('',(-0.001125,-0.00125,0.0001));
#11304=CARTESIAN_POINT('',(-0.000925,-0.00125,0.0001));
#11305=CARTESIAN_POINT('',(-0.000925,-0.00075,0.0001));
#11306=CARTESIAN_POINT('',(-0.0015,-0.00075,0.0001));
#11307=CARTESIAN_POINT('',(-0.0015,-0.00095,0.0001));
#11308=CARTESIAN_POINT('',(-0.001125,-0.00095,0.0001));
#11309=DIRECTION('',(0.,0.,-1.));
#11313=AXIS2_PLACEMENT_3D('',#11308,#11309,$);
#11317=PLANE('',#11313);
#11321=POLY_LOOP('',(#11308,#11304,#11303));
#11325=FACE_OUTER_BOUND('',#11321,.T.);
#11329=FACE_SURFACE('',(#11325),#11317,.T.);
#11310=DIRECTION('',(0.,0.,-1.));
#11314=AXIS2_PLACEMENT_3D('',#11308,#11310,$);
#11318=PLANE('',#11314);
#11322=POLY_LOOP('',(#11308,#11307,#11306));
#11326=FACE_OUTER_BOUND('',#11322,.T.);
#11330=FACE_SURFACE('',(#11326),#11318,.T.);
#11311=DIRECTION('',(0.,0.,-1.));
#11315=AXIS2_PLACEMENT_3D('',#11305,#11311,$);
#11319=PLANE('',#11315);
#11323=POLY_LOOP('',(#11305,#11308,#11306));
#11327=FACE_OUTER_BOUND('',#11323,.T.);
#11331=FACE_SURFACE('',(#11327),#11319,.T.);
#11312=DIRECTION('',(0.,0.,-1.));
#11316=AXIS2_PLACEMENT_3D('',#11305,#11312,$);
#11320=PLANE('',#11316);
#11324=POLY_LOOP('',(#11305,#11304,#11308));
#11328=FACE_OUTER_BOUND('',#11324,.T.);
#11332=FACE_SURFACE('',(#11328),#11320,.T.);
#11333=CLOSED_SHELL('',(#11329,#11330,#11331,#11332));
#11334=FACETED_BREP('',#11333);
#11335=CARTESIAN_POINT('',(-0.000725,-0.00125,0.0001));
#11336=CARTESIAN_POINT('',(-0.000525,-0.00125,0.0001));
#11337=CARTESIAN_POINT('',(-0.000525,-0.000949995,0.0001));
#11338=CARTESIAN_POINT('',(-0.0005265192,-0.0009326302,0.0001));
#11339=CARTESIAN_POINT('',(-0.0005310308,-0.000915793,0.0001));
#11340=CARTESIAN_POINT('',(-0.0005383975,-0.000899995,0.0001));
#11341=CARTESIAN_POINT('',(-0.0005483956,-0.0008857162,0.0001));
#11342=CARTESIAN_POINT('',(-0.0005607213,-0.0008733905,0.0001));
#11343=CARTESIAN_POINT('',(-0.000575,-0.0008633925,0.0001));
#11344=CARTESIAN_POINT('',(-0.000590798,-0.0008560257,0.0001));
#11345=CARTESIAN_POINT('',(-0.0006076352,-0.0008515142,0.0001));
#11346=CARTESIAN_POINT('',(-0.000625,-0.000849995,0.0001));
#11347=CARTESIAN_POINT('',(-0.0006423648,-0.0008515142,0.0001));
#11348=CARTESIAN_POINT('',(-0.000659202,-0.0008560257,0.0001));
#11349=CARTESIAN_POINT('',(-0.000675,-0.0008633925,0.0001));
#11350=CARTESIAN_POINT('',(-0.0006892788,-0.0008733905,0.0001));
#11351=CARTESIAN_POINT('',(-0.0007016045,-0.0008857162,0.0001));
#11352=CARTESIAN_POINT('',(-0.0007116026,-0.000899995,0.0001));
#11353=CARTESIAN_POINT('',(-0.0007189693,-0.000915793,0.0001));
#11354=CARTESIAN_POINT('',(-0.0007234808,-0.0009326302,0.0001));
#11355=CARTESIAN_POINT('',(-0.000725,-0.000949995,0.0001));
#11356=DIRECTION('',(0.,0.,-1.));
#11375=AXIS2_PLACEMENT_3D('',#11337,#11356,$);
#11394=PLANE('',#11375);
#11413=POLY_LOOP('',(#11337,#11336,#11335));
#11432=FACE_OUTER_BOUND('',#11413,.T.);
#11451=FACE_SURFACE('',(#11432),#11394,.T.);
#11357=DIRECTION('',(0.,0.,-1.));
#11376=AXIS2_PLACEMENT_3D('',#11337,#11357,$);
#11395=PLANE('',#11376);
#11414=POLY_LOOP('',(#11337,#11355,#11354));
#11433=FACE_OUTER_BOUND('',#11414,.T.);
#11452=FACE_SURFACE('',(#11433),#11395,.T.);
#11358=DIRECTION('',(0.,0.,-1.));
#11377=AXIS2_PLACEMENT_3D('',#11337,#11358,$);
#11396=PLANE('',#11377);
#11415=POLY_LOOP('',(#11337,#11335,#11355));
#11434=FACE_OUTER_BOUND('',#11415,.T.);
#11453=FACE_SURFACE('',(#11434),#11396,.T.);
#11359=DIRECTION('',(0.,0.,-1.));
#11378=AXIS2_PLACEMENT_3D('',#11342,#11359,$);
#11397=PLANE('',#11378);
#11416=POLY_LOOP('',(#11342,#11344,#11343));
#11435=FACE_OUTER_BOUND('',#11416,.T.);
#11454=FACE_SURFACE('',(#11435),#11397,.T.);
#11360=DIRECTION('',(0.,0.,-1.));
#11379=AXIS2_PLACEMENT_3D('',#11341,#11360,$);
#11398=PLANE('',#11379);
#11417=POLY_LOOP('',(#11341,#11338,#11337));
#11436=FACE_OUTER_BOUND('',#11417,.T.);
#11455=FACE_SURFACE('',(#11436),#11398,.T.);
#11361=DIRECTION('',(0.,0.,-1.));
#11380=AXIS2_PLACEMENT_3D('',#11341,#11361,$);
#11399=PLANE('',#11380);
#11418=POLY_LOOP('',(#11341,#11339,#11338));
#11437=FACE_OUTER_BOUND('',#11418,.T.);
#11456=FACE_SURFACE('',(#11437),#11399,.T.);
#11362=DIRECTION('',(0.,0.,-1.));
#11381=AXIS2_PLACEMENT_3D('',#11341,#11362,$);
#11400=PLANE('',#11381);
#11419=POLY_LOOP('',(#11341,#11340,#11339));
#11438=FACE_OUTER_BOUND('',#11419,.T.);
#11457=FACE_SURFACE('',(#11438),#11400,.T.);
#11363=DIRECTION('',(0.,0.,-1.));
#11382=AXIS2_PLACEMENT_3D('',#11341,#11363,$);
#11401=PLANE('',#11382);
#11420=POLY_LOOP('',(#11341,#11345,#11344));
#11439=FACE_OUTER_BOUND('',#11420,.T.);
#11458=FACE_SURFACE('',(#11439),#11401,.T.);
#11364=DIRECTION('',(0.,0.,-1.));
#11383=AXIS2_PLACEMENT_3D('',#11341,#11364,$);
#11402=PLANE('',#11383);
#11421=POLY_LOOP('',(#11341,#11346,#11345));
#11440=FACE_OUTER_BOUND('',#11421,.T.);
#11459=FACE_SURFACE('',(#11440),#11402,.T.);
#11365=DIRECTION('',(0.,0.,-1.));
#11384=AXIS2_PLACEMENT_3D('',#11341,#11365,$);
#11403=PLANE('',#11384);
#11422=POLY_LOOP('',(#11341,#11347,#11346));
#11441=FACE_OUTER_BOUND('',#11422,.T.);
#11460=FACE_SURFACE('',(#11441),#11403,.T.);
#11366=DIRECTION('',(0.,0.,-1.));
#11385=AXIS2_PLACEMENT_3D('',#11341,#11366,$);
#11404=PLANE('',#11385);
#11423=POLY_LOOP('',(#11341,#11348,#11347));
#11442=FACE_OUTER_BOUND('',#11423,.T.);
#11461=FACE_SURFACE('',(#11442),#11404,.T.);
#11367=DIRECTION('',(0.,0.,-1.));
#11386=AXIS2_PLACEMENT_3D('',#11341,#11367,$);
#11405=PLANE('',#11386);
#11424=POLY_LOOP('',(#11341,#11349,#11348));
#11443=FACE_OUTER_BOUND('',#11424,.T.);
#11462=FACE_SURFACE('',(#11443),#11405,.T.);
#11368=DIRECTION('',(0.,0.,-1.));
#11387=AXIS2_PLACEMENT_3D('',#11341,#11368,$);
#11406=PLANE('',#11387);
#11425=POLY_LOOP('',(#11341,#11350,#11349));
#11444=FACE_OUTER_BOUND('',#11425,.T.);
#11463=FACE_SURFACE('',(#11444),#11406,.T.);
#11369=DIRECTION('',(0.,0.,-1.));
#11388=AXIS2_PLACEMENT_3D('',#11341,#11369,$);
#11407=PLANE('',#11388);
#11426=POLY_LOOP('',(#11341,#11351,#11350));
#11445=FACE_OUTER_BOUND('',#11426,.T.);
#11464=FACE_SURFACE('',(#11445),#11407,.T.);
#11370=DIRECTION('',(0.,0.,-1.));
#11389=AXIS2_PLACEMENT_3D('',#11341,#11370,$);
#11408=PLANE('',#11389);
#11427=POLY_LOOP('',(#11341,#11352,#11351));
#11446=FACE_OUTER_BOUND('',#11427,.T.);
#11465=FACE_SURFACE('',(#11446),#11408,.T.);
#11371=DIRECTION('',(0.,0.,-1.));
#11390=AXIS2_PLACEMENT_3D('',#11341,#11371,$);
#11409=PLANE('',#11390);
#11428=POLY_LOOP('',(#11341,#11353,#11352));
#11447=FACE_OUTER_BOUND('',#11428,.T.);
#11466=FACE_SURFACE('',(#11447),#11409,.T.);
#11372=DIRECTION('',(0.,0.,-1.));
#11391=AXIS2_PLACEMENT_3D('',#11341,#11372,$);
#11410=PLANE('',#11391);
#11429=POLY_LOOP('',(#11341,#11354,#11353));
#11448=FACE_OUTER_BOUND('',#11429,.T.);
#11467=FACE_SURFACE('',(#11448),#11410,.T.);
#11373=DIRECTION('',(0.,0.,-1.));
#11392=AXIS2_PLACEMENT_3D('',#11341,#11373,$);
#11411=PLANE('',#11392);
#11430=POLY_LOOP('',(#11341,#11337,#11354));
#11449=FACE_OUTER_BOUND('',#11430,.T.);
#11468=FACE_SURFACE('',(#11449),#11411,.T.);
#11374=DIRECTION('',(0.,0.,-1.));
#11393=AXIS2_PLACEMENT_3D('',#11341,#11374,$);
#11412=PLANE('',#11393);
#11431=POLY_LOOP('',(#11341,#11344,#11342));
#11450=FACE_OUTER_BOUND('',#11431,.T.);
#11469=FACE_SURFACE('',(#11450),#11412,.T.);
#11470=CLOSED_SHELL('',(#11451,#11452,#11453,#11454,#11455,#11456,#11457,#11458,#11459,#11460,#11461,#11462,#11463,#11464,#11465,#11466,#11467,#11468,#11469));
#11471=FACETED_BREP('',#11470);
#11472=CARTESIAN_POINT('',(-0.000325,-0.00125,0.0001));
#11473=CARTESIAN_POINT('',(-0.000125,-0.00125,0.0001));
#11474=CARTESIAN_POINT('',(-0.000125,-0.000949995,0.0001));
#11475=CARTESIAN_POINT('',(-0.0001265192,-0.0009326302,0.0001));
#11476=CARTESIAN_POINT('',(-0.0001310307,-0.000915793,0.0001));
#11477=CARTESIAN_POINT('',(-0.0001383975,-0.000899995,0.0001));
#11478=CARTESIAN_POINT('',(-0.0001483956,-0.0008857162,0.0001));
#11479=CARTESIAN_POINT('',(-0.0001607212,-0.0008733905,0.0001));
#11480=CARTESIAN_POINT('',(-0.000175,-0.0008633925,0.0001));
#11481=CARTESIAN_POINT('',(-0.000190798,-0.0008560257,0.0001));
#11482=CARTESIAN_POINT('',(-0.0002076352,-0.0008515142,0.0001));
#11483=CARTESIAN_POINT('',(-0.000225,-0.000849995,0.0001));
#11484=CARTESIAN_POINT('',(-0.0002423648,-0.0008515142,0.0001));
#11485=CARTESIAN_POINT('',(-0.000259202,-0.0008560257,0.0001));
#11486=CARTESIAN_POINT('',(-0.000275,-0.0008633925,0.0001));
#11487=CARTESIAN_POINT('',(-0.0002892788,-0.0008733905,0.0001));
#11488=CARTESIAN_POINT('',(-0.0003016045,-0.0008857162,0.0001));
#11489=CARTESIAN_POINT('',(-0.0003116025,-0.000899995,0.0001));
#11490=CARTESIAN_POINT('',(-0.0003189693,-0.000915793,0.0001));
#11491=CARTESIAN_POINT('',(-0.0003234808,-0.0009326302,0.0001));
#11492=CARTESIAN_POINT('',(-0.000325,-0.000949995,0.0001));
#11493=DIRECTION('',(0.,0.,-1.));
#11512=AXIS2_PLACEMENT_3D('',#11474,#11493,$);
#11531=PLANE('',#11512);
#11550=POLY_LOOP('',(#11474,#11473,#11472));
#11569=FACE_OUTER_BOUND('',#11550,.T.);
#11588=FACE_SURFACE('',(#11569),#11531,.T.);
#11494=DIRECTION('',(0.,0.,-1.));
#11513=AXIS2_PLACEMENT_3D('',#11474,#11494,$);
#11532=PLANE('',#11513);
#11551=POLY_LOOP('',(#11474,#11492,#11491));
#11570=FACE_OUTER_BOUND('',#11551,.T.);
#11589=FACE_SURFACE('',(#11570),#11532,.T.);
#11495=DIRECTION('',(0.,0.,-1.));
#11514=AXIS2_PLACEMENT_3D('',#11474,#11495,$);
#11533=PLANE('',#11514);
#11552=POLY_LOOP('',(#11474,#11472,#11492));
#11571=FACE_OUTER_BOUND('',#11552,.T.);
#11590=FACE_SURFACE('',(#11571),#11533,.T.);
#11496=DIRECTION('',(0.,0.,-1.));
#11515=AXIS2_PLACEMENT_3D('',#11478,#11496,$);
#11534=PLANE('',#11515);
#11553=POLY_LOOP('',(#11478,#11475,#11474));
#11572=FACE_OUTER_BOUND('',#11553,.T.);
#11591=FACE_SURFACE('',(#11572),#11534,.T.);
#11497=DIRECTION('',(0.,0.,-1.));
#11516=AXIS2_PLACEMENT_3D('',#11478,#11497,$);
#11535=PLANE('',#11516);
#11554=POLY_LOOP('',(#11478,#11476,#11475));
#11573=FACE_OUTER_BOUND('',#11554,.T.);
#11592=FACE_SURFACE('',(#11573),#11535,.T.);
#11498=DIRECTION('',(0.,0.,-1.));
#11517=AXIS2_PLACEMENT_3D('',#11478,#11498,$);
#11536=PLANE('',#11517);
#11555=POLY_LOOP('',(#11478,#11477,#11476));
#11574=FACE_OUTER_BOUND('',#11555,.T.);
#11593=FACE_SURFACE('',(#11574),#11536,.T.);
#11499=DIRECTION('',(0.,0.,-1.));
#11518=AXIS2_PLACEMENT_3D('',#11478,#11499,$);
#11537=PLANE('',#11518);
#11556=POLY_LOOP('',(#11478,#11480,#11479));
#11575=FACE_OUTER_BOUND('',#11556,.T.);
#11594=FACE_SURFACE('',(#11575),#11537,.T.);
#11500=DIRECTION('',(0.,0.,-1.));
#11519=AXIS2_PLACEMENT_3D('',#11478,#11500,$);
#11538=PLANE('',#11519);
#11557=POLY_LOOP('',(#11478,#11481,#11480));
#11576=FACE_OUTER_BOUND('',#11557,.T.);
#11595=FACE_SURFACE('',(#11576),#11538,.T.);
#11501=DIRECTION('',(0.,0.,-1.));
#11520=AXIS2_PLACEMENT_3D('',#11478,#11501,$);
#11539=PLANE('',#11520);
#11558=POLY_LOOP('',(#11478,#11482,#11481));
#11577=FACE_OUTER_BOUND('',#11558,.T.);
#11596=FACE_SURFACE('',(#11577),#11539,.T.);
#11502=DIRECTION('',(0.,0.,-1.));
#11521=AXIS2_PLACEMENT_3D('',#11478,#11502,$);
#11540=PLANE('',#11521);
#11559=POLY_LOOP('',(#11478,#11483,#11482));
#11578=FACE_OUTER_BOUND('',#11559,.T.);
#11597=FACE_SURFACE('',(#11578),#11540,.T.);
#11503=DIRECTION('',(0.,0.,-1.));
#11522=AXIS2_PLACEMENT_3D('',#11478,#11503,$);
#11541=PLANE('',#11522);
#11560=POLY_LOOP('',(#11478,#11484,#11483));
#11579=FACE_OUTER_BOUND('',#11560,.T.);
#11598=FACE_SURFACE('',(#11579),#11541,.T.);
#11504=DIRECTION('',(0.,0.,-1.));
#11523=AXIS2_PLACEMENT_3D('',#11478,#11504,$);
#11542=PLANE('',#11523);
#11561=POLY_LOOP('',(#11478,#11485,#11484));
#11580=FACE_OUTER_BOUND('',#11561,.T.);
#11599=FACE_SURFACE('',(#11580),#11542,.T.);
#11505=DIRECTION('',(0.,0.,-1.));
#11524=AXIS2_PLACEMENT_3D('',#11478,#11505,$);
#11543=PLANE('',#11524);
#11562=POLY_LOOP('',(#11478,#11486,#11485));
#11581=FACE_OUTER_BOUND('',#11562,.T.);
#11600=FACE_SURFACE('',(#11581),#11543,.T.);
#11506=DIRECTION('',(0.,0.,-1.));
#11525=AXIS2_PLACEMENT_3D('',#11478,#11506,$);
#11544=PLANE('',#11525);
#11563=POLY_LOOP('',(#11478,#11487,#11486));
#11582=FACE_OUTER_BOUND('',#11563,.T.);
#11601=FACE_SURFACE('',(#11582),#11544,.T.);
#11507=DIRECTION('',(0.,0.,-1.));
#11526=AXIS2_PLACEMENT_3D('',#11478,#11507,$);
#11545=PLANE('',#11526);
#11564=POLY_LOOP('',(#11478,#11488,#11487));
#11583=FACE_OUTER_BOUND('',#11564,.T.);
#11602=FACE_SURFACE('',(#11583),#11545,.T.);
#11508=DIRECTION('',(0.,0.,-1.));
#11527=AXIS2_PLACEMENT_3D('',#11478,#11508,$);
#11546=PLANE('',#11527);
#11565=POLY_LOOP('',(#11478,#11489,#11488));
#11584=FACE_OUTER_BOUND('',#11565,.T.);
#11603=FACE_SURFACE('',(#11584),#11546,.T.);
#11509=DIRECTION('',(0.,0.,-1.));
#11528=AXIS2_PLACEMENT_3D('',#11478,#11509,$);
#11547=PLANE('',#11528);
#11566=POLY_LOOP('',(#11478,#11490,#11489));
#11585=FACE_OUTER_BOUND('',#11566,.T.);
#11604=FACE_SURFACE('',(#11585),#11547,.T.);
#11510=DIRECTION('',(0.,0.,-1.));
#11529=AXIS2_PLACEMENT_3D('',#11478,#11510,$);
#11548=PLANE('',#11529);
#11567=POLY_LOOP('',(#11478,#11491,#11490));
#11586=FACE_OUTER_BOUND('',#11567,.T.);
#11605=FACE_SURFACE('',(#11586),#11548,.T.);
#11511=DIRECTION('',(0.,0.,-1.));
#11530=AXIS2_PLACEMENT_3D('',#11478,#11511,$);
#11549=PLANE('',#11530);
#11568=POLY_LOOP('',(#11478,#11474,#11491));
#11587=FACE_OUTER_BOUND('',#11568,.T.);
#11606=FACE_SURFACE('',(#11587),#11549,.T.);
#11607=CLOSED_SHELL('',(#11588,#11589,#11590,#11591,#11592,#11593,#11594,#11595,#11596,#11597,#11598,#11599,#11600,#11601,#11602,#11603,#11604,#11605,#11606));
#11608=FACETED_BREP('',#11607);
#11609=CARTESIAN_POINT('',(0.000075,-0.00125,0.0001));
#11610=CARTESIAN_POINT('',(0.000275,-0.00125,0.0001));
#11611=CARTESIAN_POINT('',(0.000275,-0.00055,0.0001));
#11612=CARTESIAN_POINT('',(0.0002734808,-0.0005326352,0.0001));
#11613=CARTESIAN_POINT('',(0.0002689692,-0.000515798,0.0001));
#11614=CARTESIAN_POINT('',(0.0002616025,-0.0005,0.0001));
#11615=CARTESIAN_POINT('',(0.0002516044,-0.0004857212,0.0001));
#11616=CARTESIAN_POINT('',(0.0002392788,-0.0004733955,0.0001));
#11617=CARTESIAN_POINT('',(0.000225,-0.0004633974,0.0001));
#11618=CARTESIAN_POINT('',(0.000209202,-0.0004560307,0.0001));
#11619=CARTESIAN_POINT('',(0.0001923648,-0.0004515192,0.0001));
#11620=CARTESIAN_POINT('',(0.000175,-0.00045,0.0001));
#11621=CARTESIAN_POINT('',(0.0001576352,-0.0004515192,0.0001));
#11622=CARTESIAN_POINT('',(0.000140798,-0.0004560307,0.0001));
#11623=CARTESIAN_POINT('',(0.000125,-0.0004633974,0.0001));
#11624=CARTESIAN_POINT('',(0.0001107212,-0.0004733955,0.0001));
#11625=CARTESIAN_POINT('',(0.00009839555,-0.0004857212,0.0001));
#11626=CARTESIAN_POINT('',(0.00008839746,-0.0005,0.0001));
#11627=CARTESIAN_POINT('',(0.00008103074,-0.000515798,0.0001));
#11628=CARTESIAN_POINT('',(0.00007651922,-0.0005326352,0.0001));
#11629=CARTESIAN_POINT('',(0.000075,-0.00055,0.0001));
#11630=DIRECTION('',(0.,0.,-1.));
#11649=AXIS2_PLACEMENT_3D('',#11625,#11630,$);
#11668=PLANE('',#11649);
#11687=POLY_LOOP('',(#11625,#11627,#11626));
#11706=FACE_OUTER_BOUND('',#11687,.T.);
#11725=FACE_SURFACE('',(#11706),#11668,.T.);
#11631=DIRECTION('',(0.,0.,-1.));
#11650=AXIS2_PLACEMENT_3D('',#11622,#11631,$);
#11669=PLANE('',#11650);
#11688=POLY_LOOP('',(#11622,#11624,#11623));
#11707=FACE_OUTER_BOUND('',#11688,.T.);
#11726=FACE_SURFACE('',(#11707),#11669,.T.);
#11632=DIRECTION('',(0.,0.,-1.));
#11651=AXIS2_PLACEMENT_3D('',#11622,#11632,$);
#11670=PLANE('',#11651);
#11689=POLY_LOOP('',(#11622,#11625,#11624));
#11708=FACE_OUTER_BOUND('',#11689,.T.);
#11727=FACE_SURFACE('',(#11708),#11670,.T.);
#11633=DIRECTION('',(0.,0.,-1.));
#11652=AXIS2_PLACEMENT_3D('',#11621,#11633,$);
#11671=PLANE('',#11652);
#11690=POLY_LOOP('',(#11621,#11625,#11622));
#11709=FACE_OUTER_BOUND('',#11690,.T.);
#11728=FACE_SURFACE('',(#11709),#11671,.T.);
#11634=DIRECTION('',(0.,0.,-1.));
#11653=AXIS2_PLACEMENT_3D('',#11611,#11634,$);
#11672=PLANE('',#11653);
#11691=POLY_LOOP('',(#11611,#11610,#11609));
#11710=FACE_OUTER_BOUND('',#11691,.T.);
#11729=FACE_SURFACE('',(#11710),#11672,.T.);
#11635=DIRECTION('',(0.,0.,-1.));
#11654=AXIS2_PLACEMENT_3D('',#11611,#11635,$);
#11673=PLANE('',#11654);
#11692=POLY_LOOP('',(#11611,#11629,#11628));
#11711=FACE_OUTER_BOUND('',#11692,.T.);
#11730=FACE_SURFACE('',(#11711),#11673,.T.);
#11636=DIRECTION('',(0.,0.,-1.));
#11655=AXIS2_PLACEMENT_3D('',#11611,#11636,$);
#11674=PLANE('',#11655);
#11693=POLY_LOOP('',(#11611,#11609,#11629));
#11712=FACE_OUTER_BOUND('',#11693,.T.);
#11731=FACE_SURFACE('',(#11712),#11674,.T.);
#11637=DIRECTION('',(0.,0.,-1.));
#11656=AXIS2_PLACEMENT_3D('',#11618,#11637,$);
#11675=PLANE('',#11656);
#11694=POLY_LOOP('',(#11618,#11620,#11619));
#11713=FACE_OUTER_BOUND('',#11694,.T.);
#11732=FACE_SURFACE('',(#11713),#11675,.T.);
#11638=DIRECTION('',(0.,0.,-1.));
#11657=AXIS2_PLACEMENT_3D('',#11615,#11638,$);
#11676=PLANE('',#11657);
#11695=POLY_LOOP('',(#11615,#11613,#11612));
#11714=FACE_OUTER_BOUND('',#11695,.T.);
#11733=FACE_SURFACE('',(#11714),#11676,.T.);
#11639=DIRECTION('',(0.,0.,-1.));
#11658=AXIS2_PLACEMENT_3D('',#11615,#11639,$);
#11677=PLANE('',#11658);
#11696=POLY_LOOP('',(#11615,#11614,#11613));
#11715=FACE_OUTER_BOUND('',#11696,.T.);
#11734=FACE_SURFACE('',(#11715),#11677,.T.);
#11640=DIRECTION('',(0.,0.,-1.));
#11659=AXIS2_PLACEMENT_3D('',#11616,#11640,$);
#11678=PLANE('',#11659);
#11697=POLY_LOOP('',(#11616,#11612,#11611));
#11716=FACE_OUTER_BOUND('',#11697,.T.);
#11735=FACE_SURFACE('',(#11716),#11678,.T.);
#11641=DIRECTION('',(0.,0.,-1.));
#11660=AXIS2_PLACEMENT_3D('',#11616,#11641,$);
#11679=PLANE('',#11660);
#11698=POLY_LOOP('',(#11616,#11618,#11617));
#11717=FACE_OUTER_BOUND('',#11698,.T.);
#11736=FACE_SURFACE('',(#11717),#11679,.T.);
#11642=DIRECTION('',(0.,0.,-1.));
#11661=AXIS2_PLACEMENT_3D('',#11616,#11642,$);
#11680=PLANE('',#11661);
#11699=POLY_LOOP('',(#11616,#11621,#11620));
#11718=FACE_OUTER_BOUND('',#11699,.T.);
#11737=FACE_SURFACE('',(#11718),#11680,.T.);
#11643=DIRECTION('',(0.,0.,-1.));
#11662=AXIS2_PLACEMENT_3D('',#11616,#11643,$);
#11681=PLANE('',#11662);
#11700=POLY_LOOP('',(#11616,#11628,#11627));
#11719=FACE_OUTER_BOUND('',#11700,.T.);
#11738=FACE_SURFACE('',(#11719),#11681,.T.);
#11644=DIRECTION('',(0.,0.,-1.));
#11663=AXIS2_PLACEMENT_3D('',#11616,#11644,$);
#11682=PLANE('',#11663);
#11701=POLY_LOOP('',(#11616,#11620,#11618));
#11720=FACE_OUTER_BOUND('',#11701,.T.);
#11739=FACE_SURFACE('',(#11720),#11682,.T.);
#11645=DIRECTION('',(0.,0.,-1.));
#11664=AXIS2_PLACEMENT_3D('',#11616,#11645,$);
#11683=PLANE('',#11664);
#11702=POLY_LOOP('',(#11616,#11627,#11625));
#11721=FACE_OUTER_BOUND('',#11702,.T.);
#11740=FACE_SURFACE('',(#11721),#11683,.T.);
#11646=DIRECTION('',(0.,0.,-1.));
#11665=AXIS2_PLACEMENT_3D('',#11616,#11646,$);
#11684=PLANE('',#11665);
#11703=POLY_LOOP('',(#11616,#11611,#11628));
#11722=FACE_OUTER_BOUND('',#11703,.T.);
#11741=FACE_SURFACE('',(#11722),#11684,.T.);
#11647=DIRECTION('',(0.,0.,-1.));
#11666=AXIS2_PLACEMENT_3D('',#11616,#11647,$);
#11685=PLANE('',#11666);
#11704=POLY_LOOP('',(#11616,#11625,#11621));
#11723=FACE_OUTER_BOUND('',#11704,.T.);
#11742=FACE_SURFACE('',(#11723),#11685,.T.);
#11648=DIRECTION('',(0.,0.,-1.));
#11667=AXIS2_PLACEMENT_3D('',#11616,#11648,$);
#11686=PLANE('',#11667);
#11705=POLY_LOOP('',(#11616,#11615,#11612));
#11724=FACE_OUTER_BOUND('',#11705,.T.);
#11743=FACE_SURFACE('',(#11724),#11686,.T.);
#11744=CLOSED_SHELL('',(#11725,#11726,#11727,#11728,#11729,#11730,#11731,#11732,#11733,#11734,#11735,#11736,#11737,#11738,#11739,#11740,#11741,#11742,#11743));
#11745=FACETED_BREP('',#11744);
#11746=CARTESIAN_POINT('',(0.000475,-0.00125,0.0001));
#11747=CARTESIAN_POINT('',(0.000675,-0.00125,0.0001));
#11748=CARTESIAN_POINT('',(0.000675,-0.00055,0.0001));
#11749=CARTESIAN_POINT('',(0.0006734808,-0.0005326352,0.0001));
#11750=CARTESIAN_POINT('',(0.0006689692,-0.000515798,0.0001));
#11751=CARTESIAN_POINT('',(0.0006616025,-0.0005,0.0001));
#11752=CARTESIAN_POINT('',(0.0006516044,-0.0004857212,0.0001));
#11753=CARTESIAN_POINT('',(0.0006392787,-0.0004733955,0.0001));
#11754=CARTESIAN_POINT('',(0.000625,-0.0004633974,0.0001));
#11755=CARTESIAN_POINT('',(0.000609202,-0.0004560307,0.0001));
#11756=CARTESIAN_POINT('',(0.0005923648,-0.0004515192,0.0001));
#11757=CARTESIAN_POINT('',(0.000575,-0.00045,0.0001));
#11758=CARTESIAN_POINT('',(0.0005576352,-0.0004515192,0.0001));
#11759=CARTESIAN_POINT('',(0.000540798,-0.0004560307,0.0001));
#11760=CARTESIAN_POINT('',(0.000525,-0.0004633974,0.0001));
#11761=CARTESIAN_POINT('',(0.0005107212,-0.0004733955,0.0001));
#11762=CARTESIAN_POINT('',(0.0004983955,-0.0004857212,0.0001));
#11763=CARTESIAN_POINT('',(0.0004883974,-0.0005,0.0001));
#11764=CARTESIAN_POINT('',(0.0004810307,-0.000515798,0.0001));
#11765=CARTESIAN_POINT('',(0.0004765192,-0.0005326352,0.0001));
#11766=CARTESIAN_POINT('',(0.000475,-0.00055,0.0001));
#11767=DIRECTION('',(0.,0.,-1.));
#11786=AXIS2_PLACEMENT_3D('',#11761,#11767,$);
#11805=PLANE('',#11786);
#11824=POLY_LOOP('',(#11761,#11763,#11762));
#11843=FACE_OUTER_BOUND('',#11824,.T.);
#11862=FACE_SURFACE('',(#11843),#11805,.T.);
#11768=DIRECTION('',(0.,0.,-1.));
#11787=AXIS2_PLACEMENT_3D('',#11761,#11768,$);
#11806=PLANE('',#11787);
#11825=POLY_LOOP('',(#11761,#11764,#11763));
#11844=FACE_OUTER_BOUND('',#11825,.T.);
#11863=FACE_SURFACE('',(#11844),#11806,.T.);
#11769=DIRECTION('',(0.,0.,-1.));
#11788=AXIS2_PLACEMENT_3D('',#11761,#11769,$);
#11807=PLANE('',#11788);
#11826=POLY_LOOP('',(#11761,#11765,#11764));
#11845=FACE_OUTER_BOUND('',#11826,.T.);
#11864=FACE_SURFACE('',(#11845),#11807,.T.);
#11770=DIRECTION('',(0.,0.,-1.));
#11789=AXIS2_PLACEMENT_3D('',#11758,#11770,$);
#11808=PLANE('',#11789);
#11827=POLY_LOOP('',(#11758,#11760,#11759));
#11846=FACE_OUTER_BOUND('',#11827,.T.);
#11865=FACE_SURFACE('',(#11846),#11808,.T.);
#11771=DIRECTION('',(0.,0.,-1.));
#11790=AXIS2_PLACEMENT_3D('',#11758,#11771,$);
#11809=PLANE('',#11790);
#11828=POLY_LOOP('',(#11758,#11761,#11760));
#11847=FACE_OUTER_BOUND('',#11828,.T.);
#11866=FACE_SURFACE('',(#11847),#11809,.T.);
#11772=DIRECTION('',(0.,0.,-1.));
#11791=AXIS2_PLACEMENT_3D('',#11758,#11772,$);
#11810=PLANE('',#11791);
#11829=POLY_LOOP('',(#11758,#11765,#11761));
#11848=FACE_OUTER_BOUND('',#11829,.T.);
#11867=FACE_SURFACE('',(#11848),#11810,.T.);
#11773=DIRECTION('',(0.,0.,-1.));
#11792=AXIS2_PLACEMENT_3D('',#11748,#11773,$);
#11811=PLANE('',#11792);
#11830=POLY_LOOP('',(#11748,#11747,#11746));
#11849=FACE_OUTER_BOUND('',#11830,.T.);
#11868=FACE_SURFACE('',(#11849),#11811,.T.);
#11774=DIRECTION('',(0.,0.,-1.));
#11793=AXIS2_PLACEMENT_3D('',#11748,#11774,$);
#11812=PLANE('',#11793);
#11831=POLY_LOOP('',(#11748,#11766,#11765));
#11850=FACE_OUTER_BOUND('',#11831,.T.);
#11869=FACE_SURFACE('',(#11850),#11812,.T.);
#11775=DIRECTION('',(0.,0.,-1.));
#11794=AXIS2_PLACEMENT_3D('',#11748,#11775,$);
#11813=PLANE('',#11794);
#11832=POLY_LOOP('',(#11748,#11746,#11766));
#11851=FACE_OUTER_BOUND('',#11832,.T.);
#11870=FACE_SURFACE('',(#11851),#11813,.T.);
#11776=DIRECTION('',(0.,0.,-1.));
#11795=AXIS2_PLACEMENT_3D('',#11755,#11776,$);
#11814=PLANE('',#11795);
#11833=POLY_LOOP('',(#11755,#11757,#11756));
#11852=FACE_OUTER_BOUND('',#11833,.T.);
#11871=FACE_SURFACE('',(#11852),#11814,.T.);
#11777=DIRECTION('',(0.,0.,-1.));
#11796=AXIS2_PLACEMENT_3D('',#11750,#11777,$);
#11815=PLANE('',#11796);
#11834=POLY_LOOP('',(#11750,#11749,#11748));
#11853=FACE_OUTER_BOUND('',#11834,.T.);
#11872=FACE_SURFACE('',(#11853),#11815,.T.);
#11778=DIRECTION('',(0.,0.,-1.));
#11797=AXIS2_PLACEMENT_3D('',#11751,#11778,$);
#11816=PLANE('',#11797);
#11835=POLY_LOOP('',(#11751,#11750,#11748));
#11854=FACE_OUTER_BOUND('',#11835,.T.);
#11873=FACE_SURFACE('',(#11854),#11816,.T.);
#11779=DIRECTION('',(0.,0.,-1.));
#11798=AXIS2_PLACEMENT_3D('',#11752,#11779,$);
#11817=PLANE('',#11798);
#11836=POLY_LOOP('',(#11752,#11754,#11753));
#11855=FACE_OUTER_BOUND('',#11836,.T.);
#11874=FACE_SURFACE('',(#11855),#11817,.T.);
#11780=DIRECTION('',(0.,0.,-1.));
#11799=AXIS2_PLACEMENT_3D('',#11752,#11780,$);
#11818=PLANE('',#11799);
#11837=POLY_LOOP('',(#11752,#11755,#11754));
#11856=FACE_OUTER_BOUND('',#11837,.T.);
#11875=FACE_SURFACE('',(#11856),#11818,.T.);
#11781=DIRECTION('',(0.,0.,-1.));
#11800=AXIS2_PLACEMENT_3D('',#11752,#11781,$);
#11819=PLANE('',#11800);
#11838=POLY_LOOP('',(#11752,#11758,#11757));
#11857=FACE_OUTER_BOUND('',#11838,.T.);
#11876=FACE_SURFACE('',(#11857),#11819,.T.);
#11782=DIRECTION('',(0.,0.,-1.));
#11801=AXIS2_PLACEMENT_3D('',#11752,#11782,$);
#11820=PLANE('',#11801);
#11839=POLY_LOOP('',(#11752,#11748,#11765));
#11858=FACE_OUTER_BOUND('',#11839,.T.);
#11877=FACE_SURFACE('',(#11858),#11820,.T.);
#11783=DIRECTION('',(0.,0.,-1.));
#11802=AXIS2_PLACEMENT_3D('',#11752,#11783,$);
#11821=PLANE('',#11802);
#11840=POLY_LOOP('',(#11752,#11765,#11758));
#11859=FACE_OUTER_BOUND('',#11840,.T.);
#11878=FACE_SURFACE('',(#11859),#11821,.T.);
#11784=DIRECTION('',(0.,0.,-1.));
#11803=AXIS2_PLACEMENT_3D('',#11752,#11784,$);
#11822=PLANE('',#11803);
#11841=POLY_LOOP('',(#11752,#11757,#11755));
#11860=FACE_OUTER_BOUND('',#11841,.T.);
#11879=FACE_SURFACE('',(#11860),#11822,.T.);
#11785=DIRECTION('',(0.,0.,-1.));
#11804=AXIS2_PLACEMENT_3D('',#11752,#11785,$);
#11823=PLANE('',#11804);
#11842=POLY_LOOP('',(#11752,#11751,#11748));
#11861=FACE_OUTER_BOUND('',#11842,.T.);
#11880=FACE_SURFACE('',(#11861),#11823,.T.);
#11881=CLOSED_SHELL('',(#11862,#11863,#11864,#11865,#11866,#11867,#11868,#11869,#11870,#11871,#11872,#11873,#11874,#11875,#11876,#11877,#11878,#11879,#11880));
#11882=FACETED_BREP('',#11881);
#11883=CARTESIAN_POINT('',(0.000875,-0.00125,0.0001));
#11884=CARTESIAN_POINT('',(0.001075,-0.00125,0.0001));
#11885=CARTESIAN_POINT('',(0.001075,-0.00095,0.0001));
#11886=CARTESIAN_POINT('',(0.0015,-0.00095,0.0001));
#11887=CARTESIAN_POINT('',(0.0015,-0.00075,0.0001));
#11888=CARTESIAN_POINT('',(0.000875,-0.00075,0.0001));
#11889=DIRECTION('',(0.,0.,-1.));
#11893=AXIS2_PLACEMENT_3D('',#11885,#11889,$);
#11897=PLANE('',#11893);
#11901=POLY_LOOP('',(#11885,#11884,#11883));
#11905=FACE_OUTER_BOUND('',#11901,.T.);
#11909=FACE_SURFACE('',(#11905),#11897,.T.);
#11890=DIRECTION('',(0.,0.,-1.));
#11894=AXIS2_PLACEMENT_3D('',#11888,#11890,$);
#11898=PLANE('',#11894);
#11902=POLY_LOOP('',(#11888,#11885,#11883));
#11906=FACE_OUTER_BOUND('',#11902,.T.);
#11910=FACE_SURFACE('',(#11906),#11898,.T.);
#11891=DIRECTION('',(0.,0.,-1.));
#11895=AXIS2_PLACEMENT_3D('',#11887,#11891,$);
#11899=PLANE('',#11895);
#11903=POLY_LOOP('',(#11887,#11886,#11885));
#11907=FACE_OUTER_BOUND('',#11903,.T.);
#11911=FACE_SURFACE('',(#11907),#11899,.T.);
#11892=DIRECTION('',(0.,0.,-1.));
#11896=AXIS2_PLACEMENT_3D('',#11887,#11892,$);
#11900=PLANE('',#11896);
#11904=POLY_LOOP('',(#11887,#11885,#11888));
#11908=FACE_OUTER_BOUND('',#11904,.T.);
#11912=FACE_SURFACE('',(#11908),#11900,.T.);
#11913=CLOSED_SHELL('',(#11909,#11910,#11911,#11912));
#11914=FACETED_BREP('',#11913);
#11915=CARTESIAN_POINT('',(0.0015,-0.000506515,0.0001));
#11916=CARTESIAN_POINT('',(0.0015,-0.000306515,0.0001));
#11917=CARTESIAN_POINT('',(0.0012,-0.000306515,0.0001));
#11918=CARTESIAN_POINT('',(0.001182635,-0.0003080342,0.0001));
#11919=CARTESIAN_POINT('',(0.001165798,-0.0003125457,0.0001));
#11920=CARTESIAN_POINT('',(0.00115,-0.0003199124,0.0001));
#11921=CARTESIAN_POINT('',(0.001135721,-0.0003299105,0.0001));
#11922=CARTESIAN_POINT('',(0.001123396,-0.0003422362,0.0001));
#11923=CARTESIAN_POINT('',(0.001113397,-0.000356515,0.0001));
#11924=CARTESIAN_POINT('',(0.001106031,-0.000372313,0.0001));
#11925=CARTESIAN_POINT('',(0.001101519,-0.0003891502,0.0001));
#11926=CARTESIAN_POINT('',(0.0011,-0.000406515,0.0001));
#11927=CARTESIAN_POINT('',(0.001101519,-0.0004238798,0.0001));
#11928=CARTESIAN_POINT('',(0.001106031,-0.000440717,0.0001));
#11929=CARTESIAN_POINT('',(0.001113397,-0.000456515,0.0001));
#11930=CARTESIAN_POINT('',(0.001123396,-0.0004707937,0.0001));
#11931=CARTESIAN_POINT('',(0.001135721,-0.0004831195,0.0001));
#11932=CARTESIAN_POINT('',(0.00115,-0.0004931175,0.0001));
#11933=CARTESIAN_POINT('',(0.001165798,-0.0005004843,0.0001));
#11934=CARTESIAN_POINT('',(0.001182635,-0.0005049958,0.0001));
#11935=CARTESIAN_POINT('',(0.0012,-0.000506515,0.0001));
#11936=DIRECTION('',(0.,0.,-1.));
#11955=AXIS2_PLACEMENT_3D('',#11934,#11936,$);
#11974=PLANE('',#11955);
#11993=POLY_LOOP('',(#11934,#11930,#11929));
#12012=FACE_OUTER_BOUND('',#11993,.T.);
#12031=FACE_SURFACE('',(#12012),#11974,.T.);
#11937=DIRECTION('',(0.,0.,-1.));
#11956=AXIS2_PLACEMENT_3D('',#11934,#11937,$);
#11975=PLANE('',#11956);
#11994=POLY_LOOP('',(#11934,#11931,#11930));
#12013=FACE_OUTER_BOUND('',#11994,.T.);
#12032=FACE_SURFACE('',(#12013),#11975,.T.);
#11938=DIRECTION('',(0.,0.,-1.));
#11957=AXIS2_PLACEMENT_3D('',#11934,#11938,$);
#11976=PLANE('',#11957);
#11995=POLY_LOOP('',(#11934,#11932,#11931));
#12014=FACE_OUTER_BOUND('',#11995,.T.);
#12033=FACE_SURFACE('',(#12014),#11976,.T.);
#11939=DIRECTION('',(0.,0.,-1.));
#11958=AXIS2_PLACEMENT_3D('',#11934,#11939,$);
#11977=PLANE('',#11958);
#11996=POLY_LOOP('',(#11934,#11933,#11932));
#12015=FACE_OUTER_BOUND('',#11996,.T.);
#12034=FACE_SURFACE('',(#12015),#11977,.T.);
#11940=DIRECTION('',(0.,0.,-1.));
#11959=AXIS2_PLACEMENT_3D('',#11917,#11940,$);
#11978=PLANE('',#11959);
#11997=POLY_LOOP('',(#11917,#11919,#11918));
#12016=FACE_OUTER_BOUND('',#11997,.T.);
#12035=FACE_SURFACE('',(#12016),#11978,.T.);
#11941=DIRECTION('',(0.,0.,-1.));
#11960=AXIS2_PLACEMENT_3D('',#11917,#11941,$);
#11979=PLANE('',#11960);
#11998=POLY_LOOP('',(#11917,#11920,#11919));
#12017=FACE_OUTER_BOUND('',#11998,.T.);
#12036=FACE_SURFACE('',(#12017),#11979,.T.);
#11942=DIRECTION('',(0.,0.,-1.));
#11961=AXIS2_PLACEMENT_3D('',#11917,#11942,$);
#11980=PLANE('',#11961);
#11999=POLY_LOOP('',(#11917,#11921,#11920));
#12018=FACE_OUTER_BOUND('',#11999,.T.);
#12037=FACE_SURFACE('',(#12018),#11980,.T.);
#11943=DIRECTION('',(0.,0.,-1.));
#11962=AXIS2_PLACEMENT_3D('',#11917,#11943,$);
#11981=PLANE('',#11962);
#12000=POLY_LOOP('',(#11917,#11922,#11921));
#12019=FACE_OUTER_BOUND('',#12000,.T.);
#12038=FACE_SURFACE('',(#12019),#11981,.T.);
#11944=DIRECTION('',(0.,0.,-1.));
#11963=AXIS2_PLACEMENT_3D('',#11917,#11944,$);
#11982=PLANE('',#11963);
#12001=POLY_LOOP('',(#11917,#11923,#11922));
#12020=FACE_OUTER_BOUND('',#12001,.T.);
#12039=FACE_SURFACE('',(#12020),#11982,.T.);
#11945=DIRECTION('',(0.,0.,-1.));
#11964=AXIS2_PLACEMENT_3D('',#11917,#11945,$);
#11983=PLANE('',#11964);
#12002=POLY_LOOP('',(#11917,#11924,#11923));
#12021=FACE_OUTER_BOUND('',#12002,.T.);
#12040=FACE_SURFACE('',(#12021),#11983,.T.);
#11946=DIRECTION('',(0.,0.,-1.));
#11965=AXIS2_PLACEMENT_3D('',#11917,#11946,$);
#11984=PLANE('',#11965);
#12003=POLY_LOOP('',(#11917,#11925,#11924));
#12022=FACE_OUTER_BOUND('',#12003,.T.);
#12041=FACE_SURFACE('',(#12022),#11984,.T.);
#11947=DIRECTION('',(0.,0.,-1.));
#11966=AXIS2_PLACEMENT_3D('',#11917,#11947,$);
#11985=PLANE('',#11966);
#12004=POLY_LOOP('',(#11917,#11926,#11925));
#12023=FACE_OUTER_BOUND('',#12004,.T.);
#12042=FACE_SURFACE('',(#12023),#11985,.T.);
#11948=DIRECTION('',(0.,0.,-1.));
#11967=AXIS2_PLACEMENT_3D('',#11917,#11948,$);
#11986=PLANE('',#11967);
#12005=POLY_LOOP('',(#11917,#11927,#11926));
#12024=FACE_OUTER_BOUND('',#12005,.T.);
#12043=FACE_SURFACE('',(#12024),#11986,.T.);
#11949=DIRECTION('',(0.,0.,-1.));
#11968=AXIS2_PLACEMENT_3D('',#11917,#11949,$);
#11987=PLANE('',#11968);
#12006=POLY_LOOP('',(#11917,#11928,#11927));
#12025=FACE_OUTER_BOUND('',#12006,.T.);
#12044=FACE_SURFACE('',(#12025),#11987,.T.);
#11950=DIRECTION('',(0.,0.,-1.));
#11969=AXIS2_PLACEMENT_3D('',#11917,#11950,$);
#11988=PLANE('',#11969);
#12007=POLY_LOOP('',(#11917,#11929,#11928));
#12026=FACE_OUTER_BOUND('',#12007,.T.);
#12045=FACE_SURFACE('',(#12026),#11988,.T.);
#11951=DIRECTION('',(0.,0.,-1.));
#11970=AXIS2_PLACEMENT_3D('',#11917,#11951,$);
#11989=PLANE('',#11970);
#12008=POLY_LOOP('',(#11917,#11935,#11934));
#12027=FACE_OUTER_BOUND('',#12008,.T.);
#12046=FACE_SURFACE('',(#12027),#11989,.T.);
#11952=DIRECTION('',(0.,0.,-1.));
#11971=AXIS2_PLACEMENT_3D('',#11917,#11952,$);
#11990=PLANE('',#11971);
#12009=POLY_LOOP('',(#11917,#11934,#11929));
#12028=FACE_OUTER_BOUND('',#12009,.T.);
#12047=FACE_SURFACE('',(#12028),#11990,.T.);
#11953=DIRECTION('',(0.,0.,-1.));
#11972=AXIS2_PLACEMENT_3D('',#11915,#11953,$);
#11991=PLANE('',#11972);
#12010=POLY_LOOP('',(#11915,#11935,#11917));
#12029=FACE_OUTER_BOUND('',#12010,.T.);
#12048=FACE_SURFACE('',(#12029),#11991,.T.);
#11954=DIRECTION('',(0.,0.,-1.));
#11973=AXIS2_PLACEMENT_3D('',#11916,#11954,$);
#11992=PLANE('',#11973);
#12011=POLY_LOOP('',(#11916,#11915,#11917));
#12030=FACE_OUTER_BOUND('',#12011,.T.);
#12049=FACE_SURFACE('',(#12030),#11992,.T.);
#12050=CLOSED_SHELL('',(#12031,#12032,#12033,#12034,#12035,#12036,#12037,#12038,#12039,#12040,#12041,#12042,#12043,#12044,#12045,#12046,#12047,#12048,#12049));
#12051=FACETED_BREP('',#12050);
#12052=CARTESIAN_POINT('',(0.0015,-0.000106515,0.0001));
#12053=CARTESIAN_POINT('',(0.0015,0.000093485,0.0001));
#12054=CARTESIAN_POINT('',(0.0012,0.000093485,0.0001));
#12055=CARTESIAN_POINT('',(0.001182635,0.00009196578,0.0001));
#12056=CARTESIAN_POINT('',(0.001165798,0.00008745426,0.0001));
#12057=CARTESIAN_POINT('',(0.00115,0.00008008754,0.0001));
#12058=CARTESIAN_POINT('',(0.001135721,0.00007008945,0.0001));
#12059=CARTESIAN_POINT('',(0.001123396,0.00005776376,0.0001));
#12060=CARTESIAN_POINT('',(0.001113397,0.000043485,0.0001));
#12061=CARTESIAN_POINT('',(0.001106031,0.00002768701,0.0001));
#12062=CARTESIAN_POINT('',(0.001101519,0.00001084982,0.0001));
#12063=CARTESIAN_POINT('',(0.0011,-0.000006515,0.0001));
#12064=CARTESIAN_POINT('',(0.001101519,-0.00002387982,0.0001));
#12065=CARTESIAN_POINT('',(0.001106031,-0.00004071702,0.0001));
#12066=CARTESIAN_POINT('',(0.001113397,-0.000056515,0.0001));
#12067=CARTESIAN_POINT('',(0.001123396,-0.00007079376,0.0001));
#12068=CARTESIAN_POINT('',(0.001135721,-0.00008311944,0.0001));
#12069=CARTESIAN_POINT('',(0.00115,-0.00009311754,0.0001));
#12070=CARTESIAN_POINT('',(0.001165798,-0.0001004843,0.0001));
#12071=CARTESIAN_POINT('',(0.001182635,-0.0001049958,0.0001));
#12072=CARTESIAN_POINT('',(0.0012,-0.000106515,0.0001));
#12073=DIRECTION('',(0.,0.,-1.));
#12092=AXIS2_PLACEMENT_3D('',#12071,#12073,$);
#12111=PLANE('',#12092);
#12130=POLY_LOOP('',(#12071,#12068,#12067));
#12149=FACE_OUTER_BOUND('',#12130,.T.);
#12168=FACE_SURFACE('',(#12149),#12111,.T.);
#12074=DIRECTION('',(0.,0.,-1.));
#12093=AXIS2_PLACEMENT_3D('',#12071,#12074,$);
#12112=PLANE('',#12093);
#12131=POLY_LOOP('',(#12071,#12069,#12068));
#12150=FACE_OUTER_BOUND('',#12131,.T.);
#12169=FACE_SURFACE('',(#12150),#12112,.T.);
#12075=DIRECTION('',(0.,0.,-1.));
#12094=AXIS2_PLACEMENT_3D('',#12071,#12075,$);
#12113=PLANE('',#12094);
#12132=POLY_LOOP('',(#12071,#12070,#12069));
#12151=FACE_OUTER_BOUND('',#12132,.T.);
#12170=FACE_SURFACE('',(#12151),#12113,.T.);
#12076=DIRECTION('',(0.,0.,-1.));
#12095=AXIS2_PLACEMENT_3D('',#12054,#12076,$);
#12114=PLANE('',#12095);
#12133=POLY_LOOP('',(#12054,#12056,#12055));
#12152=FACE_OUTER_BOUND('',#12133,.T.);
#12171=FACE_SURFACE('',(#12152),#12114,.T.);
#12077=DIRECTION('',(0.,0.,-1.));
#12096=AXIS2_PLACEMENT_3D('',#12054,#12077,$);
#12115=PLANE('',#12096);
#12134=POLY_LOOP('',(#12054,#12057,#12056));
#12153=FACE_OUTER_BOUND('',#12134,.T.);
#12172=FACE_SURFACE('',(#12153),#12115,.T.);
#12078=DIRECTION('',(0.,0.,-1.));
#12097=AXIS2_PLACEMENT_3D('',#12054,#12078,$);
#12116=PLANE('',#12097);
#12135=POLY_LOOP('',(#12054,#12058,#12057));
#12154=FACE_OUTER_BOUND('',#12135,.T.);
#12173=FACE_SURFACE('',(#12154),#12116,.T.);
#12079=DIRECTION('',(0.,0.,-1.));
#12098=AXIS2_PLACEMENT_3D('',#12054,#12079,$);
#12117=PLANE('',#12098);
#12136=POLY_LOOP('',(#12054,#12059,#12058));
#12155=FACE_OUTER_BOUND('',#12136,.T.);
#12174=FACE_SURFACE('',(#12155),#12117,.T.);
#12080=DIRECTION('',(0.,0.,-1.));
#12099=AXIS2_PLACEMENT_3D('',#12054,#12080,$);
#12118=PLANE('',#12099);
#12137=POLY_LOOP('',(#12054,#12060,#12059));
#12156=FACE_OUTER_BOUND('',#12137,.T.);
#12175=FACE_SURFACE('',(#12156),#12118,.T.);
#12081=DIRECTION('',(0.,0.,-1.));
#12100=AXIS2_PLACEMENT_3D('',#12054,#12081,$);
#12119=PLANE('',#12100);
#12138=POLY_LOOP('',(#12054,#12061,#12060));
#12157=FACE_OUTER_BOUND('',#12138,.T.);
#12176=FACE_SURFACE('',(#12157),#12119,.T.);
#12082=DIRECTION('',(0.,0.,-1.));
#12101=AXIS2_PLACEMENT_3D('',#12054,#12082,$);
#12120=PLANE('',#12101);
#12139=POLY_LOOP('',(#12054,#12062,#12061));
#12158=FACE_OUTER_BOUND('',#12139,.T.);
#12177=FACE_SURFACE('',(#12158),#12120,.T.);
#12083=DIRECTION('',(0.,0.,-1.));
#12102=AXIS2_PLACEMENT_3D('',#12054,#12083,$);
#12121=PLANE('',#12102);
#12140=POLY_LOOP('',(#12054,#12063,#12062));
#12159=FACE_OUTER_BOUND('',#12140,.T.);
#12178=FACE_SURFACE('',(#12159),#12121,.T.);
#12084=DIRECTION('',(0.,0.,-1.));
#12103=AXIS2_PLACEMENT_3D('',#12054,#12084,$);
#12122=PLANE('',#12103);
#12141=POLY_LOOP('',(#12054,#12064,#12063));
#12160=FACE_OUTER_BOUND('',#12141,.T.);
#12179=FACE_SURFACE('',(#12160),#12122,.T.);
#12085=DIRECTION('',(0.,0.,-1.));
#12104=AXIS2_PLACEMENT_3D('',#12054,#12085,$);
#12123=PLANE('',#12104);
#12142=POLY_LOOP('',(#12054,#12065,#12064));
#12161=FACE_OUTER_BOUND('',#12142,.T.);
#12180=FACE_SURFACE('',(#12161),#12123,.T.);
#12086=DIRECTION('',(0.,0.,-1.));
#12105=AXIS2_PLACEMENT_3D('',#12054,#12086,$);
#12124=PLANE('',#12105);
#12143=POLY_LOOP('',(#12054,#12066,#12065));
#12162=FACE_OUTER_BOUND('',#12143,.T.);
#12181=FACE_SURFACE('',(#12162),#12124,.T.);
#12087=DIRECTION('',(0.,0.,-1.));
#12106=AXIS2_PLACEMENT_3D('',#12054,#12087,$);
#12125=PLANE('',#12106);
#12144=POLY_LOOP('',(#12054,#12067,#12066));
#12163=FACE_OUTER_BOUND('',#12144,.T.);
#12182=FACE_SURFACE('',(#12163),#12125,.T.);
#12088=DIRECTION('',(0.,0.,-1.));
#12107=AXIS2_PLACEMENT_3D('',#12054,#12088,$);
#12126=PLANE('',#12107);
#12145=POLY_LOOP('',(#12054,#12072,#12071));
#12164=FACE_OUTER_BOUND('',#12145,.T.);
#12183=FACE_SURFACE('',(#12164),#12126,.T.);
#12089=DIRECTION('',(0.,0.,-1.));
#12108=AXIS2_PLACEMENT_3D('',#12054,#12089,$);
#12127=PLANE('',#12108);
#12146=POLY_LOOP('',(#12054,#12071,#12067));
#12165=FACE_OUTER_BOUND('',#12146,.T.);
#12184=FACE_SURFACE('',(#12165),#12127,.T.);
#12090=DIRECTION('',(0.,0.,-1.));
#12109=AXIS2_PLACEMENT_3D('',#12052,#12090,$);
#12128=PLANE('',#12109);
#12147=POLY_LOOP('',(#12052,#12072,#12054));
#12166=FACE_OUTER_BOUND('',#12147,.T.);
#12185=FACE_SURFACE('',(#12166),#12128,.T.);
#12091=DIRECTION('',(0.,0.,-1.));
#12110=AXIS2_PLACEMENT_3D('',#12053,#12091,$);
#12129=PLANE('',#12110);
#12148=POLY_LOOP('',(#12053,#12052,#12054));
#12167=FACE_OUTER_BOUND('',#12148,.T.);
#12186=FACE_SURFACE('',(#12167),#12129,.T.);
#12187=CLOSED_SHELL('',(#12168,#12169,#12170,#12171,#12172,#12173,#12174,#12175,#12176,#12177,#12178,#12179,#12180,#12181,#12182,#12183,#12184,#12185,#12186));
#12188=FACETED_BREP('',#12187);
#12189=CARTESIAN_POINT('',(0.0015,0.000293485,0.0001));
#12190=CARTESIAN_POINT('',(0.0015,0.000493485,0.0001));
#12191=CARTESIAN_POINT('',(0.0012,0.000493485,0.0001));
#12192=CARTESIAN_POINT('',(0.001182635,0.0004919658,0.0001));
#12193=CARTESIAN_POINT('',(0.001165798,0.0004874543,0.0001));
#12194=CARTESIAN_POINT('',(0.00115,0.0004800875,0.0001));
#12195=CARTESIAN_POINT('',(0.001135721,0.0004700894,0.0001));
#12196=CARTESIAN_POINT('',(0.001123396,0.0004577638,0.0001));
#12197=CARTESIAN_POINT('',(0.001113397,0.000443485,0.0001));
#12198=CARTESIAN_POINT('',(0.001106031,0.000427687,0.0001));
#12199=CARTESIAN_POINT('',(0.001101519,0.0004108498,0.0001));
#12200=CARTESIAN_POINT('',(0.0011,0.000393485,0.0001));
#12201=CARTESIAN_POINT('',(0.001101519,0.0003761202,0.0001));
#12202=CARTESIAN_POINT('',(0.001106031,0.000359283,0.0001));
#12203=CARTESIAN_POINT('',(0.001113397,0.000343485,0.0001));
#12204=CARTESIAN_POINT('',(0.001123396,0.0003292062,0.0001));
#12205=CARTESIAN_POINT('',(0.001135721,0.0003168806,0.0001));
#12206=CARTESIAN_POINT('',(0.00115,0.0003068825,0.0001));
#12207=CARTESIAN_POINT('',(0.001165798,0.0002995157,0.0001));
#12208=CARTESIAN_POINT('',(0.001182635,0.0002950042,0.0001));
#12209=CARTESIAN_POINT('',(0.0012,0.000293485,0.0001));
#12210=DIRECTION('',(0.,0.,-1.));
#12229=AXIS2_PLACEMENT_3D('',#12208,#12210,$);
#12248=PLANE('',#12229);
#12267=POLY_LOOP('',(#12208,#12204,#12203));
#12286=FACE_OUTER_BOUND('',#12267,.T.);
#12305=FACE_SURFACE('',(#12286),#12248,.T.);
#12211=DIRECTION('',(0.,0.,-1.));
#12230=AXIS2_PLACEMENT_3D('',#12208,#12211,$);
#12249=PLANE('',#12230);
#12268=POLY_LOOP('',(#12208,#12205,#12204));
#12287=FACE_OUTER_BOUND('',#12268,.T.);
#12306=FACE_SURFACE('',(#12287),#12249,.T.);
#12212=DIRECTION('',(0.,0.,-1.));
#12231=AXIS2_PLACEMENT_3D('',#12208,#12212,$);
#12250=PLANE('',#12231);
#12269=POLY_LOOP('',(#12208,#12206,#12205));
#12288=FACE_OUTER_BOUND('',#12269,.T.);
#12307=FACE_SURFACE('',(#12288),#12250,.T.);
#12213=DIRECTION('',(0.,0.,-1.));
#12232=AXIS2_PLACEMENT_3D('',#12208,#12213,$);
#12251=PLANE('',#12232);
#12270=POLY_LOOP('',(#12208,#12207,#12206));
#12289=FACE_OUTER_BOUND('',#12270,.T.);
#12308=FACE_SURFACE('',(#12289),#12251,.T.);
#12214=DIRECTION('',(0.,0.,-1.));
#12233=AXIS2_PLACEMENT_3D('',#12191,#12214,$);
#12252=PLANE('',#12233);
#12271=POLY_LOOP('',(#12191,#12193,#12192));
#12290=FACE_OUTER_BOUND('',#12271,.T.);
#12309=FACE_SURFACE('',(#12290),#12252,.T.);
#12215=DIRECTION('',(0.,0.,-1.));
#12234=AXIS2_PLACEMENT_3D('',#12191,#12215,$);
#12253=PLANE('',#12234);
#12272=POLY_LOOP('',(#12191,#12194,#12193));
#12291=FACE_OUTER_BOUND('',#12272,.T.);
#12310=FACE_SURFACE('',(#12291),#12253,.T.);
#12216=DIRECTION('',(0.,0.,-1.));
#12235=AXIS2_PLACEMENT_3D('',#12191,#12216,$);
#12254=PLANE('',#12235);
#12273=POLY_LOOP('',(#12191,#12195,#12194));
#12292=FACE_OUTER_BOUND('',#12273,.T.);
#12311=FACE_SURFACE('',(#12292),#12254,.T.);
#12217=DIRECTION('',(0.,0.,-1.));
#12236=AXIS2_PLACEMENT_3D('',#12191,#12217,$);
#12255=PLANE('',#12236);
#12274=POLY_LOOP('',(#12191,#12196,#12195));
#12293=FACE_OUTER_BOUND('',#12274,.T.);
#12312=FACE_SURFACE('',(#12293),#12255,.T.);
#12218=DIRECTION('',(0.,0.,-1.));
#12237=AXIS2_PLACEMENT_3D('',#12191,#12218,$);
#12256=PLANE('',#12237);
#12275=POLY_LOOP('',(#12191,#12197,#12196));
#12294=FACE_OUTER_BOUND('',#12275,.T.);
#12313=FACE_SURFACE('',(#12294),#12256,.T.);
#12219=DIRECTION('',(0.,0.,-1.));
#12238=AXIS2_PLACEMENT_3D('',#12191,#12219,$);
#12257=PLANE('',#12238);
#12276=POLY_LOOP('',(#12191,#12198,#12197));
#12295=FACE_OUTER_BOUND('',#12276,.T.);
#12314=FACE_SURFACE('',(#12295),#12257,.T.);
#12220=DIRECTION('',(0.,0.,-1.));
#12239=AXIS2_PLACEMENT_3D('',#12191,#12220,$);
#12258=PLANE('',#12239);
#12277=POLY_LOOP('',(#12191,#12199,#12198));
#12296=FACE_OUTER_BOUND('',#12277,.T.);
#12315=FACE_SURFACE('',(#12296),#12258,.T.);
#12221=DIRECTION('',(0.,0.,-1.));
#12240=AXIS2_PLACEMENT_3D('',#12191,#12221,$);
#12259=PLANE('',#12240);
#12278=POLY_LOOP('',(#12191,#12200,#12199));
#12297=FACE_OUTER_BOUND('',#12278,.T.);
#12316=FACE_SURFACE('',(#12297),#12259,.T.);
#12222=DIRECTION('',(0.,0.,-1.));
#12241=AXIS2_PLACEMENT_3D('',#12191,#12222,$);
#12260=PLANE('',#12241);
#12279=POLY_LOOP('',(#12191,#12201,#12200));
#12298=FACE_OUTER_BOUND('',#12279,.T.);
#12317=FACE_SURFACE('',(#12298),#12260,.T.);
#12223=DIRECTION('',(0.,0.,-1.));
#12242=AXIS2_PLACEMENT_3D('',#12191,#12223,$);
#12261=PLANE('',#12242);
#12280=POLY_LOOP('',(#12191,#12202,#12201));
#12299=FACE_OUTER_BOUND('',#12280,.T.);
#12318=FACE_SURFACE('',(#12299),#12261,.T.);
#12224=DIRECTION('',(0.,0.,-1.));
#12243=AXIS2_PLACEMENT_3D('',#12191,#12224,$);
#12262=PLANE('',#12243);
#12281=POLY_LOOP('',(#12191,#12203,#12202));
#12300=FACE_OUTER_BOUND('',#12281,.T.);
#12319=FACE_SURFACE('',(#12300),#12262,.T.);
#12225=DIRECTION('',(0.,0.,-1.));
#12244=AXIS2_PLACEMENT_3D('',#12191,#12225,$);
#12263=PLANE('',#12244);
#12282=POLY_LOOP('',(#12191,#12209,#12208));
#12301=FACE_OUTER_BOUND('',#12282,.T.);
#12320=FACE_SURFACE('',(#12301),#12263,.T.);
#12226=DIRECTION('',(0.,0.,-1.));
#12245=AXIS2_PLACEMENT_3D('',#12191,#12226,$);
#12264=PLANE('',#12245);
#12283=POLY_LOOP('',(#12191,#12208,#12203));
#12302=FACE_OUTER_BOUND('',#12283,.T.);
#12321=FACE_SURFACE('',(#12302),#12264,.T.);
#12227=DIRECTION('',(0.,0.,-1.));
#12246=AXIS2_PLACEMENT_3D('',#12189,#12227,$);
#12265=PLANE('',#12246);
#12284=POLY_LOOP('',(#12189,#12209,#12191));
#12303=FACE_OUTER_BOUND('',#12284,.T.);
#12322=FACE_SURFACE('',(#12303),#12265,.T.);
#12228=DIRECTION('',(0.,0.,-1.));
#12247=AXIS2_PLACEMENT_3D('',#12190,#12228,$);
#12266=PLANE('',#12247);
#12285=POLY_LOOP('',(#12190,#12189,#12191));
#12304=FACE_OUTER_BOUND('',#12285,.T.);
#12323=FACE_SURFACE('',(#12304),#12266,.T.);
#12324=CLOSED_SHELL('',(#12305,#12306,#12307,#12308,#12309,#12310,#12311,#12312,#12313,#12314,#12315,#12316,#12317,#12318,#12319,#12320,#12321,#12322,#12323));
#12325=FACETED_BREP('',#12324);
#12326=CARTESIAN_POINT('',(0.0015,0.00075,0.0001));
#12327=CARTESIAN_POINT('',(0.0015,0.00095,0.0001));
#12328=CARTESIAN_POINT('',(0.001075,0.00095,0.0001));
#12329=CARTESIAN_POINT('',(0.001075,0.00125,0.0001));
#12330=CARTESIAN_POINT('',(0.000875,0.00125,0.0001));
#12331=CARTESIAN_POINT('',(0.000875,0.00075,0.0001));
#12332=DIRECTION('',(0.,0.,-1.));
#12336=AXIS2_PLACEMENT_3D('',#12330,#12332,$);
#12340=PLANE('',#12336);
#12344=POLY_LOOP('',(#12330,#12328,#12331));
#12348=FACE_OUTER_BOUND('',#12344,.T.);
#12352=FACE_SURFACE('',(#12348),#12340,.T.);
#12333=DIRECTION('',(0.,0.,-1.));
#12337=AXIS2_PLACEMENT_3D('',#12326,#12333,$);
#12341=PLANE('',#12337);
#12345=POLY_LOOP('',(#12326,#12331,#12328));
#12349=FACE_OUTER_BOUND('',#12345,.T.);
#12353=FACE_SURFACE('',(#12349),#12341,.T.);
#12334=DIRECTION('',(0.,0.,-1.));
#12338=AXIS2_PLACEMENT_3D('',#12329,#12334,$);
#12342=PLANE('',#12338);
#12346=POLY_LOOP('',(#12329,#12328,#12330));
#12350=FACE_OUTER_BOUND('',#12346,.T.);
#12354=FACE_SURFACE('',(#12350),#12342,.T.);
#12335=DIRECTION('',(0.,0.,-1.));
#12339=AXIS2_PLACEMENT_3D('',#12327,#12335,$);
#12343=PLANE('',#12339);
#12347=POLY_LOOP('',(#12327,#12326,#12328));
#12351=FACE_OUTER_BOUND('',#12347,.T.);
#12355=FACE_SURFACE('',(#12351),#12343,.T.);
#12356=CLOSED_SHELL('',(#12352,#12353,#12354,#12355));
#12357=FACETED_BREP('',#12356);
#12358=CARTESIAN_POINT('',(0.000675,0.00125,0.0001));
#12359=CARTESIAN_POINT('',(0.000475,0.00125,0.0001));
#12360=CARTESIAN_POINT('',(0.000475,0.00055,0.0001));
#12361=CARTESIAN_POINT('',(0.0004765192,0.0005326352,0.0001));
#12362=CARTESIAN_POINT('',(0.0004810307,0.000515798,0.0001));
#12363=CARTESIAN_POINT('',(0.0004883974,0.0005,0.0001));
#12364=CARTESIAN_POINT('',(0.0004983955,0.0004857212,0.0001));
#12365=CARTESIAN_POINT('',(0.0005107212,0.0004733955,0.0001));
#12366=CARTESIAN_POINT('',(0.000525,0.0004633974,0.0001));
#12367=CARTESIAN_POINT('',(0.000540798,0.0004560307,0.0001));
#12368=CARTESIAN_POINT('',(0.0005576352,0.0004515192,0.0001));
#12369=CARTESIAN_POINT('',(0.000575,0.00045,0.0001));
#12370=CARTESIAN_POINT('',(0.0005923648,0.0004515192,0.0001));
#12371=CARTESIAN_POINT('',(0.000609202,0.0004560307,0.0001));
#12372=CARTESIAN_POINT('',(0.000625,0.0004633974,0.0001));
#12373=CARTESIAN_POINT('',(0.0006392787,0.0004733955,0.0001));
#12374=CARTESIAN_POINT('',(0.0006516044,0.0004857212,0.0001));
#12375=CARTESIAN_POINT('',(0.0006616025,0.0005,0.0001));
#12376=CARTESIAN_POINT('',(0.0006689692,0.000515798,0.0001));
#12377=CARTESIAN_POINT('',(0.0006734808,0.0005326352,0.0001));
#12378=CARTESIAN_POINT('',(0.000675,0.00055,0.0001));
#12379=DIRECTION('',(0.,0.,-1.));
#12398=AXIS2_PLACEMENT_3D('',#12360,#12379,$);
#12417=PLANE('',#12398);
#12436=POLY_LOOP('',(#12360,#12362,#12361));
#12455=FACE_OUTER_BOUND('',#12436,.T.);
#12474=FACE_SURFACE('',(#12455),#12417,.T.);
#12380=DIRECTION('',(0.,0.,-1.));
#12399=AXIS2_PLACEMENT_3D('',#12377,#12380,$);
#12418=PLANE('',#12399);
#12437=POLY_LOOP('',(#12377,#12363,#12362));
#12456=FACE_OUTER_BOUND('',#12437,.T.);
#12475=FACE_SURFACE('',(#12456),#12418,.T.);
#12381=DIRECTION('',(0.,0.,-1.));
#12400=AXIS2_PLACEMENT_3D('',#12377,#12381,$);
#12419=PLANE('',#12400);
#12438=POLY_LOOP('',(#12377,#12364,#12363));
#12457=FACE_OUTER_BOUND('',#12438,.T.);
#12476=FACE_SURFACE('',(#12457),#12419,.T.);
#12382=DIRECTION('',(0.,0.,-1.));
#12401=AXIS2_PLACEMENT_3D('',#12377,#12382,$);
#12420=PLANE('',#12401);
#12439=POLY_LOOP('',(#12377,#12365,#12364));
#12458=FACE_OUTER_BOUND('',#12439,.T.);
#12477=FACE_SURFACE('',(#12458),#12420,.T.);
#12383=DIRECTION('',(0.,0.,-1.));
#12402=AXIS2_PLACEMENT_3D('',#12377,#12383,$);
#12421=PLANE('',#12402);
#12440=POLY_LOOP('',(#12377,#12366,#12365));
#12459=FACE_OUTER_BOUND('',#12440,.T.);
#12478=FACE_SURFACE('',(#12459),#12421,.T.);
#12384=DIRECTION('',(0.,0.,-1.));
#12403=AXIS2_PLACEMENT_3D('',#12377,#12384,$);
#12422=PLANE('',#12403);
#12441=POLY_LOOP('',(#12377,#12367,#12366));
#12460=FACE_OUTER_BOUND('',#12441,.T.);
#12479=FACE_SURFACE('',(#12460),#12422,.T.);
#12385=DIRECTION('',(0.,0.,-1.));
#12404=AXIS2_PLACEMENT_3D('',#12377,#12385,$);
#12423=PLANE('',#12404);
#12442=POLY_LOOP('',(#12377,#12368,#12367));
#12461=FACE_OUTER_BOUND('',#12442,.T.);
#12480=FACE_SURFACE('',(#12461),#12423,.T.);
#12386=DIRECTION('',(0.,0.,-1.));
#12405=AXIS2_PLACEMENT_3D('',#12377,#12386,$);
#12424=PLANE('',#12405);
#12443=POLY_LOOP('',(#12377,#12369,#12368));
#12462=FACE_OUTER_BOUND('',#12443,.T.);
#12481=FACE_SURFACE('',(#12462),#12424,.T.);
#12387=DIRECTION('',(0.,0.,-1.));
#12406=AXIS2_PLACEMENT_3D('',#12377,#12387,$);
#12425=PLANE('',#12406);
#12444=POLY_LOOP('',(#12377,#12370,#12369));
#12463=FACE_OUTER_BOUND('',#12444,.T.);
#12482=FACE_SURFACE('',(#12463),#12425,.T.);
#12388=DIRECTION('',(0.,0.,-1.));
#12407=AXIS2_PLACEMENT_3D('',#12377,#12388,$);
#12426=PLANE('',#12407);
#12445=POLY_LOOP('',(#12377,#12371,#12370));
#12464=FACE_OUTER_BOUND('',#12445,.T.);
#12483=FACE_SURFACE('',(#12464),#12426,.T.);
#12389=DIRECTION('',(0.,0.,-1.));
#12408=AXIS2_PLACEMENT_3D('',#12377,#12389,$);
#12427=PLANE('',#12408);
#12446=POLY_LOOP('',(#12377,#12372,#12371));
#12465=FACE_OUTER_BOUND('',#12446,.T.);
#12484=FACE_SURFACE('',(#12465),#12427,.T.);
#12390=DIRECTION('',(0.,0.,-1.));
#12409=AXIS2_PLACEMENT_3D('',#12377,#12390,$);
#12428=PLANE('',#12409);
#12447=POLY_LOOP('',(#12377,#12373,#12372));
#12466=FACE_OUTER_BOUND('',#12447,.T.);
#12485=FACE_SURFACE('',(#12466),#12428,.T.);
#12391=DIRECTION('',(0.,0.,-1.));
#12410=AXIS2_PLACEMENT_3D('',#12377,#12391,$);
#12429=PLANE('',#12410);
#12448=POLY_LOOP('',(#12377,#12374,#12373));
#12467=FACE_OUTER_BOUND('',#12448,.T.);
#12486=FACE_SURFACE('',(#12467),#12429,.T.);
#12392=DIRECTION('',(0.,0.,-1.));
#12411=AXIS2_PLACEMENT_3D('',#12377,#12392,$);
#12430=PLANE('',#12411);
#12449=POLY_LOOP('',(#12377,#12375,#12374));
#12468=FACE_OUTER_BOUND('',#12449,.T.);
#12487=FACE_SURFACE('',(#12468),#12430,.T.);
#12393=DIRECTION('',(0.,0.,-1.));
#12412=AXIS2_PLACEMENT_3D('',#12377,#12393,$);
#12431=PLANE('',#12412);
#12450=POLY_LOOP('',(#12377,#12376,#12375));
#12469=FACE_OUTER_BOUND('',#12450,.T.);
#12488=FACE_SURFACE('',(#12469),#12431,.T.);
#12394=DIRECTION('',(0.,0.,-1.));
#12413=AXIS2_PLACEMENT_3D('',#12377,#12394,$);
#12432=PLANE('',#12413);
#12451=POLY_LOOP('',(#12377,#12362,#12360));
#12470=FACE_OUTER_BOUND('',#12451,.T.);
#12489=FACE_SURFACE('',(#12470),#12432,.T.);
#12395=DIRECTION('',(0.,0.,-1.));
#12414=AXIS2_PLACEMENT_3D('',#12378,#12395,$);
#12433=PLANE('',#12414);
#12452=POLY_LOOP('',(#12378,#12377,#12360));
#12471=FACE_OUTER_BOUND('',#12452,.T.);
#12490=FACE_SURFACE('',(#12471),#12433,.T.);
#12396=DIRECTION('',(0.,0.,-1.));
#12415=AXIS2_PLACEMENT_3D('',#12358,#12396,$);
#12434=PLANE('',#12415);
#12453=POLY_LOOP('',(#12358,#12360,#12359));
#12472=FACE_OUTER_BOUND('',#12453,.T.);
#12491=FACE_SURFACE('',(#12472),#12434,.T.);
#12397=DIRECTION('',(0.,0.,-1.));
#12416=AXIS2_PLACEMENT_3D('',#12358,#12397,$);
#12435=PLANE('',#12416);
#12454=POLY_LOOP('',(#12358,#12378,#12360));
#12473=FACE_OUTER_BOUND('',#12454,.T.);
#12492=FACE_SURFACE('',(#12473),#12435,.T.);
#12493=CLOSED_SHELL('',(#12474,#12475,#12476,#12477,#12478,#12479,#12480,#12481,#12482,#12483,#12484,#12485,#12486,#12487,#12488,#12489,#12490,#12491,#12492));
#12494=FACETED_BREP('',#12493);
#12495=CARTESIAN_POINT('',(0.000275,0.00125,0.0001));
#12496=CARTESIAN_POINT('',(0.000075,0.00125,0.0001));
#12497=CARTESIAN_POINT('',(0.000075,0.00055,0.0001));
#12498=CARTESIAN_POINT('',(0.00007651922,0.0005326352,0.0001));
#12499=CARTESIAN_POINT('',(0.00008103074,0.000515798,0.0001));
#12500=CARTESIAN_POINT('',(0.00008839746,0.0005,0.0001));
#12501=CARTESIAN_POINT('',(0.00009839555,0.0004857212,0.0001));
#12502=CARTESIAN_POINT('',(0.0001107212,0.0004733955,0.0001));
#12503=CARTESIAN_POINT('',(0.000125,0.0004633974,0.0001));
#12504=CARTESIAN_POINT('',(0.000140798,0.0004560307,0.0001));
#12505=CARTESIAN_POINT('',(0.0001576352,0.0004515192,0.0001));
#12506=CARTESIAN_POINT('',(0.000175,0.00045,0.0001));
#12507=CARTESIAN_POINT('',(0.0001923648,0.0004515192,0.0001));
#12508=CARTESIAN_POINT('',(0.000209202,0.0004560307,0.0001));
#12509=CARTESIAN_POINT('',(0.000225,0.0004633974,0.0001));
#12510=CARTESIAN_POINT('',(0.0002392788,0.0004733955,0.0001));
#12511=CARTESIAN_POINT('',(0.0002516044,0.0004857212,0.0001));
#12512=CARTESIAN_POINT('',(0.0002616025,0.0005,0.0001));
#12513=CARTESIAN_POINT('',(0.0002689692,0.000515798,0.0001));
#12514=CARTESIAN_POINT('',(0.0002734808,0.0005326352,0.0001));
#12515=CARTESIAN_POINT('',(0.000275,0.00055,0.0001));
#12516=DIRECTION('',(0.,0.,-1.));
#12535=AXIS2_PLACEMENT_3D('',#12514,#12516,$);
#12554=PLANE('',#12535);
#12573=POLY_LOOP('',(#12514,#12498,#12497));
#12592=FACE_OUTER_BOUND('',#12573,.T.);
#12611=FACE_SURFACE('',(#12592),#12554,.T.);
#12517=DIRECTION('',(0.,0.,-1.));
#12536=AXIS2_PLACEMENT_3D('',#12514,#12517,$);
#12555=PLANE('',#12536);
#12574=POLY_LOOP('',(#12514,#12499,#12498));
#12593=FACE_OUTER_BOUND('',#12574,.T.);
#12612=FACE_SURFACE('',(#12593),#12555,.T.);
#12518=DIRECTION('',(0.,0.,-1.));
#12537=AXIS2_PLACEMENT_3D('',#12514,#12518,$);
#12556=PLANE('',#12537);
#12575=POLY_LOOP('',(#12514,#12500,#12499));
#12594=FACE_OUTER_BOUND('',#12575,.T.);
#12613=FACE_SURFACE('',(#12594),#12556,.T.);
#12519=DIRECTION('',(0.,0.,-1.));
#12538=AXIS2_PLACEMENT_3D('',#12514,#12519,$);
#12557=PLANE('',#12538);
#12576=POLY_LOOP('',(#12514,#12501,#12500));
#12595=FACE_OUTER_BOUND('',#12576,.T.);
#12614=FACE_SURFACE('',(#12595),#12557,.T.);
#12520=DIRECTION('',(0.,0.,-1.));
#12539=AXIS2_PLACEMENT_3D('',#12514,#12520,$);
#12558=PLANE('',#12539);
#12577=POLY_LOOP('',(#12514,#12502,#12501));
#12596=FACE_OUTER_BOUND('',#12577,.T.);
#12615=FACE_SURFACE('',(#12596),#12558,.T.);
#12521=DIRECTION('',(0.,0.,-1.));
#12540=AXIS2_PLACEMENT_3D('',#12514,#12521,$);
#12559=PLANE('',#12540);
#12578=POLY_LOOP('',(#12514,#12503,#12502));
#12597=FACE_OUTER_BOUND('',#12578,.T.);
#12616=FACE_SURFACE('',(#12597),#12559,.T.);
#12522=DIRECTION('',(0.,0.,-1.));
#12541=AXIS2_PLACEMENT_3D('',#12514,#12522,$);
#12560=PLANE('',#12541);
#12579=POLY_LOOP('',(#12514,#12504,#12503));
#12598=FACE_OUTER_BOUND('',#12579,.T.);
#12617=FACE_SURFACE('',(#12598),#12560,.T.);
#12523=DIRECTION('',(0.,0.,-1.));
#12542=AXIS2_PLACEMENT_3D('',#12514,#12523,$);
#12561=PLANE('',#12542);
#12580=POLY_LOOP('',(#12514,#12505,#12504));
#12599=FACE_OUTER_BOUND('',#12580,.T.);
#12618=FACE_SURFACE('',(#12599),#12561,.T.);
#12524=DIRECTION('',(0.,0.,-1.));
#12543=AXIS2_PLACEMENT_3D('',#12514,#12524,$);
#12562=PLANE('',#12543);
#12581=POLY_LOOP('',(#12514,#12506,#12505));
#12600=FACE_OUTER_BOUND('',#12581,.T.);
#12619=FACE_SURFACE('',(#12600),#12562,.T.);
#12525=DIRECTION('',(0.,0.,-1.));
#12544=AXIS2_PLACEMENT_3D('',#12514,#12525,$);
#12563=PLANE('',#12544);
#12582=POLY_LOOP('',(#12514,#12507,#12506));
#12601=FACE_OUTER_BOUND('',#12582,.T.);
#12620=FACE_SURFACE('',(#12601),#12563,.T.);
#12526=DIRECTION('',(0.,0.,-1.));
#12545=AXIS2_PLACEMENT_3D('',#12514,#12526,$);
#12564=PLANE('',#12545);
#12583=POLY_LOOP('',(#12514,#12508,#12507));
#12602=FACE_OUTER_BOUND('',#12583,.T.);
#12621=FACE_SURFACE('',(#12602),#12564,.T.);
#12527=DIRECTION('',(0.,0.,-1.));
#12546=AXIS2_PLACEMENT_3D('',#12514,#12527,$);
#12565=PLANE('',#12546);
#12584=POLY_LOOP('',(#12514,#12509,#12508));
#12603=FACE_OUTER_BOUND('',#12584,.T.);
#12622=FACE_SURFACE('',(#12603),#12565,.T.);
#12528=DIRECTION('',(0.,0.,-1.));
#12547=AXIS2_PLACEMENT_3D('',#12514,#12528,$);
#12566=PLANE('',#12547);
#12585=POLY_LOOP('',(#12514,#12510,#12509));
#12604=FACE_OUTER_BOUND('',#12585,.T.);
#12623=FACE_SURFACE('',(#12604),#12566,.T.);
#12529=DIRECTION('',(0.,0.,-1.));
#12548=AXIS2_PLACEMENT_3D('',#12514,#12529,$);
#12567=PLANE('',#12548);
#12586=POLY_LOOP('',(#12514,#12511,#12510));
#12605=FACE_OUTER_BOUND('',#12586,.T.);
#12624=FACE_SURFACE('',(#12605),#12567,.T.);
#12530=DIRECTION('',(0.,0.,-1.));
#12549=AXIS2_PLACEMENT_3D('',#12514,#12530,$);
#12568=PLANE('',#12549);
#12587=POLY_LOOP('',(#12514,#12512,#12511));
#12606=FACE_OUTER_BOUND('',#12587,.T.);
#12625=FACE_SURFACE('',(#12606),#12568,.T.);
#12531=DIRECTION('',(0.,0.,-1.));
#12550=AXIS2_PLACEMENT_3D('',#12514,#12531,$);
#12569=PLANE('',#12550);
#12588=POLY_LOOP('',(#12514,#12513,#12512));
#12607=FACE_OUTER_BOUND('',#12588,.T.);
#12626=FACE_SURFACE('',(#12607),#12569,.T.);
#12532=DIRECTION('',(0.,0.,-1.));
#12551=AXIS2_PLACEMENT_3D('',#12515,#12532,$);
#12570=PLANE('',#12551);
#12589=POLY_LOOP('',(#12515,#12514,#12497));
#12608=FACE_OUTER_BOUND('',#12589,.T.);
#12627=FACE_SURFACE('',(#12608),#12570,.T.);
#12533=DIRECTION('',(0.,0.,-1.));
#12552=AXIS2_PLACEMENT_3D('',#12495,#12533,$);
#12571=PLANE('',#12552);
#12590=POLY_LOOP('',(#12495,#12497,#12496));
#12609=FACE_OUTER_BOUND('',#12590,.T.);
#12628=FACE_SURFACE('',(#12609),#12571,.T.);
#12534=DIRECTION('',(0.,0.,-1.));
#12553=AXIS2_PLACEMENT_3D('',#12495,#12534,$);
#12572=PLANE('',#12553);
#12591=POLY_LOOP('',(#12495,#12515,#12497));
#12610=FACE_OUTER_BOUND('',#12591,.T.);
#12629=FACE_SURFACE('',(#12610),#12572,.T.);
#12630=CLOSED_SHELL('',(#12611,#12612,#12613,#12614,#12615,#12616,#12617,#12618,#12619,#12620,#12621,#12622,#12623,#12624,#12625,#12626,#12627,#12628,#12629));
#12631=FACETED_BREP('',#12630);
#12632=CARTESIAN_POINT('',(-0.000125,0.00125,0.0001));
#12633=CARTESIAN_POINT('',(-0.000325,0.00125,0.0001));
#12634=CARTESIAN_POINT('',(-0.000325,0.00055,0.0001));
#12635=CARTESIAN_POINT('',(-0.0003234808,0.0005326352,0.0001));
#12636=CARTESIAN_POINT('',(-0.0003189693,0.000515798,0.0001));
#12637=CARTESIAN_POINT('',(-0.0003116025,0.0005,0.0001));
#12638=CARTESIAN_POINT('',(-0.0003016045,0.0004857212,0.0001));
#12639=CARTESIAN_POINT('',(-0.0002892788,0.0004733955,0.0001));
#12640=CARTESIAN_POINT('',(-0.000275,0.0004633974,0.0001));
#12641=CARTESIAN_POINT('',(-0.000259202,0.0004560307,0.0001));
#12642=CARTESIAN_POINT('',(-0.0002423648,0.0004515192,0.0001));
#12643=CARTESIAN_POINT('',(-0.000225,0.00045,0.0001));
#12644=CARTESIAN_POINT('',(-0.0002076352,0.0004515192,0.0001));
#12645=CARTESIAN_POINT('',(-0.000190798,0.0004560307,0.0001));
#12646=CARTESIAN_POINT('',(-0.000175,0.0004633974,0.0001));
#12647=CARTESIAN_POINT('',(-0.0001607212,0.0004733955,0.0001));
#12648=CARTESIAN_POINT('',(-0.0001483956,0.0004857212,0.0001));
#12649=CARTESIAN_POINT('',(-0.0001383975,0.0005,0.0001));
#12650=CARTESIAN_POINT('',(-0.0001310307,0.000515798,0.0001));
#12651=CARTESIAN_POINT('',(-0.0001265192,0.0005326352,0.0001));
#12652=CARTESIAN_POINT('',(-0.000125,0.00055,0.0001));
#12653=DIRECTION('',(0.,0.,-1.));
#12672=AXIS2_PLACEMENT_3D('',#12634,#12653,$);
#12691=PLANE('',#12672);
#12710=POLY_LOOP('',(#12634,#12636,#12635));
#12729=FACE_OUTER_BOUND('',#12710,.T.);
#12748=FACE_SURFACE('',(#12729),#12691,.T.);
#12654=DIRECTION('',(0.,0.,-1.));
#12673=AXIS2_PLACEMENT_3D('',#12651,#12654,$);
#12692=PLANE('',#12673);
#12711=POLY_LOOP('',(#12651,#12637,#12636));
#12730=FACE_OUTER_BOUND('',#12711,.T.);
#12749=FACE_SURFACE('',(#12730),#12692,.T.);
#12655=DIRECTION('',(0.,0.,-1.));
#12674=AXIS2_PLACEMENT_3D('',#12651,#12655,$);
#12693=PLANE('',#12674);
#12712=POLY_LOOP('',(#12651,#12638,#12637));
#12731=FACE_OUTER_BOUND('',#12712,.T.);
#12750=FACE_SURFACE('',(#12731),#12693,.T.);
#12656=DIRECTION('',(0.,0.,-1.));
#12675=AXIS2_PLACEMENT_3D('',#12651,#12656,$);
#12694=PLANE('',#12675);
#12713=POLY_LOOP('',(#12651,#12639,#12638));
#12732=FACE_OUTER_BOUND('',#12713,.T.);
#12751=FACE_SURFACE('',(#12732),#12694,.T.);
#12657=DIRECTION('',(0.,0.,-1.));
#12676=AXIS2_PLACEMENT_3D('',#12651,#12657,$);
#12695=PLANE('',#12676);
#12714=POLY_LOOP('',(#12651,#12640,#12639));
#12733=FACE_OUTER_BOUND('',#12714,.T.);
#12752=FACE_SURFACE('',(#12733),#12695,.T.);
#12658=DIRECTION('',(0.,0.,-1.));
#12677=AXIS2_PLACEMENT_3D('',#12651,#12658,$);
#12696=PLANE('',#12677);
#12715=POLY_LOOP('',(#12651,#12641,#12640));
#12734=FACE_OUTER_BOUND('',#12715,.T.);
#12753=FACE_SURFACE('',(#12734),#12696,.T.);
#12659=DIRECTION('',(0.,0.,-1.));
#12678=AXIS2_PLACEMENT_3D('',#12651,#12659,$);
#12697=PLANE('',#12678);
#12716=POLY_LOOP('',(#12651,#12642,#12641));
#12735=FACE_OUTER_BOUND('',#12716,.T.);
#12754=FACE_SURFACE('',(#12735),#12697,.T.);
#12660=DIRECTION('',(0.,0.,-1.));
#12679=AXIS2_PLACEMENT_3D('',#12651,#12660,$);
#12698=PLANE('',#12679);
#12717=POLY_LOOP('',(#12651,#12643,#12642));
#12736=FACE_OUTER_BOUND('',#12717,.T.);
#12755=FACE_SURFACE('',(#12736),#12698,.T.);
#12661=DIRECTION('',(0.,0.,-1.));
#12680=AXIS2_PLACEMENT_3D('',#12651,#12661,$);
#12699=PLANE('',#12680);
#12718=POLY_LOOP('',(#12651,#12644,#12643));
#12737=FACE_OUTER_BOUND('',#12718,.T.);
#12756=FACE_SURFACE('',(#12737),#12699,.T.);
#12662=DIRECTION('',(0.,0.,-1.));
#12681=AXIS2_PLACEMENT_3D('',#12651,#12662,$);
#12700=PLANE('',#12681);
#12719=POLY_LOOP('',(#12651,#12645,#12644));
#12738=FACE_OUTER_BOUND('',#12719,.T.);
#12757=FACE_SURFACE('',(#12738),#12700,.T.);
#12663=DIRECTION('',(0.,0.,-1.));
#12682=AXIS2_PLACEMENT_3D('',#12651,#12663,$);
#12701=PLANE('',#12682);
#12720=POLY_LOOP('',(#12651,#12646,#12645));
#12739=FACE_OUTER_BOUND('',#12720,.T.);
#12758=FACE_SURFACE('',(#12739),#12701,.T.);
#12664=DIRECTION('',(0.,0.,-1.));
#12683=AXIS2_PLACEMENT_3D('',#12651,#12664,$);
#12702=PLANE('',#12683);
#12721=POLY_LOOP('',(#12651,#12647,#12646));
#12740=FACE_OUTER_BOUND('',#12721,.T.);
#12759=FACE_SURFACE('',(#12740),#12702,.T.);
#12665=DIRECTION('',(0.,0.,-1.));
#12684=AXIS2_PLACEMENT_3D('',#12651,#12665,$);
#12703=PLANE('',#12684);
#12722=POLY_LOOP('',(#12651,#12648,#12647));
#12741=FACE_OUTER_BOUND('',#12722,.T.);
#12760=FACE_SURFACE('',(#12741),#12703,.T.);
#12666=DIRECTION('',(0.,0.,-1.));
#12685=AXIS2_PLACEMENT_3D('',#12651,#12666,$);
#12704=PLANE('',#12685);
#12723=POLY_LOOP('',(#12651,#12649,#12648));
#12742=FACE_OUTER_BOUND('',#12723,.T.);
#12761=FACE_SURFACE('',(#12742),#12704,.T.);
#12667=DIRECTION('',(0.,0.,-1.));
#12686=AXIS2_PLACEMENT_3D('',#12651,#12667,$);
#12705=PLANE('',#12686);
#12724=POLY_LOOP('',(#12651,#12650,#12649));
#12743=FACE_OUTER_BOUND('',#12724,.T.);
#12762=FACE_SURFACE('',(#12743),#12705,.T.);
#12668=DIRECTION('',(0.,0.,-1.));
#12687=AXIS2_PLACEMENT_3D('',#12651,#12668,$);
#12706=PLANE('',#12687);
#12725=POLY_LOOP('',(#12651,#12636,#12634));
#12744=FACE_OUTER_BOUND('',#12725,.T.);
#12763=FACE_SURFACE('',(#12744),#12706,.T.);
#12669=DIRECTION('',(0.,0.,-1.));
#12688=AXIS2_PLACEMENT_3D('',#12652,#12669,$);
#12707=PLANE('',#12688);
#12726=POLY_LOOP('',(#12652,#12651,#12634));
#12745=FACE_OUTER_BOUND('',#12726,.T.);
#12764=FACE_SURFACE('',(#12745),#12707,.T.);
#12670=DIRECTION('',(0.,0.,-1.));
#12689=AXIS2_PLACEMENT_3D('',#12632,#12670,$);
#12708=PLANE('',#12689);
#12727=POLY_LOOP('',(#12632,#12634,#12633));
#12746=FACE_OUTER_BOUND('',#12727,.T.);
#12765=FACE_SURFACE('',(#12746),#12708,.T.);
#12671=DIRECTION('',(0.,0.,-1.));
#12690=AXIS2_PLACEMENT_3D('',#12632,#12671,$);
#12709=PLANE('',#12690);
#12728=POLY_LOOP('',(#12632,#12652,#12634));
#12747=FACE_OUTER_BOUND('',#12728,.T.);
#12766=FACE_SURFACE('',(#12747),#12709,.T.);
#12767=CLOSED_SHELL('',(#12748,#12749,#12750,#12751,#12752,#12753,#12754,#12755,#12756,#12757,#12758,#12759,#12760,#12761,#12762,#12763,#12764,#12765,#12766));
#12768=FACETED_BREP('',#12767);
#12769=CARTESIAN_POINT('',(-0.000525,0.00125,0.0001));
#12770=CARTESIAN_POINT('',(-0.000725,0.00125,0.0001));
#12771=CARTESIAN_POINT('',(-0.000725,0.000931145,0.0001));
#12772=CARTESIAN_POINT('',(-0.0007234808,0.0009137802,0.0001));
#12773=CARTESIAN_POINT('',(-0.0007189693,0.000896943,0.0001));
#12774=CARTESIAN_POINT('',(-0.0007116026,0.000881145,0.0001));
#12775=CARTESIAN_POINT('',(-0.0007016045,0.0008668663,0.0001));
#12776=CARTESIAN_POINT('',(-0.0006892788,0.0008545406,0.0001));
#12777=CARTESIAN_POINT('',(-0.000675,0.0008445425,0.0001));
#12778=CARTESIAN_POINT('',(-0.000659202,0.0008371758,0.0001));
#12779=CARTESIAN_POINT('',(-0.0006423648,0.0008326642,0.0001));
#12780=CARTESIAN_POINT('',(-0.000625,0.000831145,0.0001));
#12781=CARTESIAN_POINT('',(-0.0006076352,0.0008326642,0.0001));
#12782=CARTESIAN_POINT('',(-0.000590798,0.0008371758,0.0001));
#12783=CARTESIAN_POINT('',(-0.000575,0.0008445425,0.0001));
#12784=CARTESIAN_POINT('',(-0.0005607213,0.0008545406,0.0001));
#12785=CARTESIAN_POINT('',(-0.0005483956,0.0008668663,0.0001));
#12786=CARTESIAN_POINT('',(-0.0005383975,0.000881145,0.0001));
#12787=CARTESIAN_POINT('',(-0.0005310308,0.000896943,0.0001));
#12788=CARTESIAN_POINT('',(-0.0005265192,0.0009137802,0.0001));
#12789=CARTESIAN_POINT('',(-0.000525,0.000931145,0.0001));
#12790=DIRECTION('',(0.,0.,-1.));
#12809=AXIS2_PLACEMENT_3D('',#12771,#12790,$);
#12828=PLANE('',#12809);
#12847=POLY_LOOP('',(#12771,#12773,#12772));
#12866=FACE_OUTER_BOUND('',#12847,.T.);
#12885=FACE_SURFACE('',(#12866),#12828,.T.);
#12791=DIRECTION('',(0.,0.,-1.));
#12810=AXIS2_PLACEMENT_3D('',#12771,#12791,$);
#12829=PLANE('',#12810);
#12848=POLY_LOOP('',(#12771,#12774,#12773));
#12867=FACE_OUTER_BOUND('',#12848,.T.);
#12886=FACE_SURFACE('',(#12867),#12829,.T.);
#12792=DIRECTION('',(0.,0.,-1.));
#12811=AXIS2_PLACEMENT_3D('',#12771,#12792,$);
#12830=PLANE('',#12811);
#12849=POLY_LOOP('',(#12771,#12775,#12774));
#12868=FACE_OUTER_BOUND('',#12849,.T.);
#12887=FACE_SURFACE('',(#12868),#12830,.T.);
#12793=DIRECTION('',(0.,0.,-1.));
#12812=AXIS2_PLACEMENT_3D('',#12788,#12793,$);
#12831=PLANE('',#12812);
#12850=POLY_LOOP('',(#12788,#12776,#12775));
#12869=FACE_OUTER_BOUND('',#12850,.T.);
#12888=FACE_SURFACE('',(#12869),#12831,.T.);
#12794=DIRECTION('',(0.,0.,-1.));
#12813=AXIS2_PLACEMENT_3D('',#12788,#12794,$);
#12832=PLANE('',#12813);
#12851=POLY_LOOP('',(#12788,#12777,#12776));
#12870=FACE_OUTER_BOUND('',#12851,.T.);
#12889=FACE_SURFACE('',(#12870),#12832,.T.);
#12795=DIRECTION('',(0.,0.,-1.));
#12814=AXIS2_PLACEMENT_3D('',#12788,#12795,$);
#12833=PLANE('',#12814);
#12852=POLY_LOOP('',(#12788,#12778,#12777));
#12871=FACE_OUTER_BOUND('',#12852,.T.);
#12890=FACE_SURFACE('',(#12871),#12833,.T.);
#12796=DIRECTION('',(0.,0.,-1.));
#12815=AXIS2_PLACEMENT_3D('',#12788,#12796,$);
#12834=PLANE('',#12815);
#12853=POLY_LOOP('',(#12788,#12779,#12778));
#12872=FACE_OUTER_BOUND('',#12853,.T.);
#12891=FACE_SURFACE('',(#12872),#12834,.T.);
#12797=DIRECTION('',(0.,0.,-1.));
#12816=AXIS2_PLACEMENT_3D('',#12788,#12797,$);
#12835=PLANE('',#12816);
#12854=POLY_LOOP('',(#12788,#12780,#12779));
#12873=FACE_OUTER_BOUND('',#12854,.T.);
#12892=FACE_SURFACE('',(#12873),#12835,.T.);
#12798=DIRECTION('',(0.,0.,-1.));
#12817=AXIS2_PLACEMENT_3D('',#12788,#12798,$);
#12836=PLANE('',#12817);
#12855=POLY_LOOP('',(#12788,#12781,#12780));
#12874=FACE_OUTER_BOUND('',#12855,.T.);
#12893=FACE_SURFACE('',(#12874),#12836,.T.);
#12799=DIRECTION('',(0.,0.,-1.));
#12818=AXIS2_PLACEMENT_3D('',#12788,#12799,$);
#12837=PLANE('',#12818);
#12856=POLY_LOOP('',(#12788,#12782,#12781));
#12875=FACE_OUTER_BOUND('',#12856,.T.);
#12894=FACE_SURFACE('',(#12875),#12837,.T.);
#12800=DIRECTION('',(0.,0.,-1.));
#12819=AXIS2_PLACEMENT_3D('',#12788,#12800,$);
#12838=PLANE('',#12819);
#12857=POLY_LOOP('',(#12788,#12783,#12782));
#12876=FACE_OUTER_BOUND('',#12857,.T.);
#12895=FACE_SURFACE('',(#12876),#12838,.T.);
#12801=DIRECTION('',(0.,0.,-1.));
#12820=AXIS2_PLACEMENT_3D('',#12788,#12801,$);
#12839=PLANE('',#12820);
#12858=POLY_LOOP('',(#12788,#12784,#12783));
#12877=FACE_OUTER_BOUND('',#12858,.T.);
#12896=FACE_SURFACE('',(#12877),#12839,.T.);
#12802=DIRECTION('',(0.,0.,-1.));
#12821=AXIS2_PLACEMENT_3D('',#12788,#12802,$);
#12840=PLANE('',#12821);
#12859=POLY_LOOP('',(#12788,#12785,#12784));
#12878=FACE_OUTER_BOUND('',#12859,.T.);
#12897=FACE_SURFACE('',(#12878),#12840,.T.);
#12803=DIRECTION('',(0.,0.,-1.));
#12822=AXIS2_PLACEMENT_3D('',#12788,#12803,$);
#12841=PLANE('',#12822);
#12860=POLY_LOOP('',(#12788,#12786,#12785));
#12879=FACE_OUTER_BOUND('',#12860,.T.);
#12898=FACE_SURFACE('',(#12879),#12841,.T.);
#12804=DIRECTION('',(0.,0.,-1.));
#12823=AXIS2_PLACEMENT_3D('',#12788,#12804,$);
#12842=PLANE('',#12823);
#12861=POLY_LOOP('',(#12788,#12787,#12786));
#12880=FACE_OUTER_BOUND('',#12861,.T.);
#12899=FACE_SURFACE('',(#12880),#12842,.T.);
#12805=DIRECTION('',(0.,0.,-1.));
#12824=AXIS2_PLACEMENT_3D('',#12788,#12805,$);
#12843=PLANE('',#12824);
#12862=POLY_LOOP('',(#12788,#12775,#12771));
#12881=FACE_OUTER_BOUND('',#12862,.T.);
#12900=FACE_SURFACE('',(#12881),#12843,.T.);
#12806=DIRECTION('',(0.,0.,-1.));
#12825=AXIS2_PLACEMENT_3D('',#12789,#12806,$);
#12844=PLANE('',#12825);
#12863=POLY_LOOP('',(#12789,#12788,#12771));
#12882=FACE_OUTER_BOUND('',#12863,.T.);
#12901=FACE_SURFACE('',(#12882),#12844,.T.);
#12807=DIRECTION('',(0.,0.,-1.));
#12826=AXIS2_PLACEMENT_3D('',#12769,#12807,$);
#12845=PLANE('',#12826);
#12864=POLY_LOOP('',(#12769,#12771,#12770));
#12883=FACE_OUTER_BOUND('',#12864,.T.);
#12902=FACE_SURFACE('',(#12883),#12845,.T.);
#12808=DIRECTION('',(0.,0.,-1.));
#12827=AXIS2_PLACEMENT_3D('',#12769,#12808,$);
#12846=PLANE('',#12827);
#12865=POLY_LOOP('',(#12769,#12789,#12771));
#12884=FACE_OUTER_BOUND('',#12865,.T.);
#12903=FACE_SURFACE('',(#12884),#12846,.T.);
#12904=CLOSED_SHELL('',(#12885,#12886,#12887,#12888,#12889,#12890,#12891,#12892,#12893,#12894,#12895,#12896,#12897,#12898,#12899,#12900,#12901,#12902,#12903));
#12905=FACETED_BREP('',#12904);
#12906=CARTESIAN_POINT('',(-0.000925,0.00125,0.0001));
#12907=CARTESIAN_POINT('',(-0.001125,0.00125,0.0001));
#12908=CARTESIAN_POINT('',(-0.001125,0.00095,0.0001));
#12909=CARTESIAN_POINT('',(-0.0015,0.00095,0.0001));
#12910=CARTESIAN_POINT('',(-0.0015,0.00075,0.0001));
#12911=CARTESIAN_POINT('',(-0.001075195,0.00075,0.0001));
#12912=CARTESIAN_POINT('',(-0.000925,0.0009,0.0001));
#12913=DIRECTION('',(0.,0.,-1.));
#12918=AXIS2_PLACEMENT_3D('',#12908,#12913,$);
#12923=PLANE('',#12918);
#12928=POLY_LOOP('',(#12908,#12910,#12909));
#12933=FACE_OUTER_BOUND('',#12928,.T.);
#12938=FACE_SURFACE('',(#12933),#12923,.T.);
#12914=DIRECTION('',(0.,0.,-1.));
#12919=AXIS2_PLACEMENT_3D('',#12908,#12914,$);
#12924=PLANE('',#12919);
#12929=POLY_LOOP('',(#12908,#12911,#12910));
#12934=FACE_OUTER_BOUND('',#12929,.T.);
#12939=FACE_SURFACE('',(#12934),#12924,.T.);
#12915=DIRECTION('',(0.,0.,-1.));
#12920=AXIS2_PLACEMENT_3D('',#12912,#12915,$);
#12925=PLANE('',#12920);
#12930=POLY_LOOP('',(#12912,#12911,#12908));
#12935=FACE_OUTER_BOUND('',#12930,.T.);
#12940=FACE_SURFACE('',(#12935),#12925,.T.);
#12916=DIRECTION('',(0.,0.,-1.));
#12921=AXIS2_PLACEMENT_3D('',#12906,#12916,$);
#12926=PLANE('',#12921);
#12931=POLY_LOOP('',(#12906,#12908,#12907));
#12936=FACE_OUTER_BOUND('',#12931,.T.);
#12941=FACE_SURFACE('',(#12936),#12926,.T.);
#12917=DIRECTION('',(0.,0.,-1.));
#12922=AXIS2_PLACEMENT_3D('',#12906,#12917,$);
#12927=PLANE('',#12922);
#12932=POLY_LOOP('',(#12906,#12912,#12908));
#12937=FACE_OUTER_BOUND('',#12932,.T.);
#12942=FACE_SURFACE('',(#12937),#12927,.T.);
#12943=CLOSED_SHELL('',(#12938,#12939,#12940,#12941,#12942));
#12944=FACETED_BREP('',#12943);
#12945=CARTESIAN_POINT('',(-0.0015,0.000493485,0.0001));
#12946=CARTESIAN_POINT('',(-0.0015,0.000293485,0.0001));
#12947=CARTESIAN_POINT('',(-0.001175,0.000293485,0.0001));
#12948=CARTESIAN_POINT('',(-0.001157635,0.0002950042,0.0001));
#12949=CARTESIAN_POINT('',(-0.001140798,0.0002995157,0.0001));
#12950=CARTESIAN_POINT('',(-0.001125,0.0003068825,0.0001));
#12951=CARTESIAN_POINT('',(-0.001110721,0.0003168806,0.0001));
#12952=CARTESIAN_POINT('',(-0.001098396,0.0003292062,0.0001));
#12953=CARTESIAN_POINT('',(-0.001088397,0.000343485,0.0001));
#12954=CARTESIAN_POINT('',(-0.001081031,0.000359283,0.0001));
#12955=CARTESIAN_POINT('',(-0.001076519,0.0003761202,0.0001));
#12956=CARTESIAN_POINT('',(-0.001075,0.000393485,0.0001));
#12957=CARTESIAN_POINT('',(-0.001076519,0.0004108498,0.0001));
#12958=CARTESIAN_POINT('',(-0.001081031,0.000427687,0.0001));
#12959=CARTESIAN_POINT('',(-0.001088397,0.000443485,0.0001));
#12960=CARTESIAN_POINT('',(-0.001098396,0.0004577638,0.0001));
#12961=CARTESIAN_POINT('',(-0.001110721,0.0004700894,0.0001));
#12962=CARTESIAN_POINT('',(-0.001125,0.0004800875,0.0001));
#12963=CARTESIAN_POINT('',(-0.001140798,0.0004874543,0.0001));
#12964=CARTESIAN_POINT('',(-0.001157635,0.0004919658,0.0001));
#12965=CARTESIAN_POINT('',(-0.001175,0.000493485,0.0001));
#12966=DIRECTION('',(0.,0.,-1.));
#12985=AXIS2_PLACEMENT_3D('',#12947,#12966,$);
#13004=PLANE('',#12985);
#13023=POLY_LOOP('',(#12947,#12946,#12945));
#13042=FACE_OUTER_BOUND('',#13023,.T.);
#13061=FACE_SURFACE('',(#13042),#13004,.T.);
#12967=DIRECTION('',(0.,0.,-1.));
#12986=AXIS2_PLACEMENT_3D('',#12951,#12967,$);
#13005=PLANE('',#12986);
#13024=POLY_LOOP('',(#12951,#12950,#12949));
#13043=FACE_OUTER_BOUND('',#13024,.T.);
#13062=FACE_SURFACE('',(#13043),#13005,.T.);
#12968=DIRECTION('',(0.,0.,-1.));
#12987=AXIS2_PLACEMENT_3D('',#12952,#12968,$);
#13006=PLANE('',#12987);
#13025=POLY_LOOP('',(#12952,#12951,#12949));
#13044=FACE_OUTER_BOUND('',#13025,.T.);
#13063=FACE_SURFACE('',(#13044),#13006,.T.);
#12969=DIRECTION('',(0.,0.,-1.));
#12988=AXIS2_PLACEMENT_3D('',#12956,#12969,$);
#13007=PLANE('',#12988);
#13026=POLY_LOOP('',(#12956,#12955,#12954));
#13045=FACE_OUTER_BOUND('',#13026,.T.);
#13064=FACE_SURFACE('',(#13045),#13007,.T.);
#12970=DIRECTION('',(0.,0.,-1.));
#12989=AXIS2_PLACEMENT_3D('',#12965,#12970,$);
#13008=PLANE('',#12989);
#13027=POLY_LOOP('',(#12965,#12947,#12945));
#13046=FACE_OUTER_BOUND('',#13027,.T.);
#13065=FACE_SURFACE('',(#13046),#13008,.T.);
#12971=DIRECTION('',(0.,0.,-1.));
#12990=AXIS2_PLACEMENT_3D('',#12964,#12971,$);
#13009=PLANE('',#12990);
#13028=POLY_LOOP('',(#12964,#12947,#12965));
#13047=FACE_OUTER_BOUND('',#13028,.T.);
#13066=FACE_SURFACE('',(#13047),#13009,.T.);
#12972=DIRECTION('',(0.,0.,-1.));
#12991=AXIS2_PLACEMENT_3D('',#12958,#12972,$);
#13010=PLANE('',#12991);
#13029=POLY_LOOP('',(#12958,#12957,#12956));
#13048=FACE_OUTER_BOUND('',#13029,.T.);
#13067=FACE_SURFACE('',(#13048),#13010,.T.);
#12973=DIRECTION('',(0.,0.,-1.));
#12992=AXIS2_PLACEMENT_3D('',#12959,#12973,$);
#13011=PLANE('',#12992);
#13030=POLY_LOOP('',(#12959,#12958,#12956));
#13049=FACE_OUTER_BOUND('',#13030,.T.);
#13068=FACE_SURFACE('',(#13049),#13011,.T.);
#12974=DIRECTION('',(0.,0.,-1.));
#12993=AXIS2_PLACEMENT_3D('',#12961,#12974,$);
#13012=PLANE('',#12993);
#13031=POLY_LOOP('',(#12961,#12948,#12947));
#13050=FACE_OUTER_BOUND('',#13031,.T.);
#13069=FACE_SURFACE('',(#13050),#13012,.T.);
#12975=DIRECTION('',(0.,0.,-1.));
#12994=AXIS2_PLACEMENT_3D('',#12961,#12975,$);
#13013=PLANE('',#12994);
#13032=POLY_LOOP('',(#12961,#12949,#12948));
#13051=FACE_OUTER_BOUND('',#13032,.T.);
#13070=FACE_SURFACE('',(#13051),#13013,.T.);
#12976=DIRECTION('',(0.,0.,-1.));
#12995=AXIS2_PLACEMENT_3D('',#12961,#12976,$);
#13014=PLANE('',#12995);
#13033=POLY_LOOP('',(#12961,#12953,#12952));
#13052=FACE_OUTER_BOUND('',#13033,.T.);
#13071=FACE_SURFACE('',(#13052),#13014,.T.);
#12977=DIRECTION('',(0.,0.,-1.));
#12996=AXIS2_PLACEMENT_3D('',#12961,#12977,$);
#13015=PLANE('',#12996);
#13034=POLY_LOOP('',(#12961,#12954,#12953));
#13053=FACE_OUTER_BOUND('',#13034,.T.);
#13072=FACE_SURFACE('',(#13053),#13015,.T.);
#12978=DIRECTION('',(0.,0.,-1.));
#12997=AXIS2_PLACEMENT_3D('',#12961,#12978,$);
#13016=PLANE('',#12997);
#13035=POLY_LOOP('',(#12961,#12960,#12959));
#13054=FACE_OUTER_BOUND('',#13035,.T.);
#13073=FACE_SURFACE('',(#13054),#13016,.T.);
#12979=DIRECTION('',(0.,0.,-1.));
#12998=AXIS2_PLACEMENT_3D('',#12961,#12979,$);
#13017=PLANE('',#12998);
#13036=POLY_LOOP('',(#12961,#12963,#12962));
#13055=FACE_OUTER_BOUND('',#13036,.T.);
#13074=FACE_SURFACE('',(#13055),#13017,.T.);
#12980=DIRECTION('',(0.,0.,-1.));
#12999=AXIS2_PLACEMENT_3D('',#12961,#12980,$);
#13018=PLANE('',#12999);
#13037=POLY_LOOP('',(#12961,#12964,#12963));
#13056=FACE_OUTER_BOUND('',#13037,.T.);
#13075=FACE_SURFACE('',(#13056),#13018,.T.);
#12981=DIRECTION('',(0.,0.,-1.));
#13000=AXIS2_PLACEMENT_3D('',#12961,#12981,$);
#13019=PLANE('',#13000);
#13038=POLY_LOOP('',(#12961,#12952,#12949));
#13057=FACE_OUTER_BOUND('',#13038,.T.);
#13076=FACE_SURFACE('',(#13057),#13019,.T.);
#12982=DIRECTION('',(0.,0.,-1.));
#13001=AXIS2_PLACEMENT_3D('',#12961,#12982,$);
#13020=PLANE('',#13001);
#13039=POLY_LOOP('',(#12961,#12956,#12954));
#13058=FACE_OUTER_BOUND('',#13039,.T.);
#13077=FACE_SURFACE('',(#13058),#13020,.T.);
#12983=DIRECTION('',(0.,0.,-1.));
#13002=AXIS2_PLACEMENT_3D('',#12961,#12983,$);
#13021=PLANE('',#13002);
#13040=POLY_LOOP('',(#12961,#12947,#12964));
#13059=FACE_OUTER_BOUND('',#13040,.T.);
#13078=FACE_SURFACE('',(#13059),#13021,.T.);
#12984=DIRECTION('',(0.,0.,-1.));
#13003=AXIS2_PLACEMENT_3D('',#12961,#12984,$);
#13022=PLANE('',#13003);
#13041=POLY_LOOP('',(#12961,#12959,#12956));
#13060=FACE_OUTER_BOUND('',#13041,.T.);
#13079=FACE_SURFACE('',(#13060),#13022,.T.);
#13080=CLOSED_SHELL('',(#13061,#13062,#13063,#13064,#13065,#13066,#13067,#13068,#13069,#13070,#13071,#13072,#13073,#13074,#13075,#13076,#13077,#13078,#13079));
#13081=FACETED_BREP('',#13080);
#13082=CARTESIAN_POINT('',(-0.0015,0.000093485,0.0001));
#13083=CARTESIAN_POINT('',(-0.0015,-0.000106515,0.0001));
#13084=CARTESIAN_POINT('',(-0.001175,-0.000106515,0.0001));
#13085=CARTESIAN_POINT('',(-0.001157635,-0.0001049958,0.0001));
#13086=CARTESIAN_POINT('',(-0.001140798,-0.0001004843,0.0001));
#13087=CARTESIAN_POINT('',(-0.001125,-0.00009311754,0.0001));
#13088=CARTESIAN_POINT('',(-0.001110721,-0.00008311944,0.0001));
#13089=CARTESIAN_POINT('',(-0.001098396,-0.00007079376,0.0001));
#13090=CARTESIAN_POINT('',(-0.001088397,-0.000056515,0.0001));
#13091=CARTESIAN_POINT('',(-0.001081031,-0.00004071702,0.0001));
#13092=CARTESIAN_POINT('',(-0.001076519,-0.00002387982,0.0001));
#13093=CARTESIAN_POINT('',(-0.001075,-0.000006515,0.0001));
#13094=CARTESIAN_POINT('',(-0.001076519,0.00001084982,0.0001));
#13095=CARTESIAN_POINT('',(-0.001081031,0.00002768701,0.0001));
#13096=CARTESIAN_POINT('',(-0.001088397,0.000043485,0.0001));
#13097=CARTESIAN_POINT('',(-0.001098396,0.00005776376,0.0001));
#13098=CARTESIAN_POINT('',(-0.001110721,0.00007008945,0.0001));
#13099=CARTESIAN_POINT('',(-0.001125,0.00008008754,0.0001));
#13100=CARTESIAN_POINT('',(-0.001140798,0.00008745426,0.0001));
#13101=CARTESIAN_POINT('',(-0.001157635,0.00009196578,0.0001));
#13102=CARTESIAN_POINT('',(-0.001175,0.000093485,0.0001));
#13103=DIRECTION('',(0.,0.,-1.));
#13122=AXIS2_PLACEMENT_3D('',#13084,#13103,$);
#13141=PLANE('',#13122);
#13160=POLY_LOOP('',(#13084,#13083,#13082));
#13179=FACE_OUTER_BOUND('',#13160,.T.);
#13198=FACE_SURFACE('',(#13179),#13141,.T.);
#13104=DIRECTION('',(0.,0.,-1.));
#13123=AXIS2_PLACEMENT_3D('',#13091,#13104,$);
#13142=PLANE('',#13123);
#13161=POLY_LOOP('',(#13091,#13090,#13089));
#13180=FACE_OUTER_BOUND('',#13161,.T.);
#13199=FACE_SURFACE('',(#13180),#13142,.T.);
#13105=DIRECTION('',(0.,0.,-1.));
#13124=AXIS2_PLACEMENT_3D('',#13102,#13105,$);
#13143=PLANE('',#13124);
#13162=POLY_LOOP('',(#13102,#13084,#13082));
#13181=FACE_OUTER_BOUND('',#13162,.T.);
#13200=FACE_SURFACE('',(#13181),#13143,.T.);
#13106=DIRECTION('',(0.,0.,-1.));
#13125=AXIS2_PLACEMENT_3D('',#13101,#13106,$);
#13144=PLANE('',#13125);
#13163=POLY_LOOP('',(#13101,#13084,#13102));
#13182=FACE_OUTER_BOUND('',#13163,.T.);
#13201=FACE_SURFACE('',(#13182),#13144,.T.);
#13107=DIRECTION('',(0.,0.,-1.));
#13126=AXIS2_PLACEMENT_3D('',#13096,#13107,$);
#13145=PLANE('',#13126);
#13164=POLY_LOOP('',(#13096,#13095,#13094));
#13183=FACE_OUTER_BOUND('',#13164,.T.);
#13202=FACE_SURFACE('',(#13183),#13145,.T.);
#13108=DIRECTION('',(0.,0.,-1.));
#13127=AXIS2_PLACEMENT_3D('',#13098,#13108,$);
#13146=PLANE('',#13127);
#13165=POLY_LOOP('',(#13098,#13085,#13084));
#13184=FACE_OUTER_BOUND('',#13165,.T.);
#13203=FACE_SURFACE('',(#13184),#13146,.T.);
#13109=DIRECTION('',(0.,0.,-1.));
#13128=AXIS2_PLACEMENT_3D('',#13098,#13109,$);
#13147=PLANE('',#13128);
#13166=POLY_LOOP('',(#13098,#13086,#13085));
#13185=FACE_OUTER_BOUND('',#13166,.T.);
#13204=FACE_SURFACE('',(#13185),#13147,.T.);
#13110=DIRECTION('',(0.,0.,-1.));
#13129=AXIS2_PLACEMENT_3D('',#13098,#13110,$);
#13148=PLANE('',#13129);
#13167=POLY_LOOP('',(#13098,#13087,#13086));
#13186=FACE_OUTER_BOUND('',#13167,.T.);
#13205=FACE_SURFACE('',(#13186),#13148,.T.);
#13111=DIRECTION('',(0.,0.,-1.));
#13130=AXIS2_PLACEMENT_3D('',#13098,#13111,$);
#13149=PLANE('',#13130);
#13168=POLY_LOOP('',(#13098,#13088,#13087));
#13187=FACE_OUTER_BOUND('',#13168,.T.);
#13206=FACE_SURFACE('',(#13187),#13149,.T.);
#13112=DIRECTION('',(0.,0.,-1.));
#13131=AXIS2_PLACEMENT_3D('',#13098,#13112,$);
#13150=PLANE('',#13131);
#13169=POLY_LOOP('',(#13098,#13089,#13088));
#13188=FACE_OUTER_BOUND('',#13169,.T.);
#13207=FACE_SURFACE('',(#13188),#13150,.T.);
#13113=DIRECTION('',(0.,0.,-1.));
#13132=AXIS2_PLACEMENT_3D('',#13098,#13113,$);
#13151=PLANE('',#13132);
#13170=POLY_LOOP('',(#13098,#13092,#13091));
#13189=FACE_OUTER_BOUND('',#13170,.T.);
#13208=FACE_SURFACE('',(#13189),#13151,.T.);
#13114=DIRECTION('',(0.,0.,-1.));
#13133=AXIS2_PLACEMENT_3D('',#13098,#13114,$);
#13152=PLANE('',#13133);
#13171=POLY_LOOP('',(#13098,#13093,#13092));
#13190=FACE_OUTER_BOUND('',#13171,.T.);
#13209=FACE_SURFACE('',(#13190),#13152,.T.);
#13115=DIRECTION('',(0.,0.,-1.));
#13134=AXIS2_PLACEMENT_3D('',#13098,#13115,$);
#13153=PLANE('',#13134);
#13172=POLY_LOOP('',(#13098,#13094,#13093));
#13191=FACE_OUTER_BOUND('',#13172,.T.);
#13210=FACE_SURFACE('',(#13191),#13153,.T.);
#13116=DIRECTION('',(0.,0.,-1.));
#13135=AXIS2_PLACEMENT_3D('',#13098,#13116,$);
#13154=PLANE('',#13135);
#13173=POLY_LOOP('',(#13098,#13097,#13096));
#13192=FACE_OUTER_BOUND('',#13173,.T.);
#13211=FACE_SURFACE('',(#13192),#13154,.T.);
#13117=DIRECTION('',(0.,0.,-1.));
#13136=AXIS2_PLACEMENT_3D('',#13098,#13117,$);
#13155=PLANE('',#13136);
#13174=POLY_LOOP('',(#13098,#13100,#13099));
#13193=FACE_OUTER_BOUND('',#13174,.T.);
#13212=FACE_SURFACE('',(#13193),#13155,.T.);
#13118=DIRECTION('',(0.,0.,-1.));
#13137=AXIS2_PLACEMENT_3D('',#13098,#13118,$);
#13156=PLANE('',#13137);
#13175=POLY_LOOP('',(#13098,#13101,#13100));
#13194=FACE_OUTER_BOUND('',#13175,.T.);
#13213=FACE_SURFACE('',(#13194),#13156,.T.);
#13119=DIRECTION('',(0.,0.,-1.));
#13138=AXIS2_PLACEMENT_3D('',#13098,#13119,$);
#13157=PLANE('',#13138);
#13176=POLY_LOOP('',(#13098,#13091,#13089));
#13195=FACE_OUTER_BOUND('',#13176,.T.);
#13214=FACE_SURFACE('',(#13195),#13157,.T.);
#13120=DIRECTION('',(0.,0.,-1.));
#13139=AXIS2_PLACEMENT_3D('',#13098,#13120,$);
#13158=PLANE('',#13139);
#13177=POLY_LOOP('',(#13098,#13096,#13094));
#13196=FACE_OUTER_BOUND('',#13177,.T.);
#13215=FACE_SURFACE('',(#13196),#13158,.T.);
#13121=DIRECTION('',(0.,0.,-1.));
#13140=AXIS2_PLACEMENT_3D('',#13098,#13121,$);
#13159=PLANE('',#13140);
#13178=POLY_LOOP('',(#13098,#13084,#13101));
#13197=FACE_OUTER_BOUND('',#13178,.T.);
#13216=FACE_SURFACE('',(#13197),#13159,.T.);
#13217=CLOSED_SHELL('',(#13198,#13199,#13200,#13201,#13202,#13203,#13204,#13205,#13206,#13207,#13208,#13209,#13210,#13211,#13212,#13213,#13214,#13215,#13216));
#13218=FACETED_BREP('',#13217);
#13219=CARTESIAN_POINT('',(-0.0015,-0.000306515,0.0001));
#13220=CARTESIAN_POINT('',(-0.0015,-0.000506515,0.0001));
#13221=CARTESIAN_POINT('',(-0.001175,-0.000506515,0.0001));
#13222=CARTESIAN_POINT('',(-0.001157635,-0.0005049958,0.0001));
#13223=CARTESIAN_POINT('',(-0.001140798,-0.0005004843,0.0001));
#13224=CARTESIAN_POINT('',(-0.001125,-0.0004931175,0.0001));
#13225=CARTESIAN_POINT('',(-0.001110721,-0.0004831195,0.0001));
#13226=CARTESIAN_POINT('',(-0.001098396,-0.0004707937,0.0001));
#13227=CARTESIAN_POINT('',(-0.001088397,-0.000456515,0.0001));
#13228=CARTESIAN_POINT('',(-0.001081031,-0.000440717,0.0001));
#13229=CARTESIAN_POINT('',(-0.001076519,-0.0004238798,0.0001));
#13230=CARTESIAN_POINT('',(-0.001075,-0.000406515,0.0001));
#13231=CARTESIAN_POINT('',(-0.001076519,-0.0003891502,0.0001));
#13232=CARTESIAN_POINT('',(-0.001081031,-0.000372313,0.0001));
#13233=CARTESIAN_POINT('',(-0.001088397,-0.000356515,0.0001));
#13234=CARTESIAN_POINT('',(-0.001098396,-0.0003422362,0.0001));
#13235=CARTESIAN_POINT('',(-0.001110721,-0.0003299105,0.0001));
#13236=CARTESIAN_POINT('',(-0.001125,-0.0003199124,0.0001));
#13237=CARTESIAN_POINT('',(-0.001140798,-0.0003125457,0.0001));
#13238=CARTESIAN_POINT('',(-0.001157635,-0.0003080342,0.0001));
#13239=CARTESIAN_POINT('',(-0.001175,-0.000306515,0.0001));
#13240=DIRECTION('',(0.,0.,-1.));
#13259=AXIS2_PLACEMENT_3D('',#13221,#13240,$);
#13278=PLANE('',#13259);
#13297=POLY_LOOP('',(#13221,#13220,#13219));
#13316=FACE_OUTER_BOUND('',#13297,.T.);
#13335=FACE_SURFACE('',(#13316),#13278,.T.);
#13241=DIRECTION('',(0.,0.,-1.));
#13260=AXIS2_PLACEMENT_3D('',#13225,#13241,$);
#13279=PLANE('',#13260);
#13298=POLY_LOOP('',(#13225,#13224,#13223));
#13317=FACE_OUTER_BOUND('',#13298,.T.);
#13336=FACE_SURFACE('',(#13317),#13279,.T.);
#13242=DIRECTION('',(0.,0.,-1.));
#13261=AXIS2_PLACEMENT_3D('',#13226,#13242,$);
#13280=PLANE('',#13261);
#13299=POLY_LOOP('',(#13226,#13225,#13223));
#13318=FACE_OUTER_BOUND('',#13299,.T.);
#13337=FACE_SURFACE('',(#13318),#13280,.T.);
#13243=DIRECTION('',(0.,0.,-1.));
#13262=AXIS2_PLACEMENT_3D('',#13230,#13243,$);
#13281=PLANE('',#13262);
#13300=POLY_LOOP('',(#13230,#13229,#13228));
#13319=FACE_OUTER_BOUND('',#13300,.T.);
#13338=FACE_SURFACE('',(#13319),#13281,.T.);
#13244=DIRECTION('',(0.,0.,-1.));
#13263=AXIS2_PLACEMENT_3D('',#13239,#13244,$);
#13282=PLANE('',#13263);
#13301=POLY_LOOP('',(#13239,#13221,#13219));
#13320=FACE_OUTER_BOUND('',#13301,.T.);
#13339=FACE_SURFACE('',(#13320),#13282,.T.);
#13245=DIRECTION('',(0.,0.,-1.));
#13264=AXIS2_PLACEMENT_3D('',#13238,#13245,$);
#13283=PLANE('',#13264);
#13302=POLY_LOOP('',(#13238,#13221,#13239));
#13321=FACE_OUTER_BOUND('',#13302,.T.);
#13340=FACE_SURFACE('',(#13321),#13283,.T.);
#13246=DIRECTION('',(0.,0.,-1.));
#13265=AXIS2_PLACEMENT_3D('',#13232,#13246,$);
#13284=PLANE('',#13265);
#13303=POLY_LOOP('',(#13232,#13231,#13230));
#13322=FACE_OUTER_BOUND('',#13303,.T.);
#13341=FACE_SURFACE('',(#13322),#13284,.T.);
#13247=DIRECTION('',(0.,0.,-1.));
#13266=AXIS2_PLACEMENT_3D('',#13233,#13247,$);
#13285=PLANE('',#13266);
#13304=POLY_LOOP('',(#13233,#13232,#13230));
#13323=FACE_OUTER_BOUND('',#13304,.T.);
#13342=FACE_SURFACE('',(#13323),#13285,.T.);
#13248=DIRECTION('',(0.,0.,-1.));
#13267=AXIS2_PLACEMENT_3D('',#13235,#13248,$);
#13286=PLANE('',#13267);
#13305=POLY_LOOP('',(#13235,#13222,#13221));
#13324=FACE_OUTER_BOUND('',#13305,.T.);
#13343=FACE_SURFACE('',(#13324),#13286,.T.);
#13249=DIRECTION('',(0.,0.,-1.));
#13268=AXIS2_PLACEMENT_3D('',#13235,#13249,$);
#13287=PLANE('',#13268);
#13306=POLY_LOOP('',(#13235,#13223,#13222));
#13325=FACE_OUTER_BOUND('',#13306,.T.);
#13344=FACE_SURFACE('',(#13325),#13287,.T.);
#13250=DIRECTION('',(0.,0.,-1.));
#13269=AXIS2_PLACEMENT_3D('',#13235,#13250,$);
#13288=PLANE('',#13269);
#13307=POLY_LOOP('',(#13235,#13227,#13226));
#13326=FACE_OUTER_BOUND('',#13307,.T.);
#13345=FACE_SURFACE('',(#13326),#13288,.T.);
#13251=DIRECTION('',(0.,0.,-1.));
#13270=AXIS2_PLACEMENT_3D('',#13235,#13251,$);
#13289=PLANE('',#13270);
#13308=POLY_LOOP('',(#13235,#13228,#13227));
#13327=FACE_OUTER_BOUND('',#13308,.T.);
#13346=FACE_SURFACE('',(#13327),#13289,.T.);
#13252=DIRECTION('',(0.,0.,-1.));
#13271=AXIS2_PLACEMENT_3D('',#13235,#13252,$);
#13290=PLANE('',#13271);
#13309=POLY_LOOP('',(#13235,#13234,#13233));
#13328=FACE_OUTER_BOUND('',#13309,.T.);
#13347=FACE_SURFACE('',(#13328),#13290,.T.);
#13253=DIRECTION('',(0.,0.,-1.));
#13272=AXIS2_PLACEMENT_3D('',#13235,#13253,$);
#13291=PLANE('',#13272);
#13310=POLY_LOOP('',(#13235,#13237,#13236));
#13329=FACE_OUTER_BOUND('',#13310,.T.);
#13348=FACE_SURFACE('',(#13329),#13291,.T.);
#13254=DIRECTION('',(0.,0.,-1.));
#13273=AXIS2_PLACEMENT_3D('',#13235,#13254,$);
#13292=PLANE('',#13273);
#13311=POLY_LOOP('',(#13235,#13238,#13237));
#13330=FACE_OUTER_BOUND('',#13311,.T.);
#13349=FACE_SURFACE('',(#13330),#13292,.T.);
#13255=DIRECTION('',(0.,0.,-1.));
#13274=AXIS2_PLACEMENT_3D('',#13235,#13255,$);
#13293=PLANE('',#13274);
#13312=POLY_LOOP('',(#13235,#13226,#13223));
#13331=FACE_OUTER_BOUND('',#13312,.T.);
#13350=FACE_SURFACE('',(#13331),#13293,.T.);
#13256=DIRECTION('',(0.,0.,-1.));
#13275=AXIS2_PLACEMENT_3D('',#13235,#13256,$);
#13294=PLANE('',#13275);
#13313=POLY_LOOP('',(#13235,#13230,#13228));
#13332=FACE_OUTER_BOUND('',#13313,.T.);
#13351=FACE_SURFACE('',(#13332),#13294,.T.);
#13257=DIRECTION('',(0.,0.,-1.));
#13276=AXIS2_PLACEMENT_3D('',#13235,#13257,$);
#13295=PLANE('',#13276);
#13314=POLY_LOOP('',(#13235,#13221,#13238));
#13333=FACE_OUTER_BOUND('',#13314,.T.);
#13352=FACE_SURFACE('',(#13333),#13295,.T.);
#13258=DIRECTION('',(0.,0.,-1.));
#13277=AXIS2_PLACEMENT_3D('',#13235,#13258,$);
#13296=PLANE('',#13277);
#13315=POLY_LOOP('',(#13235,#13233,#13230));
#13334=FACE_OUTER_BOUND('',#13315,.T.);
#13353=FACE_SURFACE('',(#13334),#13296,.T.);
#13354=CLOSED_SHELL('',(#13335,#13336,#13337,#13338,#13339,#13340,#13341,#13342,#13343,#13344,#13345,#13346,#13347,#13348,#13349,#13350,#13351,#13352,#13353));
#13355=FACETED_BREP('',#13354);
#13356=CARTESIAN_POINT('',(-0.000925,-0.00125,0.000025));
#13357=CARTESIAN_POINT('',(-0.000925,-0.00125,0.0001));
#13358=CARTESIAN_POINT('',(-0.000725,-0.00125,0.000025));
#13359=CARTESIAN_POINT('',(-0.000725,-0.00125,0.0001));
#13360=CARTESIAN_POINT('',(-0.000525,-0.00125,0.0001));
#13361=CARTESIAN_POINT('',(-0.000525,-0.00125,0.000025));
#13362=CARTESIAN_POINT('',(-0.000325,-0.00125,0.000025));
#13363=CARTESIAN_POINT('',(-0.000325,-0.00125,0.0001));
#13364=CARTESIAN_POINT('',(-0.000125,-0.00125,0.0001));
#13365=CARTESIAN_POINT('',(-0.000125,-0.00125,0.000025));
#13366=CARTESIAN_POINT('',(0.000075,-0.00125,0.000025));
#13367=CARTESIAN_POINT('',(0.000075,-0.00125,0.0001));
#13368=CARTESIAN_POINT('',(0.000275,-0.00125,0.0001));
#13369=CARTESIAN_POINT('',(0.000275,-0.00125,0.000025));
#13370=CARTESIAN_POINT('',(0.000475,-0.00125,0.000025));
#13371=CARTESIAN_POINT('',(0.000475,-0.00125,0.0001));
#13372=CARTESIAN_POINT('',(0.000675,-0.00125,0.0001));
#13373=CARTESIAN_POINT('',(0.000675,-0.00125,0.000025));
#13374=CARTESIAN_POINT('',(0.000875,-0.00125,0.000025));
#13375=CARTESIAN_POINT('',(0.000875,-0.00125,0.0001));
#13376=CARTESIAN_POINT('',(0.001075,-0.00125,0.0001));
#13377=CARTESIAN_POINT('',(0.001075,-0.00125,0.000025));
#13378=CARTESIAN_POINT('',(0.0015,-0.00125,0.000025));
#13379=CARTESIAN_POINT('',(0.0015,-0.00125,0.0008));
#13380=CARTESIAN_POINT('',(-0.0015,-0.00125,0.0008));
#13381=CARTESIAN_POINT('',(-0.0015,-0.00125,0.000025));
#13382=CARTESIAN_POINT('',(-0.001125,-0.00125,0.000025));
#13383=CARTESIAN_POINT('',(-0.001125,-0.00125,0.0001));
#13384=DIRECTION('',(0.,-1.,0.));
#13410=AXIS2_PLACEMENT_3D('',#13383,#13384,$);
#13436=PLANE('',#13410);
#13462=POLY_LOOP('',(#13383,#13381,#13382));
#13488=FACE_OUTER_BOUND('',#13462,.T.);
#13514=FACE_SURFACE('',(#13488),#13436,.T.);
#13385=DIRECTION('',(0.,-1.,0.));
#13411=AXIS2_PLACEMENT_3D('',#13380,#13385,$);
#13437=PLANE('',#13411);
#13463=POLY_LOOP('',(#13380,#13383,#13357));
#13489=FACE_OUTER_BOUND('',#13463,.T.);
#13515=FACE_SURFACE('',(#13489),#13437,.T.);
#13386=DIRECTION('',(0.,-1.,0.));
#13412=AXIS2_PLACEMENT_3D('',#13380,#13386,$);
#13438=PLANE('',#13412);
#13464=POLY_LOOP('',(#13380,#13381,#13383));
#13490=FACE_OUTER_BOUND('',#13464,.T.);
#13516=FACE_SURFACE('',(#13490),#13438,.T.);
#13387=DIRECTION('',(0.,-1.,0.));
#13413=AXIS2_PLACEMENT_3D('',#13359,#13387,$);
#13439=PLANE('',#13413);
#13465=POLY_LOOP('',(#13359,#13357,#13356));
#13491=FACE_OUTER_BOUND('',#13465,.T.);
#13517=FACE_SURFACE('',(#13491),#13439,.T.);
#13388=DIRECTION('',(0.,-1.,0.));
#13414=AXIS2_PLACEMENT_3D('',#13359,#13388,$);
#13440=PLANE('',#13414);
#13466=POLY_LOOP('',(#13359,#13356,#13358));
#13492=FACE_OUTER_BOUND('',#13466,.T.);
#13518=FACE_SURFACE('',(#13492),#13440,.T.);
#13389=DIRECTION('',(0.,-1.,0.));
#13415=AXIS2_PLACEMENT_3D('',#13359,#13389,$);
#13441=PLANE('',#13415);
#13467=POLY_LOOP('',(#13359,#13380,#13357));
#13493=FACE_OUTER_BOUND('',#13467,.T.);
#13519=FACE_SURFACE('',(#13493),#13441,.T.);
#13390=DIRECTION('',(0.,-1.,0.));
#13416=AXIS2_PLACEMENT_3D('',#13360,#13390,$);
#13442=PLANE('',#13416);
#13468=POLY_LOOP('',(#13360,#13380,#13359));
#13494=FACE_OUTER_BOUND('',#13468,.T.);
#13520=FACE_SURFACE('',(#13494),#13442,.T.);
#13391=DIRECTION('',(0.,-1.,0.));
#13417=AXIS2_PLACEMENT_3D('',#13363,#13391,$);
#13443=PLANE('',#13417);
#13469=POLY_LOOP('',(#13363,#13360,#13361));
#13495=FACE_OUTER_BOUND('',#13469,.T.);
#13521=FACE_SURFACE('',(#13495),#13443,.T.);
#13392=DIRECTION('',(0.,-1.,0.));
#13418=AXIS2_PLACEMENT_3D('',#13363,#13392,$);
#13444=PLANE('',#13418);
#13470=POLY_LOOP('',(#13363,#13361,#13362));
#13496=FACE_OUTER_BOUND('',#13470,.T.);
#13522=FACE_SURFACE('',(#13496),#13444,.T.);
#13393=DIRECTION('',(0.,-1.,0.));
#13419=AXIS2_PLACEMENT_3D('',#13363,#13393,$);
#13445=PLANE('',#13419);
#13471=POLY_LOOP('',(#13363,#13380,#13360));
#13497=FACE_OUTER_BOUND('',#13471,.T.);
#13523=FACE_SURFACE('',(#13497),#13445,.T.);
#13394=DIRECTION('',(0.,-1.,0.));
#13420=AXIS2_PLACEMENT_3D('',#13364,#13394,$);
#13446=PLANE('',#13420);
#13472=POLY_LOOP('',(#13364,#13380,#13363));
#13498=FACE_OUTER_BOUND('',#13472,.T.);
#13524=FACE_SURFACE('',(#13498),#13446,.T.);
#13395=DIRECTION('',(0.,-1.,0.));
#13421=AXIS2_PLACEMENT_3D('',#13367,#13395,$);
#13447=PLANE('',#13421);
#13473=POLY_LOOP('',(#13367,#13364,#13365));
#13499=FACE_OUTER_BOUND('',#13473,.T.);
#13525=FACE_SURFACE('',(#13499),#13447,.T.);
#13396=DIRECTION('',(0.,-1.,0.));
#13422=AXIS2_PLACEMENT_3D('',#13367,#13396,$);
#13448=PLANE('',#13422);
#13474=POLY_LOOP('',(#13367,#13365,#13366));
#13500=FACE_OUTER_BOUND('',#13474,.T.);
#13526=FACE_SURFACE('',(#13500),#13448,.T.);
#13397=DIRECTION('',(0.,-1.,0.));
#13423=AXIS2_PLACEMENT_3D('',#13371,#13397,$);
#13449=PLANE('',#13423);
#13475=POLY_LOOP('',(#13371,#13368,#13369));
#13501=FACE_OUTER_BOUND('',#13475,.T.);
#13527=FACE_SURFACE('',(#13501),#13449,.T.);
#13398=DIRECTION('',(0.,-1.,0.));
#13424=AXIS2_PLACEMENT_3D('',#13371,#13398,$);
#13450=PLANE('',#13424);
#13476=POLY_LOOP('',(#13371,#13369,#13370));
#13502=FACE_OUTER_BOUND('',#13476,.T.);
#13528=FACE_SURFACE('',(#13502),#13450,.T.);
#13399=DIRECTION('',(0.,-1.,0.));
#13425=AXIS2_PLACEMENT_3D('',#13375,#13399,$);
#13451=PLANE('',#13425);
#13477=POLY_LOOP('',(#13375,#13372,#13373));
#13503=FACE_OUTER_BOUND('',#13477,.T.);
#13529=FACE_SURFACE('',(#13503),#13451,.T.);
#13400=DIRECTION('',(0.,-1.,0.));
#13426=AXIS2_PLACEMENT_3D('',#13375,#13400,$);
#13452=PLANE('',#13426);
#13478=POLY_LOOP('',(#13375,#13373,#13374));
#13504=FACE_OUTER_BOUND('',#13478,.T.);
#13530=FACE_SURFACE('',(#13504),#13452,.T.);
#13401=DIRECTION('',(0.,-1.,0.));
#13427=AXIS2_PLACEMENT_3D('',#13378,#13401,$);
#13453=PLANE('',#13427);
#13479=POLY_LOOP('',(#13378,#13376,#13377));
#13505=FACE_OUTER_BOUND('',#13479,.T.);
#13531=FACE_SURFACE('',(#13505),#13453,.T.);
#13402=DIRECTION('',(0.,-1.,0.));
#13428=AXIS2_PLACEMENT_3D('',#13379,#13402,$);
#13454=PLANE('',#13428);
#13480=POLY_LOOP('',(#13379,#13367,#13368));
#13506=FACE_OUTER_BOUND('',#13480,.T.);
#13532=FACE_SURFACE('',(#13506),#13454,.T.);
#13403=DIRECTION('',(0.,-1.,0.));
#13429=AXIS2_PLACEMENT_3D('',#13379,#13403,$);
#13455=PLANE('',#13429);
#13481=POLY_LOOP('',(#13379,#13371,#13372));
#13507=FACE_OUTER_BOUND('',#13481,.T.);
#13533=FACE_SURFACE('',(#13507),#13455,.T.);
#13404=DIRECTION('',(0.,-1.,0.));
#13430=AXIS2_PLACEMENT_3D('',#13379,#13404,$);
#13456=PLANE('',#13430);
#13482=POLY_LOOP('',(#13379,#13375,#13376));
#13508=FACE_OUTER_BOUND('',#13482,.T.);
#13534=FACE_SURFACE('',(#13508),#13456,.T.);
#13405=DIRECTION('',(0.,-1.,0.));
#13431=AXIS2_PLACEMENT_3D('',#13379,#13405,$);
#13457=PLANE('',#13431);
#13483=POLY_LOOP('',(#13379,#13368,#13371));
#13509=FACE_OUTER_BOUND('',#13483,.T.);
#13535=FACE_SURFACE('',(#13509),#13457,.T.);
#13406=DIRECTION('',(0.,-1.,0.));
#13432=AXIS2_PLACEMENT_3D('',#13379,#13406,$);
#13458=PLANE('',#13432);
#13484=POLY_LOOP('',(#13379,#13372,#13375));
#13510=FACE_OUTER_BOUND('',#13484,.T.);
#13536=FACE_SURFACE('',(#13510),#13458,.T.);
#13407=DIRECTION('',(0.,-1.,0.));
#13433=AXIS2_PLACEMENT_3D('',#13379,#13407,$);
#13459=PLANE('',#13433);
#13485=POLY_LOOP('',(#13379,#13376,#13378));
#13511=FACE_OUTER_BOUND('',#13485,.T.);
#13537=FACE_SURFACE('',(#13511),#13459,.T.);
#13408=DIRECTION('',(0.,-1.,0.));
#13434=AXIS2_PLACEMENT_3D('',#13379,#13408,$);
#13460=PLANE('',#13434);
#13486=POLY_LOOP('',(#13379,#13380,#13364));
#13512=FACE_OUTER_BOUND('',#13486,.T.);
#13538=FACE_SURFACE('',(#13512),#13460,.T.);
#13409=DIRECTION('',(0.,-1.,0.));
#13435=AXIS2_PLACEMENT_3D('',#13379,#13409,$);
#13461=PLANE('',#13435);
#13487=POLY_LOOP('',(#13379,#13364,#13367));
#13513=FACE_OUTER_BOUND('',#13487,.T.);
#13539=FACE_SURFACE('',(#13513),#13461,.T.);
#13540=CLOSED_SHELL('',(#13514,#13515,#13516,#13517,#13518,#13519,#13520,#13521,#13522,#13523,#13524,#13525,#13526,#13527,#13528,#13529,#13530,#13531,#13532,#13533,#13534,#13535,#13536,#13537,#13538,#13539));
#13541=FACETED_BREP('',#13540);
#13542=CARTESIAN_POINT('',(-0.001125,-0.00125,0.000025));
#13543=CARTESIAN_POINT('',(-0.001125,-0.00095,0.000025));
#13544=CARTESIAN_POINT('',(-0.001125,-0.00125,0.0001));
#13545=CARTESIAN_POINT('',(-0.001125,-0.00095,0.0001));
#13546=DIRECTION('',(1.,0.,0.));
#13548=AXIS2_PLACEMENT_3D('',#13544,#13546,$);
#13550=PLANE('',#13548);
#13552=POLY_LOOP('',(#13544,#13542,#13543));
#13554=FACE_OUTER_BOUND('',#13552,.T.);
#13556=FACE_SURFACE('',(#13554),#13550,.T.);
#13547=DIRECTION('',(1.,0.,0.));
#13549=AXIS2_PLACEMENT_3D('',#13544,#13547,$);
#13551=PLANE('',#13549);
#13553=POLY_LOOP('',(#13544,#13543,#13545));
#13555=FACE_OUTER_BOUND('',#13553,.T.);
#13557=FACE_SURFACE('',(#13555),#13551,.T.);
#13558=CLOSED_SHELL('',(#13556,#13557));
#13559=FACETED_BREP('',#13558);
#13560=CARTESIAN_POINT('',(-0.0015,-0.00095,0.000025));
#13561=CARTESIAN_POINT('',(-0.001125,-0.00095,0.000025));
#13562=CARTESIAN_POINT('',(-0.001125,-0.00095,0.0001));
#13563=CARTESIAN_POINT('',(-0.0015,-0.00095,0.0001));
#13564=DIRECTION('',(0.,1.,0.));
#13566=AXIS2_PLACEMENT_3D('',#13562,#13564,$);
#13568=PLANE('',#13566);
#13570=POLY_LOOP('',(#13562,#13561,#13560));
#13572=FACE_OUTER_BOUND('',#13570,.T.);
#13574=FACE_SURFACE('',(#13572),#13568,.T.);
#13565=DIRECTION('',(0.,1.,0.));
#13567=AXIS2_PLACEMENT_3D('',#13562,#13565,$);
#13569=PLANE('',#13567);
#13571=POLY_LOOP('',(#13562,#13560,#13563));
#13573=FACE_OUTER_BOUND('',#13571,.T.);
#13575=FACE_SURFACE('',(#13573),#13569,.T.);
#13576=CLOSED_SHELL('',(#13574,#13575));
#13577=FACETED_BREP('',#13576);
#13578=CARTESIAN_POINT('',(0.0015,-0.00125,0.0008));
#13579=CARTESIAN_POINT('',(0.0015,0.00125,0.0008));
#13580=CARTESIAN_POINT('',(-0.0015,0.00125,0.0008));
#13581=CARTESIAN_POINT('',(-0.0015,-0.00125,0.0008));
#13582=DIRECTION('',(0.,0.,1.));
#13584=AXIS2_PLACEMENT_3D('',#13579,#13582,$);
#13586=PLANE('',#13584);
#13588=POLY_LOOP('',(#13579,#13580,#13581));
#13590=FACE_OUTER_BOUND('',#13588,.T.);
#13592=FACE_SURFACE('',(#13590),#13586,.T.);
#13583=DIRECTION('',(0.,0.,1.));
#13585=AXIS2_PLACEMENT_3D('',#13579,#13583,$);
#13587=PLANE('',#13585);
#13589=POLY_LOOP('',(#13579,#13581,#13578));
#13591=FACE_OUTER_BOUND('',#13589,.T.);
#13593=FACE_SURFACE('',(#13591),#13587,.T.);
#13594=CLOSED_SHELL('',(#13592,#13593));
#13595=FACETED_BREP('',#13594);
#13596=CARTESIAN_POINT('',(0.000875,0.00125,0.000025));
#13597=CARTESIAN_POINT('',(0.000875,0.00125,0.0001));
#13598=CARTESIAN_POINT('',(0.000675,0.00125,0.000025));
#13599=CARTESIAN_POINT('',(0.000675,0.00125,0.0001));
#13600=CARTESIAN_POINT('',(0.000475,0.00125,0.0001));
#13601=CARTESIAN_POINT('',(0.000475,0.00125,0.000025));
#13602=CARTESIAN_POINT('',(0.000275,0.00125,0.000025));
#13603=CARTESIAN_POINT('',(0.000275,0.00125,0.0001));
#13604=CARTESIAN_POINT('',(0.000075,0.00125,0.0001));
#13605=CARTESIAN_POINT('',(0.000075,0.00125,0.000025));
#13606=CARTESIAN_POINT('',(-0.000125,0.00125,0.000025));
#13607=CARTESIAN_POINT('',(-0.000125,0.00125,0.0001));
#13608=CARTESIAN_POINT('',(-0.000325,0.00125,0.0001));
#13609=CARTESIAN_POINT('',(-0.000325,0.00125,0.000025));
#13610=CARTESIAN_POINT('',(-0.000525,0.00125,0.000025));
#13611=CARTESIAN_POINT('',(-0.000525,0.00125,0.0001));
#13612=CARTESIAN_POINT('',(-0.000725,0.00125,0.0001));
#13613=CARTESIAN_POINT('',(-0.000725,0.00125,0.000025));
#13614=CARTESIAN_POINT('',(-0.000925,0.00125,0.000025));
#13615=CARTESIAN_POINT('',(-0.000925,0.00125,0.0001));
#13616=CARTESIAN_POINT('',(-0.001125,0.00125,0.0001));
#13617=CARTESIAN_POINT('',(-0.001125,0.00125,0.000025));
#13618=CARTESIAN_POINT('',(-0.0015,0.00125,0.000025));
#13619=CARTESIAN_POINT('',(-0.0015,0.00125,0.0008));
#13620=CARTESIAN_POINT('',(0.0015,0.00125,0.0008));
#13621=CARTESIAN_POINT('',(0.0015,0.00125,0.000025));
#13622=CARTESIAN_POINT('',(0.001075,0.00125,0.000025));
#13623=CARTESIAN_POINT('',(0.001075,0.00125,0.0001));
#13624=DIRECTION('',(0.,1.,0.));
#13650=AXIS2_PLACEMENT_3D('',#13623,#13624,$);
#13676=PLANE('',#13650);
#13702=POLY_LOOP('',(#13623,#13621,#13622));
#13728=FACE_OUTER_BOUND('',#13702,.T.);
#13754=FACE_SURFACE('',(#13728),#13676,.T.);
#13625=DIRECTION('',(0.,1.,0.));
#13651=AXIS2_PLACEMENT_3D('',#13620,#13625,$);
#13677=PLANE('',#13651);
#13703=POLY_LOOP('',(#13620,#13623,#13597));
#13729=FACE_OUTER_BOUND('',#13703,.T.);
#13755=FACE_SURFACE('',(#13729),#13677,.T.);
#13626=DIRECTION('',(0.,1.,0.));
#13652=AXIS2_PLACEMENT_3D('',#13620,#13626,$);
#13678=PLANE('',#13652);
#13704=POLY_LOOP('',(#13620,#13621,#13623));
#13730=FACE_OUTER_BOUND('',#13704,.T.);
#13756=FACE_SURFACE('',(#13730),#13678,.T.);
#13627=DIRECTION('',(0.,1.,0.));
#13653=AXIS2_PLACEMENT_3D('',#13599,#13627,$);
#13679=PLANE('',#13653);
#13705=POLY_LOOP('',(#13599,#13597,#13596));
#13731=FACE_OUTER_BOUND('',#13705,.T.);
#13757=FACE_SURFACE('',(#13731),#13679,.T.);
#13628=DIRECTION('',(0.,1.,0.));
#13654=AXIS2_PLACEMENT_3D('',#13599,#13628,$);
#13680=PLANE('',#13654);
#13706=POLY_LOOP('',(#13599,#13596,#13598));
#13732=FACE_OUTER_BOUND('',#13706,.T.);
#13758=FACE_SURFACE('',(#13732),#13680,.T.);
#13629=DIRECTION('',(0.,1.,0.));
#13655=AXIS2_PLACEMENT_3D('',#13599,#13629,$);
#13681=PLANE('',#13655);
#13707=POLY_LOOP('',(#13599,#13620,#13597));
#13733=FACE_OUTER_BOUND('',#13707,.T.);
#13759=FACE_SURFACE('',(#13733),#13681,.T.);
#13630=DIRECTION('',(0.,1.,0.));
#13656=AXIS2_PLACEMENT_3D('',#13600,#13630,$);
#13682=PLANE('',#13656);
#13708=POLY_LOOP('',(#13600,#13620,#13599));
#13734=FACE_OUTER_BOUND('',#13708,.T.);
#13760=FACE_SURFACE('',(#13734),#13682,.T.);
#13631=DIRECTION('',(0.,1.,0.));
#13657=AXIS2_PLACEMENT_3D('',#13603,#13631,$);
#13683=PLANE('',#13657);
#13709=POLY_LOOP('',(#13603,#13600,#13601));
#13735=FACE_OUTER_BOUND('',#13709,.T.);
#13761=FACE_SURFACE('',(#13735),#13683,.T.);
#13632=DIRECTION('',(0.,1.,0.));
#13658=AXIS2_PLACEMENT_3D('',#13603,#13632,$);
#13684=PLANE('',#13658);
#13710=POLY_LOOP('',(#13603,#13601,#13602));
#13736=FACE_OUTER_BOUND('',#13710,.T.);
#13762=FACE_SURFACE('',(#13736),#13684,.T.);
#13633=DIRECTION('',(0.,1.,0.));
#13659=AXIS2_PLACEMENT_3D('',#13603,#13633,$);
#13685=PLANE('',#13659);
#13711=POLY_LOOP('',(#13603,#13620,#13600));
#13737=FACE_OUTER_BOUND('',#13711,.T.);
#13763=FACE_SURFACE('',(#13737),#13685,.T.);
#13634=DIRECTION('',(0.,1.,0.));
#13660=AXIS2_PLACEMENT_3D('',#13604,#13634,$);
#13686=PLANE('',#13660);
#13712=POLY_LOOP('',(#13604,#13620,#13603));
#13738=FACE_OUTER_BOUND('',#13712,.T.);
#13764=FACE_SURFACE('',(#13738),#13686,.T.);
#13635=DIRECTION('',(0.,1.,0.));
#13661=AXIS2_PLACEMENT_3D('',#13607,#13635,$);
#13687=PLANE('',#13661);
#13713=POLY_LOOP('',(#13607,#13604,#13605));
#13739=FACE_OUTER_BOUND('',#13713,.T.);
#13765=FACE_SURFACE('',(#13739),#13687,.T.);
#13636=DIRECTION('',(0.,1.,0.));
#13662=AXIS2_PLACEMENT_3D('',#13607,#13636,$);
#13688=PLANE('',#13662);
#13714=POLY_LOOP('',(#13607,#13605,#13606));
#13740=FACE_OUTER_BOUND('',#13714,.T.);
#13766=FACE_SURFACE('',(#13740),#13688,.T.);
#13637=DIRECTION('',(0.,1.,0.));
#13663=AXIS2_PLACEMENT_3D('',#13611,#13637,$);
#13689=PLANE('',#13663);
#13715=POLY_LOOP('',(#13611,#13608,#13609));
#13741=FACE_OUTER_BOUND('',#13715,.T.);
#13767=FACE_SURFACE('',(#13741),#13689,.T.);
#13638=DIRECTION('',(0.,1.,0.));
#13664=AXIS2_PLACEMENT_3D('',#13611,#13638,$);
#13690=PLANE('',#13664);
#13716=POLY_LOOP('',(#13611,#13609,#13610));
#13742=FACE_OUTER_BOUND('',#13716,.T.);
#13768=FACE_SURFACE('',(#13742),#13690,.T.);
#13639=DIRECTION('',(0.,1.,0.));
#13665=AXIS2_PLACEMENT_3D('',#13615,#13639,$);
#13691=PLANE('',#13665);
#13717=POLY_LOOP('',(#13615,#13612,#13613));
#13743=FACE_OUTER_BOUND('',#13717,.T.);
#13769=FACE_SURFACE('',(#13743),#13691,.T.);
#13640=DIRECTION('',(0.,1.,0.));
#13666=AXIS2_PLACEMENT_3D('',#13615,#13640,$);
#13692=PLANE('',#13666);
#13718=POLY_LOOP('',(#13615,#13613,#13614));
#13744=FACE_OUTER_BOUND('',#13718,.T.);
#13770=FACE_SURFACE('',(#13744),#13692,.T.);
#13641=DIRECTION('',(0.,1.,0.));
#13667=AXIS2_PLACEMENT_3D('',#13618,#13641,$);
#13693=PLANE('',#13667);
#13719=POLY_LOOP('',(#13618,#13616,#13617));
#13745=FACE_OUTER_BOUND('',#13719,.T.);
#13771=FACE_SURFACE('',(#13745),#13693,.T.);
#13642=DIRECTION('',(0.,1.,0.));
#13668=AXIS2_PLACEMENT_3D('',#13619,#13642,$);
#13694=PLANE('',#13668);
#13720=POLY_LOOP('',(#13619,#13607,#13608));
#13746=FACE_OUTER_BOUND('',#13720,.T.);
#13772=FACE_SURFACE('',(#13746),#13694,.T.);
#13643=DIRECTION('',(0.,1.,0.));
#13669=AXIS2_PLACEMENT_3D('',#13619,#13643,$);
#13695=PLANE('',#13669);
#13721=POLY_LOOP('',(#13619,#13611,#13612));
#13747=FACE_OUTER_BOUND('',#13721,.T.);
#13773=FACE_SURFACE('',(#13747),#13695,.T.);
#13644=DIRECTION('',(0.,1.,0.));
#13670=AXIS2_PLACEMENT_3D('',#13619,#13644,$);
#13696=PLANE('',#13670);
#13722=POLY_LOOP('',(#13619,#13615,#13616));
#13748=FACE_OUTER_BOUND('',#13722,.T.);
#13774=FACE_SURFACE('',(#13748),#13696,.T.);
#13645=DIRECTION('',(0.,1.,0.));
#13671=AXIS2_PLACEMENT_3D('',#13619,#13645,$);
#13697=PLANE('',#13671);
#13723=POLY_LOOP('',(#13619,#13608,#13611));
#13749=FACE_OUTER_BOUND('',#13723,.T.);
#13775=FACE_SURFACE('',(#13749),#13697,.T.);
#13646=DIRECTION('',(0.,1.,0.));
#13672=AXIS2_PLACEMENT_3D('',#13619,#13646,$);
#13698=PLANE('',#13672);
#13724=POLY_LOOP('',(#13619,#13612,#13615));
#13750=FACE_OUTER_BOUND('',#13724,.T.);
#13776=FACE_SURFACE('',(#13750),#13698,.T.);
#13647=DIRECTION('',(0.,1.,0.));
#13673=AXIS2_PLACEMENT_3D('',#13619,#13647,$);
#13699=PLANE('',#13673);
#13725=POLY_LOOP('',(#13619,#13616,#13618));
#13751=FACE_OUTER_BOUND('',#13725,.T.);
#13777=FACE_SURFACE('',(#13751),#13699,.T.);
#13648=DIRECTION('',(0.,1.,0.));
#13674=AXIS2_PLACEMENT_3D('',#13619,#13648,$);
#13700=PLANE('',#13674);
#13726=POLY_LOOP('',(#13619,#13620,#13604));
#13752=FACE_OUTER_BOUND('',#13726,.T.);
#13778=FACE_SURFACE('',(#13752),#13700,.T.);
#13649=DIRECTION('',(0.,1.,0.));
#13675=AXIS2_PLACEMENT_3D('',#13619,#13649,$);
#13701=PLANE('',#13675);
#13727=POLY_LOOP('',(#13619,#13604,#13607));
#13753=FACE_OUTER_BOUND('',#13727,.T.);
#13779=FACE_SURFACE('',(#13753),#13701,.T.);
#13780=CLOSED_SHELL('',(#13754,#13755,#13756,#13757,#13758,#13759,#13760,#13761,#13762,#13763,#13764,#13765,#13766,#13767,#13768,#13769,#13770,#13771,#13772,#13773,#13774,#13775,#13776,#13777,#13778,#13779));
#13781=FACETED_BREP('',#13780);
#13782=CARTESIAN_POINT('',(0.001075,0.00125,0.000025));
#13783=CARTESIAN_POINT('',(0.001075,0.00095,0.000025));
#13784=CARTESIAN_POINT('',(0.001075,0.00125,0.0001));
#13785=CARTESIAN_POINT('',(0.001075,0.00095,0.0001));
#13786=DIRECTION('',(-1.,0.,0.));
#13788=AXIS2_PLACEMENT_3D('',#13784,#13786,$);
#13790=PLANE('',#13788);
#13792=POLY_LOOP('',(#13784,#13782,#13783));
#13794=FACE_OUTER_BOUND('',#13792,.T.);
#13796=FACE_SURFACE('',(#13794),#13790,.T.);
#13787=DIRECTION('',(-1.,0.,0.));
#13789=AXIS2_PLACEMENT_3D('',#13784,#13787,$);
#13791=PLANE('',#13789);
#13793=POLY_LOOP('',(#13784,#13783,#13785));
#13795=FACE_OUTER_BOUND('',#13793,.T.);
#13797=FACE_SURFACE('',(#13795),#13791,.T.);
#13798=CLOSED_SHELL('',(#13796,#13797));
#13799=FACETED_BREP('',#13798);
#13800=CARTESIAN_POINT('',(0.0015,0.00095,0.000025));
#13801=CARTESIAN_POINT('',(0.001075,0.00095,0.000025));
#13802=CARTESIAN_POINT('',(0.001075,0.00095,0.0001));
#13803=CARTESIAN_POINT('',(0.0015,0.00095,0.0001));
#13804=DIRECTION('',(0.,-1.,0.));
#13806=AXIS2_PLACEMENT_3D('',#13802,#13804,$);
#13808=PLANE('',#13806);
#13810=POLY_LOOP('',(#13802,#13801,#13800));
#13812=FACE_OUTER_BOUND('',#13810,.T.);
#13814=FACE_SURFACE('',(#13812),#13808,.T.);
#13805=DIRECTION('',(0.,-1.,0.));
#13807=AXIS2_PLACEMENT_3D('',#13802,#13805,$);
#13809=PLANE('',#13807);
#13811=POLY_LOOP('',(#13802,#13800,#13803));
#13813=FACE_OUTER_BOUND('',#13811,.T.);
#13815=FACE_SURFACE('',(#13813),#13809,.T.);
#13816=CLOSED_SHELL('',(#13814,#13815));
#13817=FACETED_BREP('',#13816);
#13818=CARTESIAN_POINT('',(0.0015,-0.00075,0.000025));
#13819=CARTESIAN_POINT('',(0.0015,-0.00075,0.0001));
#13820=CARTESIAN_POINT('',(0.0015,-0.000506515,0.000025));
#13821=CARTESIAN_POINT('',(0.0015,-0.000506515,0.0001));
#13822=CARTESIAN_POINT('',(0.0015,-0.000306515,0.0001));
#13823=CARTESIAN_POINT('',(0.0015,-0.000306515,0.000025));
#13824=CARTESIAN_POINT('',(0.0015,-0.000106515,0.000025));
#13825=CARTESIAN_POINT('',(0.0015,-0.000106515,0.0001));
#13826=CARTESIAN_POINT('',(0.0015,0.000093485,0.0001));
#13827=CARTESIAN_POINT('',(0.0015,0.000093485,0.000025));
#13828=CARTESIAN_POINT('',(0.0015,0.000293485,0.000025));
#13829=CARTESIAN_POINT('',(0.0015,0.000293485,0.0001));
#13830=CARTESIAN_POINT('',(0.0015,0.000493485,0.0001));
#13831=CARTESIAN_POINT('',(0.0015,0.000493485,0.000025));
#13832=CARTESIAN_POINT('',(0.0015,0.00075,0.000025));
#13833=CARTESIAN_POINT('',(0.0015,0.00075,0.0001));
#13834=CARTESIAN_POINT('',(0.0015,0.00095,0.0001));
#13835=CARTESIAN_POINT('',(0.0015,0.00095,0.000025));
#13836=CARTESIAN_POINT('',(0.0015,0.00125,0.000025));
#13837=CARTESIAN_POINT('',(0.0015,0.00125,0.0008));
#13838=CARTESIAN_POINT('',(0.0015,-0.00125,0.0008));
#13839=CARTESIAN_POINT('',(0.0015,-0.00125,0.000025));
#13840=CARTESIAN_POINT('',(0.0015,-0.00095,0.000025));
#13841=CARTESIAN_POINT('',(0.0015,-0.00095,0.0001));
#13842=DIRECTION('',(1.,0.,0.));
#13864=AXIS2_PLACEMENT_3D('',#13841,#13842,$);
#13886=PLANE('',#13864);
#13908=POLY_LOOP('',(#13841,#13839,#13840));
#13930=FACE_OUTER_BOUND('',#13908,.T.);
#13952=FACE_SURFACE('',(#13930),#13886,.T.);
#13843=DIRECTION('',(1.,0.,0.));
#13865=AXIS2_PLACEMENT_3D('',#13838,#13843,$);
#13887=PLANE('',#13865);
#13909=POLY_LOOP('',(#13838,#13841,#13819));
#13931=FACE_OUTER_BOUND('',#13909,.T.);
#13953=FACE_SURFACE('',(#13931),#13887,.T.);
#13844=DIRECTION('',(1.,0.,0.));
#13866=AXIS2_PLACEMENT_3D('',#13838,#13844,$);
#13888=PLANE('',#13866);
#13910=POLY_LOOP('',(#13838,#13839,#13841));
#13932=FACE_OUTER_BOUND('',#13910,.T.);
#13954=FACE_SURFACE('',(#13932),#13888,.T.);
#13845=DIRECTION('',(1.,0.,0.));
#13867=AXIS2_PLACEMENT_3D('',#13821,#13845,$);
#13889=PLANE('',#13867);
#13911=POLY_LOOP('',(#13821,#13819,#13818));
#13933=FACE_OUTER_BOUND('',#13911,.T.);
#13955=FACE_SURFACE('',(#13933),#13889,.T.);
#13846=DIRECTION('',(1.,0.,0.));
#13868=AXIS2_PLACEMENT_3D('',#13821,#13846,$);
#13890=PLANE('',#13868);
#13912=POLY_LOOP('',(#13821,#13818,#13820));
#13934=FACE_OUTER_BOUND('',#13912,.T.);
#13956=FACE_SURFACE('',(#13934),#13890,.T.);
#13847=DIRECTION('',(1.,0.,0.));
#13869=AXIS2_PLACEMENT_3D('',#13821,#13847,$);
#13891=PLANE('',#13869);
#13913=POLY_LOOP('',(#13821,#13838,#13819));
#13935=FACE_OUTER_BOUND('',#13913,.T.);
#13957=FACE_SURFACE('',(#13935),#13891,.T.);
#13848=DIRECTION('',(1.,0.,0.));
#13870=AXIS2_PLACEMENT_3D('',#13822,#13848,$);
#13892=PLANE('',#13870);
#13914=POLY_LOOP('',(#13822,#13838,#13821));
#13936=FACE_OUTER_BOUND('',#13914,.T.);
#13958=FACE_SURFACE('',(#13936),#13892,.T.);
#13849=DIRECTION('',(1.,0.,0.));
#13871=AXIS2_PLACEMENT_3D('',#13825,#13849,$);
#13893=PLANE('',#13871);
#13915=POLY_LOOP('',(#13825,#13822,#13823));
#13937=FACE_OUTER_BOUND('',#13915,.T.);
#13959=FACE_SURFACE('',(#13937),#13893,.T.);
#13850=DIRECTION('',(1.,0.,0.));
#13872=AXIS2_PLACEMENT_3D('',#13825,#13850,$);
#13894=PLANE('',#13872);
#13916=POLY_LOOP('',(#13825,#13823,#13824));
#13938=FACE_OUTER_BOUND('',#13916,.T.);
#13960=FACE_SURFACE('',(#13938),#13894,.T.);
#13851=DIRECTION('',(1.,0.,0.));
#13873=AXIS2_PLACEMENT_3D('',#13825,#13851,$);
#13895=PLANE('',#13873);
#13917=POLY_LOOP('',(#13825,#13838,#13822));
#13939=FACE_OUTER_BOUND('',#13917,.T.);
#13961=FACE_SURFACE('',(#13939),#13895,.T.);
#13852=DIRECTION('',(1.,0.,0.));
#13874=AXIS2_PLACEMENT_3D('',#13826,#13852,$);
#13896=PLANE('',#13874);
#13918=POLY_LOOP('',(#13826,#13838,#13825));
#13940=FACE_OUTER_BOUND('',#13918,.T.);
#13962=FACE_SURFACE('',(#13940),#13896,.T.);
#13853=DIRECTION('',(1.,0.,0.));
#13875=AXIS2_PLACEMENT_3D('',#13829,#13853,$);
#13897=PLANE('',#13875);
#13919=POLY_LOOP('',(#13829,#13826,#13827));
#13941=FACE_OUTER_BOUND('',#13919,.T.);
#13963=FACE_SURFACE('',(#13941),#13897,.T.);
#13854=DIRECTION('',(1.,0.,0.));
#13876=AXIS2_PLACEMENT_3D('',#13829,#13854,$);
#13898=PLANE('',#13876);
#13920=POLY_LOOP('',(#13829,#13827,#13828));
#13942=FACE_OUTER_BOUND('',#13920,.T.);
#13964=FACE_SURFACE('',(#13942),#13898,.T.);
#13855=DIRECTION('',(1.,0.,0.));
#13877=AXIS2_PLACEMENT_3D('',#13833,#13855,$);
#13899=PLANE('',#13877);
#13921=POLY_LOOP('',(#13833,#13830,#13831));
#13943=FACE_OUTER_BOUND('',#13921,.T.);
#13965=FACE_SURFACE('',(#13943),#13899,.T.);
#13856=DIRECTION('',(1.,0.,0.));
#13878=AXIS2_PLACEMENT_3D('',#13833,#13856,$);
#13900=PLANE('',#13878);
#13922=POLY_LOOP('',(#13833,#13831,#13832));
#13944=FACE_OUTER_BOUND('',#13922,.T.);
#13966=FACE_SURFACE('',(#13944),#13900,.T.);
#13857=DIRECTION('',(1.,0.,0.));
#13879=AXIS2_PLACEMENT_3D('',#13836,#13857,$);
#13901=PLANE('',#13879);
#13923=POLY_LOOP('',(#13836,#13834,#13835));
#13945=FACE_OUTER_BOUND('',#13923,.T.);
#13967=FACE_SURFACE('',(#13945),#13901,.T.);
#13858=DIRECTION('',(1.,0.,0.));
#13880=AXIS2_PLACEMENT_3D('',#13837,#13858,$);
#13902=PLANE('',#13880);
#13924=POLY_LOOP('',(#13837,#13829,#13830));
#13946=FACE_OUTER_BOUND('',#13924,.T.);
#13968=FACE_SURFACE('',(#13946),#13902,.T.);
#13859=DIRECTION('',(1.,0.,0.));
#13881=AXIS2_PLACEMENT_3D('',#13837,#13859,$);
#13903=PLANE('',#13881);
#13925=POLY_LOOP('',(#13837,#13833,#13834));
#13947=FACE_OUTER_BOUND('',#13925,.T.);
#13969=FACE_SURFACE('',(#13947),#13903,.T.);
#13860=DIRECTION('',(1.,0.,0.));
#13882=AXIS2_PLACEMENT_3D('',#13837,#13860,$);
#13904=PLANE('',#13882);
#13926=POLY_LOOP('',(#13837,#13838,#13826));
#13948=FACE_OUTER_BOUND('',#13926,.T.);
#13970=FACE_SURFACE('',(#13948),#13904,.T.);
#13861=DIRECTION('',(1.,0.,0.));
#13883=AXIS2_PLACEMENT_3D('',#13837,#13861,$);
#13905=PLANE('',#13883);
#13927=POLY_LOOP('',(#13837,#13826,#13829));
#13949=FACE_OUTER_BOUND('',#13927,.T.);
#13971=FACE_SURFACE('',(#13949),#13905,.T.);
#13862=DIRECTION('',(1.,0.,0.));
#13884=AXIS2_PLACEMENT_3D('',#13837,#13862,$);
#13906=PLANE('',#13884);
#13928=POLY_LOOP('',(#13837,#13830,#13833));
#13950=FACE_OUTER_BOUND('',#13928,.T.);
#13972=FACE_SURFACE('',(#13950),#13906,.T.);
#13863=DIRECTION('',(1.,0.,0.));
#13885=AXIS2_PLACEMENT_3D('',#13837,#13863,$);
#13907=PLANE('',#13885);
#13929=POLY_LOOP('',(#13837,#13834,#13836));
#13951=FACE_OUTER_BOUND('',#13929,.T.);
#13973=FACE_SURFACE('',(#13951),#13907,.T.);
#13974=CLOSED_SHELL('',(#13952,#13953,#13954,#13955,#13956,#13957,#13958,#13959,#13960,#13961,#13962,#13963,#13964,#13965,#13966,#13967,#13968,#13969,#13970,#13971,#13972,#13973));
#13975=FACETED_BREP('',#13974);
#13976=CARTESIAN_POINT('',(0.0015,-0.00095,0.000025));
#13977=CARTESIAN_POINT('',(0.001075,-0.00095,0.000025));
#13978=CARTESIAN_POINT('',(0.0015,-0.00095,0.0001));
#13979=CARTESIAN_POINT('',(0.001075,-0.00095,0.0001));
#13980=DIRECTION('',(0.,1.,0.));
#13982=AXIS2_PLACEMENT_3D('',#13978,#13980,$);
#13984=PLANE('',#13982);
#13986=POLY_LOOP('',(#13978,#13976,#13977));
#13988=FACE_OUTER_BOUND('',#13986,.T.);
#13990=FACE_SURFACE('',(#13988),#13984,.T.);
#13981=DIRECTION('',(0.,1.,0.));
#13983=AXIS2_PLACEMENT_3D('',#13978,#13981,$);
#13985=PLANE('',#13983);
#13987=POLY_LOOP('',(#13978,#13977,#13979));
#13989=FACE_OUTER_BOUND('',#13987,.T.);
#13991=FACE_SURFACE('',(#13989),#13985,.T.);
#13992=CLOSED_SHELL('',(#13990,#13991));
#13993=FACETED_BREP('',#13992);
#13994=CARTESIAN_POINT('',(0.001075,-0.00125,0.000025));
#13995=CARTESIAN_POINT('',(0.001075,-0.00095,0.000025));
#13996=CARTESIAN_POINT('',(0.001075,-0.00095,0.0001));
#13997=CARTESIAN_POINT('',(0.001075,-0.00125,0.0001));
#13998=DIRECTION('',(-1.,0.,0.));
#14000=AXIS2_PLACEMENT_3D('',#13996,#13998,$);
#14002=PLANE('',#14000);
#14004=POLY_LOOP('',(#13996,#13995,#13994));
#14006=FACE_OUTER_BOUND('',#14004,.T.);
#14008=FACE_SURFACE('',(#14006),#14002,.T.);
#13999=DIRECTION('',(-1.,0.,0.));
#14001=AXIS2_PLACEMENT_3D('',#13996,#13999,$);
#14003=PLANE('',#14001);
#14005=POLY_LOOP('',(#13996,#13994,#13997));
#14007=FACE_OUTER_BOUND('',#14005,.T.);
#14009=FACE_SURFACE('',(#14007),#14003,.T.);
#14010=CLOSED_SHELL('',(#14008,#14009));
#14011=FACETED_BREP('',#14010);
#14012=CARTESIAN_POINT('',(0.0015,0.00075,0.000025));
#14013=CARTESIAN_POINT('',(0.000875,0.00075,0.000025));
#14014=CARTESIAN_POINT('',(0.0015,0.00075,0.0001));
#14015=CARTESIAN_POINT('',(0.000875,0.00075,0.0001));
#14016=DIRECTION('',(0.,1.,0.));
#14018=AXIS2_PLACEMENT_3D('',#14014,#14016,$);
#14020=PLANE('',#14018);
#14022=POLY_LOOP('',(#14014,#14012,#14013));
#14024=FACE_OUTER_BOUND('',#14022,.T.);
#14026=FACE_SURFACE('',(#14024),#14020,.T.);
#14017=DIRECTION('',(0.,1.,0.));
#14019=AXIS2_PLACEMENT_3D('',#14014,#14017,$);
#14021=PLANE('',#14019);
#14023=POLY_LOOP('',(#14014,#14013,#14015));
#14025=FACE_OUTER_BOUND('',#14023,.T.);
#14027=FACE_SURFACE('',(#14025),#14021,.T.);
#14028=CLOSED_SHELL('',(#14026,#14027));
#14029=FACETED_BREP('',#14028);
#14030=CARTESIAN_POINT('',(0.000875,0.00125,0.000025));
#14031=CARTESIAN_POINT('',(0.000875,0.00075,0.000025));
#14032=CARTESIAN_POINT('',(0.000875,0.00075,0.0001));
#14033=CARTESIAN_POINT('',(0.000875,0.00125,0.0001));
#14034=DIRECTION('',(1.,0.,0.));
#14036=AXIS2_PLACEMENT_3D('',#14032,#14034,$);
#14038=PLANE('',#14036);
#14040=POLY_LOOP('',(#14032,#14031,#14030));
#14042=FACE_OUTER_BOUND('',#14040,.T.);
#14044=FACE_SURFACE('',(#14042),#14038,.T.);
#14035=DIRECTION('',(1.,0.,0.));
#14037=AXIS2_PLACEMENT_3D('',#14032,#14035,$);
#14039=PLANE('',#14037);
#14041=POLY_LOOP('',(#14032,#14030,#14033));
#14043=FACE_OUTER_BOUND('',#14041,.T.);
#14045=FACE_SURFACE('',(#14043),#14039,.T.);
#14046=CLOSED_SHELL('',(#14044,#14045));
#14047=FACETED_BREP('',#14046);
#14048=CARTESIAN_POINT('',(0.0015,0.000493485,0.000025));
#14049=CARTESIAN_POINT('',(0.0012,0.000493485,0.000025));
#14050=CARTESIAN_POINT('',(0.0012,0.000493485,0.0001));
#14051=CARTESIAN_POINT('',(0.0015,0.000493485,0.0001));
#14052=DIRECTION('',(0.,-1.,0.));
#14054=AXIS2_PLACEMENT_3D('',#14050,#14052,$);
#14056=PLANE('',#14054);
#14058=POLY_LOOP('',(#14050,#14049,#14048));
#14060=FACE_OUTER_BOUND('',#14058,.T.);
#14062=FACE_SURFACE('',(#14060),#14056,.T.);
#14053=DIRECTION('',(0.,-1.,0.));
#14055=AXIS2_PLACEMENT_3D('',#14050,#14053,$);
#14057=PLANE('',#14055);
#14059=POLY_LOOP('',(#14050,#14048,#14051));
#14061=FACE_OUTER_BOUND('',#14059,.T.);
#14063=FACE_SURFACE('',(#14061),#14057,.T.);
#14064=CLOSED_SHELL('',(#14062,#14063));
#14065=FACETED_BREP('',#14064);
#14066=CARTESIAN_POINT('',(0.0012,0.000493485,0.000025));
#14067=CARTESIAN_POINT('',(0.001182635,0.0004919658,0.000025));
#14068=CARTESIAN_POINT('',(0.001165798,0.0004874543,0.000025));
#14069=CARTESIAN_POINT('',(0.00115,0.0004800875,0.000025));
#14070=CARTESIAN_POINT('',(0.001135721,0.0004700894,0.000025));
#14071=CARTESIAN_POINT('',(0.001123396,0.0004577638,0.000025));
#14072=CARTESIAN_POINT('',(0.001113397,0.000443485,0.000025));
#14073=CARTESIAN_POINT('',(0.001106031,0.000427687,0.000025));
#14074=CARTESIAN_POINT('',(0.001101519,0.0004108498,0.000025));
#14075=CARTESIAN_POINT('',(0.0011,0.000393485,0.000025));
#14076=CARTESIAN_POINT('',(0.001101519,0.0003761202,0.000025));
#14077=CARTESIAN_POINT('',(0.001106031,0.000359283,0.000025));
#14078=CARTESIAN_POINT('',(0.001113397,0.000343485,0.000025));
#14079=CARTESIAN_POINT('',(0.001123396,0.0003292062,0.000025));
#14080=CARTESIAN_POINT('',(0.001135721,0.0003168806,0.000025));
#14081=CARTESIAN_POINT('',(0.00115,0.0003068825,0.000025));
#14082=CARTESIAN_POINT('',(0.001165798,0.0002995157,0.000025));
#14083=CARTESIAN_POINT('',(0.001182635,0.0002950042,0.000025));
#14084=CARTESIAN_POINT('',(0.0012,0.000293485,0.000025));
#14085=CARTESIAN_POINT('',(0.0012,0.000293485,0.0001));
#14086=CARTESIAN_POINT('',(0.0012,0.000493485,0.0001));
#14087=CARTESIAN_POINT('',(0.001182635,0.0004919658,0.0001));
#14088=CARTESIAN_POINT('',(0.001165798,0.0004874543,0.0001));
#14089=CARTESIAN_POINT('',(0.00115,0.0004800875,0.0001));
#14090=CARTESIAN_POINT('',(0.001135721,0.0004700894,0.0001));
#14091=CARTESIAN_POINT('',(0.001123396,0.0004577638,0.0001));
#14092=CARTESIAN_POINT('',(0.001113397,0.000443485,0.0001));
#14093=CARTESIAN_POINT('',(0.001106031,0.000427687,0.0001));
#14094=CARTESIAN_POINT('',(0.001101519,0.0004108498,0.0001));
#14095=CARTESIAN_POINT('',(0.0011,0.000393485,0.0001));
#14096=CARTESIAN_POINT('',(0.001101519,0.0003761202,0.0001));
#14097=CARTESIAN_POINT('',(0.001106031,0.000359283,0.0001));
#14098=CARTESIAN_POINT('',(0.001113397,0.000343485,0.0001));
#14099=CARTESIAN_POINT('',(0.001123396,0.0003292062,0.0001));
#14100=CARTESIAN_POINT('',(0.001135721,0.0003168806,0.0001));
#14101=CARTESIAN_POINT('',(0.00115,0.0003068825,0.0001));
#14102=CARTESIAN_POINT('',(0.001165798,0.0002995157,0.0001));
#14103=CARTESIAN_POINT('',(0.001182635,0.0002950042,0.0001));
#14104=DIRECTION('',(0.08715527,-0.9961947,0.));
#14140=AXIS2_PLACEMENT_3D('',#14087,#14104,$);
#14176=PLANE('',#14140);
#14212=POLY_LOOP('',(#14087,#14067,#14066));
#14248=FACE_OUTER_BOUND('',#14212,.T.);
#14284=FACE_SURFACE('',(#14248),#14176,.T.);
#14105=DIRECTION('',(0.08715527,-0.9961947,0.));
#14141=AXIS2_PLACEMENT_3D('',#14087,#14105,$);
#14177=PLANE('',#14141);
#14213=POLY_LOOP('',(#14087,#14066,#14086));
#14249=FACE_OUTER_BOUND('',#14213,.T.);
#14285=FACE_SURFACE('',(#14249),#14177,.T.);
#14106=DIRECTION('',(0.258819,-0.9659258,0.));
#14142=AXIS2_PLACEMENT_3D('',#14088,#14106,$);
#14178=PLANE('',#14142);
#14214=POLY_LOOP('',(#14088,#14068,#14067));
#14250=FACE_OUTER_BOUND('',#14214,.T.);
#14286=FACE_SURFACE('',(#14250),#14178,.T.);
#14107=DIRECTION('',(0.258819,-0.9659258,0.));
#14143=AXIS2_PLACEMENT_3D('',#14088,#14107,$);
#14179=PLANE('',#14143);
#14215=POLY_LOOP('',(#14088,#14067,#14087));
#14251=FACE_OUTER_BOUND('',#14215,.T.);
#14287=FACE_SURFACE('',(#14251),#14179,.T.);
#14108=DIRECTION('',(0.4226205,-0.9063068,0.));
#14144=AXIS2_PLACEMENT_3D('',#14089,#14108,$);
#14180=PLANE('',#14144);
#14216=POLY_LOOP('',(#14089,#14069,#14068));
#14252=FACE_OUTER_BOUND('',#14216,.T.);
#14288=FACE_SURFACE('',(#14252),#14180,.T.);
#14109=DIRECTION('',(0.4226205,-0.9063068,0.));
#14145=AXIS2_PLACEMENT_3D('',#14089,#14109,$);
#14181=PLANE('',#14145);
#14217=POLY_LOOP('',(#14089,#14068,#14088));
#14253=FACE_OUTER_BOUND('',#14217,.T.);
#14289=FACE_SURFACE('',(#14253),#14181,.T.);
#14110=DIRECTION('',(0.5735753,-0.8191528,0.));
#14146=AXIS2_PLACEMENT_3D('',#14090,#14110,$);
#14182=PLANE('',#14146);
#14218=POLY_LOOP('',(#14090,#14070,#14069));
#14254=FACE_OUTER_BOUND('',#14218,.T.);
#14290=FACE_SURFACE('',(#14254),#14182,.T.);
#14111=DIRECTION('',(0.5735753,-0.8191528,0.));
#14147=AXIS2_PLACEMENT_3D('',#14090,#14111,$);
#14183=PLANE('',#14147);
#14219=POLY_LOOP('',(#14090,#14069,#14089));
#14255=FACE_OUTER_BOUND('',#14219,.T.);
#14291=FACE_SURFACE('',(#14255),#14183,.T.);
#14112=DIRECTION('',(0.7071059,-0.7071076,0.));
#14148=AXIS2_PLACEMENT_3D('',#14091,#14112,$);
#14184=PLANE('',#14148);
#14220=POLY_LOOP('',(#14091,#14071,#14070));
#14256=FACE_OUTER_BOUND('',#14220,.T.);
#14292=FACE_SURFACE('',(#14256),#14184,.T.);
#14113=DIRECTION('',(0.7071059,-0.7071076,0.));
#14149=AXIS2_PLACEMENT_3D('',#14091,#14113,$);
#14185=PLANE('',#14149);
#14221=POLY_LOOP('',(#14091,#14070,#14090));
#14257=FACE_OUTER_BOUND('',#14221,.T.);
#14293=FACE_SURFACE('',(#14257),#14185,.T.);
#14114=DIRECTION('',(0.8191517,-0.5735769,0.));
#14150=AXIS2_PLACEMENT_3D('',#14092,#14114,$);
#14186=PLANE('',#14150);
#14222=POLY_LOOP('',(#14092,#14072,#14071));
#14258=FACE_OUTER_BOUND('',#14222,.T.);
#14294=FACE_SURFACE('',(#14258),#14186,.T.);
#14115=DIRECTION('',(0.8191517,-0.5735769,0.));
#14151=AXIS2_PLACEMENT_3D('',#14092,#14115,$);
#14187=PLANE('',#14151);
#14223=POLY_LOOP('',(#14092,#14071,#14091));
#14259=FACE_OUTER_BOUND('',#14223,.T.);
#14295=FACE_SURFACE('',(#14259),#14187,.T.);
#14116=DIRECTION('',(0.9063096,-0.4226144,0.));
#14152=AXIS2_PLACEMENT_3D('',#14093,#14116,$);
#14188=PLANE('',#14152);
#14224=POLY_LOOP('',(#14093,#14073,#14072));
#14260=FACE_OUTER_BOUND('',#14224,.T.);
#14296=FACE_SURFACE('',(#14260),#14188,.T.);
#14117=DIRECTION('',(0.9063096,-0.4226144,0.));
#14153=AXIS2_PLACEMENT_3D('',#14093,#14117,$);
#14189=PLANE('',#14153);
#14225=POLY_LOOP('',(#14093,#14072,#14092));
#14261=FACE_OUTER_BOUND('',#14225,.T.);
#14297=FACE_SURFACE('',(#14261),#14189,.T.);
#14118=DIRECTION('',(0.9659252,-0.2588214,0.));
#14154=AXIS2_PLACEMENT_3D('',#14094,#14118,$);
#14190=PLANE('',#14154);
#14226=POLY_LOOP('',(#14094,#14074,#14073));
#14262=FACE_OUTER_BOUND('',#14226,.T.);
#14298=FACE_SURFACE('',(#14262),#14190,.T.);
#14119=DIRECTION('',(0.9659252,-0.2588214,0.));
#14155=AXIS2_PLACEMENT_3D('',#14094,#14119,$);
#14191=PLANE('',#14155);
#14227=POLY_LOOP('',(#14094,#14073,#14093));
#14263=FACE_OUTER_BOUND('',#14227,.T.);
#14299=FACE_SURFACE('',(#14263),#14191,.T.);
#14120=DIRECTION('',(0.9961947,-0.08715556,0.));
#14156=AXIS2_PLACEMENT_3D('',#14095,#14120,$);
#14192=PLANE('',#14156);
#14228=POLY_LOOP('',(#14095,#14075,#14074));
#14264=FACE_OUTER_BOUND('',#14228,.T.);
#14300=FACE_SURFACE('',(#14264),#14192,.T.);
#14121=DIRECTION('',(0.9961947,-0.08715556,0.));
#14157=AXIS2_PLACEMENT_3D('',#14095,#14121,$);
#14193=PLANE('',#14157);
#14229=POLY_LOOP('',(#14095,#14074,#14094));
#14265=FACE_OUTER_BOUND('',#14229,.T.);
#14301=FACE_SURFACE('',(#14265),#14193,.T.);
#14122=DIRECTION('',(0.9961947,0.08715541,0.));
#14158=AXIS2_PLACEMENT_3D('',#14096,#14122,$);
#14194=PLANE('',#14158);
#14230=POLY_LOOP('',(#14096,#14076,#14075));
#14266=FACE_OUTER_BOUND('',#14230,.T.);
#14302=FACE_SURFACE('',(#14266),#14194,.T.);
#14123=DIRECTION('',(0.9961947,0.08715541,0.));
#14159=AXIS2_PLACEMENT_3D('',#14096,#14123,$);
#14195=PLANE('',#14159);
#14231=POLY_LOOP('',(#14096,#14075,#14095));
#14267=FACE_OUTER_BOUND('',#14231,.T.);
#14303=FACE_SURFACE('',(#14267),#14195,.T.);
#14124=DIRECTION('',(0.9659252,0.2588214,0.));
#14160=AXIS2_PLACEMENT_3D('',#14097,#14124,$);
#14196=PLANE('',#14160);
#14232=POLY_LOOP('',(#14097,#14077,#14076));
#14268=FACE_OUTER_BOUND('',#14232,.T.);
#14304=FACE_SURFACE('',(#14268),#14196,.T.);
#14125=DIRECTION('',(0.9659252,0.2588214,0.));
#14161=AXIS2_PLACEMENT_3D('',#14097,#14125,$);
#14197=PLANE('',#14161);
#14233=POLY_LOOP('',(#14097,#14076,#14096));
#14269=FACE_OUTER_BOUND('',#14233,.T.);
#14305=FACE_SURFACE('',(#14269),#14197,.T.);
#14126=DIRECTION('',(0.9063093,0.4226151,0.));
#14162=AXIS2_PLACEMENT_3D('',#14098,#14126,$);
#14198=PLANE('',#14162);
#14234=POLY_LOOP('',(#14098,#14078,#14077));
#14270=FACE_OUTER_BOUND('',#14234,.T.);
#14306=FACE_SURFACE('',(#14270),#14198,.T.);
#14127=DIRECTION('',(0.9063093,0.4226151,0.));
#14163=AXIS2_PLACEMENT_3D('',#14098,#14127,$);
#14199=PLANE('',#14163);
#14235=POLY_LOOP('',(#14098,#14077,#14097));
#14271=FACE_OUTER_BOUND('',#14235,.T.);
#14307=FACE_SURFACE('',(#14271),#14199,.T.);
#14128=DIRECTION('',(0.8191523,0.5735761,0.));
#14164=AXIS2_PLACEMENT_3D('',#14099,#14128,$);
#14200=PLANE('',#14164);
#14236=POLY_LOOP('',(#14099,#14079,#14078));
#14272=FACE_OUTER_BOUND('',#14236,.T.);
#14308=FACE_SURFACE('',(#14272),#14200,.T.);
#14129=DIRECTION('',(0.8191523,0.5735761,0.));
#14165=AXIS2_PLACEMENT_3D('',#14099,#14129,$);
#14201=PLANE('',#14165);
#14237=POLY_LOOP('',(#14099,#14078,#14098));
#14273=FACE_OUTER_BOUND('',#14237,.T.);
#14309=FACE_SURFACE('',(#14273),#14201,.T.);
#14130=DIRECTION('',(0.7071059,0.7071076,0.));
#14166=AXIS2_PLACEMENT_3D('',#14100,#14130,$);
#14202=PLANE('',#14166);
#14238=POLY_LOOP('',(#14100,#14080,#14079));
#14274=FACE_OUTER_BOUND('',#14238,.T.);
#14310=FACE_SURFACE('',(#14274),#14202,.T.);
#14131=DIRECTION('',(0.7071059,0.7071076,0.));
#14167=AXIS2_PLACEMENT_3D('',#14100,#14131,$);
#14203=PLANE('',#14167);
#14239=POLY_LOOP('',(#14100,#14079,#14099));
#14275=FACE_OUTER_BOUND('',#14239,.T.);
#14311=FACE_SURFACE('',(#14275),#14203,.T.);
#14132=DIRECTION('',(0.5735753,0.8191528,0.));
#14168=AXIS2_PLACEMENT_3D('',#14101,#14132,$);
#14204=PLANE('',#14168);
#14240=POLY_LOOP('',(#14101,#14080,#14100));
#14276=FACE_OUTER_BOUND('',#14240,.T.);
#14312=FACE_SURFACE('',(#14276),#14204,.T.);
#14133=DIRECTION('',(0.5735753,0.8191528,0.));
#14169=AXIS2_PLACEMENT_3D('',#14101,#14133,$);
#14205=PLANE('',#14169);
#14241=POLY_LOOP('',(#14101,#14081,#14080));
#14277=FACE_OUTER_BOUND('',#14241,.T.);
#14313=FACE_SURFACE('',(#14277),#14205,.T.);
#14134=DIRECTION('',(0.4226205,0.9063068,0.));
#14170=AXIS2_PLACEMENT_3D('',#14102,#14134,$);
#14206=PLANE('',#14170);
#14242=POLY_LOOP('',(#14102,#14081,#14101));
#14278=FACE_OUTER_BOUND('',#14242,.T.);
#14314=FACE_SURFACE('',(#14278),#14206,.T.);
#14135=DIRECTION('',(0.4226205,0.9063068,0.));
#14171=AXIS2_PLACEMENT_3D('',#14102,#14135,$);
#14207=PLANE('',#14171);
#14243=POLY_LOOP('',(#14102,#14082,#14081));
#14279=FACE_OUTER_BOUND('',#14243,.T.);
#14315=FACE_SURFACE('',(#14279),#14207,.T.);
#14136=DIRECTION('',(0.2588174,0.9659263,0.));
#14172=AXIS2_PLACEMENT_3D('',#14103,#14136,$);
#14208=PLANE('',#14172);
#14244=POLY_LOOP('',(#14103,#14082,#14102));
#14280=FACE_OUTER_BOUND('',#14244,.T.);
#14316=FACE_SURFACE('',(#14280),#14208,.T.);
#14137=DIRECTION('',(0.2588174,0.9659263,0.));
#14173=AXIS2_PLACEMENT_3D('',#14103,#14137,$);
#14209=PLANE('',#14173);
#14245=POLY_LOOP('',(#14103,#14083,#14082));
#14281=FACE_OUTER_BOUND('',#14245,.T.);
#14317=FACE_SURFACE('',(#14281),#14209,.T.);
#14138=DIRECTION('',(0.08715527,0.9961947,0.));
#14174=AXIS2_PLACEMENT_3D('',#14085,#14138,$);
#14210=PLANE('',#14174);
#14246=POLY_LOOP('',(#14085,#14083,#14103));
#14282=FACE_OUTER_BOUND('',#14246,.T.);
#14318=FACE_SURFACE('',(#14282),#14210,.T.);
#14139=DIRECTION('',(0.08715527,0.9961947,0.));
#14175=AXIS2_PLACEMENT_3D('',#14085,#14139,$);
#14211=PLANE('',#14175);
#14247=POLY_LOOP('',(#14085,#14084,#14083));
#14283=FACE_OUTER_BOUND('',#14247,.T.);
#14319=FACE_SURFACE('',(#14283),#14211,.T.);
#14320=CLOSED_SHELL('',(#14284,#14285,#14286,#14287,#14288,#14289,#14290,#14291,#14292,#14293,#14294,#14295,#14296,#14297,#14298,#14299,#14300,#14301,#14302,#14303,#14304,#14305,#14306,#14307,#14308,#14309,#14310,#14311,#14312,#14313,#14314,#14315,#14316,#14317,#14318,#14319));
#14321=FACETED_BREP('',#14320);
#14322=CARTESIAN_POINT('',(0.0015,0.000293485,0.000025));
#14323=CARTESIAN_POINT('',(0.0012,0.000293485,0.000025));
#14324=CARTESIAN_POINT('',(0.0015,0.000293485,0.0001));
#14325=CARTESIAN_POINT('',(0.0012,0.000293485,0.0001));
#14326=DIRECTION('',(0.,1.,0.));
#14328=AXIS2_PLACEMENT_3D('',#14324,#14326,$);
#14330=PLANE('',#14328);
#14332=POLY_LOOP('',(#14324,#14322,#14323));
#14334=FACE_OUTER_BOUND('',#14332,.T.);
#14336=FACE_SURFACE('',(#14334),#14330,.T.);
#14327=DIRECTION('',(0.,1.,0.));
#14329=AXIS2_PLACEMENT_3D('',#14324,#14327,$);
#14331=PLANE('',#14329);
#14333=POLY_LOOP('',(#14324,#14323,#14325));
#14335=FACE_OUTER_BOUND('',#14333,.T.);
#14337=FACE_SURFACE('',(#14335),#14331,.T.);
#14338=CLOSED_SHELL('',(#14336,#14337));
#14339=FACETED_BREP('',#14338);
#14340=CARTESIAN_POINT('',(0.0015,0.000093485,0.000025));
#14341=CARTESIAN_POINT('',(0.0012,0.000093485,0.000025));
#14342=CARTESIAN_POINT('',(0.0012,0.000093485,0.0001));
#14343=CARTESIAN_POINT('',(0.0015,0.000093485,0.0001));
#14344=DIRECTION('',(0.,-1.,0.));
#14346=AXIS2_PLACEMENT_3D('',#14342,#14344,$);
#14348=PLANE('',#14346);
#14350=POLY_LOOP('',(#14342,#14341,#14340));
#14352=FACE_OUTER_BOUND('',#14350,.T.);
#14354=FACE_SURFACE('',(#14352),#14348,.T.);
#14345=DIRECTION('',(0.,-1.,0.));
#14347=AXIS2_PLACEMENT_3D('',#14342,#14345,$);
#14349=PLANE('',#14347);
#14351=POLY_LOOP('',(#14342,#14340,#14343));
#14353=FACE_OUTER_BOUND('',#14351,.T.);
#14355=FACE_SURFACE('',(#14353),#14349,.T.);
#14356=CLOSED_SHELL('',(#14354,#14355));
#14357=FACETED_BREP('',#14356);
#14358=CARTESIAN_POINT('',(0.0012,0.000093485,0.000025));
#14359=CARTESIAN_POINT('',(0.001182635,0.00009196578,0.000025));
#14360=CARTESIAN_POINT('',(0.001165798,0.00008745426,0.000025));
#14361=CARTESIAN_POINT('',(0.00115,0.00008008754,0.000025));
#14362=CARTESIAN_POINT('',(0.001135721,0.00007008945,0.000025));
#14363=CARTESIAN_POINT('',(0.001123396,0.00005776376,0.000025));
#14364=CARTESIAN_POINT('',(0.001113397,0.000043485,0.000025));
#14365=CARTESIAN_POINT('',(0.001106031,0.00002768701,0.000025));
#14366=CARTESIAN_POINT('',(0.001101519,0.00001084982,0.000025));
#14367=CARTESIAN_POINT('',(0.0011,-0.000006515,0.000025));
#14368=CARTESIAN_POINT('',(0.001101519,-0.00002387982,0.000025));
#14369=CARTESIAN_POINT('',(0.001106031,-0.00004071702,0.000025));
#14370=CARTESIAN_POINT('',(0.001113397,-0.000056515,0.000025));
#14371=CARTESIAN_POINT('',(0.001123396,-0.00007079376,0.000025));
#14372=CARTESIAN_POINT('',(0.001135721,-0.00008311944,0.000025));
#14373=CARTESIAN_POINT('',(0.00115,-0.00009311754,0.000025));
#14374=CARTESIAN_POINT('',(0.001165798,-0.0001004843,0.000025));
#14375=CARTESIAN_POINT('',(0.001182635,-0.0001049958,0.000025));
#14376=CARTESIAN_POINT('',(0.0012,-0.000106515,0.000025));
#14377=CARTESIAN_POINT('',(0.0012,-0.000106515,0.0001));
#14378=CARTESIAN_POINT('',(0.0012,0.000093485,0.0001));
#14379=CARTESIAN_POINT('',(0.001182635,0.00009196578,0.0001));
#14380=CARTESIAN_POINT('',(0.001165798,0.00008745426,0.0001));
#14381=CARTESIAN_POINT('',(0.00115,0.00008008754,0.0001));
#14382=CARTESIAN_POINT('',(0.001135721,0.00007008945,0.0001));
#14383=CARTESIAN_POINT('',(0.001123396,0.00005776376,0.0001));
#14384=CARTESIAN_POINT('',(0.001113397,0.000043485,0.0001));
#14385=CARTESIAN_POINT('',(0.001106031,0.00002768701,0.0001));
#14386=CARTESIAN_POINT('',(0.001101519,0.00001084982,0.0001));
#14387=CARTESIAN_POINT('',(0.0011,-0.000006515,0.0001));
#14388=CARTESIAN_POINT('',(0.001101519,-0.00002387982,0.0001));
#14389=CARTESIAN_POINT('',(0.001106031,-0.00004071702,0.0001));
#14390=CARTESIAN_POINT('',(0.001113397,-0.000056515,0.0001));
#14391=CARTESIAN_POINT('',(0.001123396,-0.00007079376,0.0001));
#14392=CARTESIAN_POINT('',(0.001135721,-0.00008311944,0.0001));
#14393=CARTESIAN_POINT('',(0.00115,-0.00009311754,0.0001));
#14394=CARTESIAN_POINT('',(0.001165798,-0.0001004843,0.0001));
#14395=CARTESIAN_POINT('',(0.001182635,-0.0001049958,0.0001));
#14396=DIRECTION('',(0.08715568,-0.9961947,0.));
#14432=AXIS2_PLACEMENT_3D('',#14379,#14396,$);
#14468=PLANE('',#14432);
#14504=POLY_LOOP('',(#14379,#14359,#14358));
#14540=FACE_OUTER_BOUND('',#14504,.T.);
#14576=FACE_SURFACE('',(#14540),#14468,.T.);
#14397=DIRECTION('',(0.08715568,-0.9961947,0.));
#14433=AXIS2_PLACEMENT_3D('',#14379,#14397,$);
#14469=PLANE('',#14433);
#14505=POLY_LOOP('',(#14379,#14358,#14378));
#14541=FACE_OUTER_BOUND('',#14505,.T.);
#14577=FACE_SURFACE('',(#14541),#14469,.T.);
#14398=DIRECTION('',(0.2588182,-0.9659261,0.));
#14434=AXIS2_PLACEMENT_3D('',#14380,#14398,$);
#14470=PLANE('',#14434);
#14506=POLY_LOOP('',(#14380,#14360,#14359));
#14542=FACE_OUTER_BOUND('',#14506,.T.);
#14578=FACE_SURFACE('',(#14542),#14470,.T.);
#14399=DIRECTION('',(0.2588182,-0.9659261,0.));
#14435=AXIS2_PLACEMENT_3D('',#14380,#14399,$);
#14471=PLANE('',#14435);
#14507=POLY_LOOP('',(#14380,#14359,#14379));
#14543=FACE_OUTER_BOUND('',#14507,.T.);
#14579=FACE_SURFACE('',(#14543),#14471,.T.);
#14400=DIRECTION('',(0.4226198,-0.9063071,0.));
#14436=AXIS2_PLACEMENT_3D('',#14381,#14400,$);
#14472=PLANE('',#14436);
#14508=POLY_LOOP('',(#14381,#14361,#14360));
#14544=FACE_OUTER_BOUND('',#14508,.T.);
#14580=FACE_SURFACE('',(#14544),#14472,.T.);
#14401=DIRECTION('',(0.4226198,-0.9063071,0.));
#14437=AXIS2_PLACEMENT_3D('',#14381,#14401,$);
#14473=PLANE('',#14437);
#14509=POLY_LOOP('',(#14381,#14360,#14380));
#14545=FACE_OUTER_BOUND('',#14509,.T.);
#14581=FACE_SURFACE('',(#14545),#14473,.T.);
#14402=DIRECTION('',(0.5735753,-0.8191528,0.));
#14438=AXIS2_PLACEMENT_3D('',#14382,#14402,$);
#14474=PLANE('',#14438);
#14510=POLY_LOOP('',(#14382,#14362,#14361));
#14546=FACE_OUTER_BOUND('',#14510,.T.);
#14582=FACE_SURFACE('',(#14546),#14474,.T.);
#14403=DIRECTION('',(0.5735753,-0.8191528,0.));
#14439=AXIS2_PLACEMENT_3D('',#14382,#14403,$);
#14475=PLANE('',#14439);
#14511=POLY_LOOP('',(#14382,#14361,#14381));
#14547=FACE_OUTER_BOUND('',#14511,.T.);
#14583=FACE_SURFACE('',(#14547),#14475,.T.);
#14404=DIRECTION('',(0.7071062,-0.7071074,0.));
#14440=AXIS2_PLACEMENT_3D('',#14383,#14404,$);
#14476=PLANE('',#14440);
#14512=POLY_LOOP('',(#14383,#14363,#14362));
#14548=FACE_OUTER_BOUND('',#14512,.T.);
#14584=FACE_SURFACE('',(#14548),#14476,.T.);
#14405=DIRECTION('',(0.7071062,-0.7071074,0.));
#14441=AXIS2_PLACEMENT_3D('',#14383,#14405,$);
#14477=PLANE('',#14441);
#14513=POLY_LOOP('',(#14383,#14362,#14382));
#14549=FACE_OUTER_BOUND('',#14513,.T.);
#14585=FACE_SURFACE('',(#14549),#14477,.T.);
#14406=DIRECTION('',(0.819152,-0.5735765,0.));
#14442=AXIS2_PLACEMENT_3D('',#14384,#14406,$);
#14478=PLANE('',#14442);
#14514=POLY_LOOP('',(#14384,#14364,#14363));
#14550=FACE_OUTER_BOUND('',#14514,.T.);
#14586=FACE_SURFACE('',(#14550),#14478,.T.);
#14407=DIRECTION('',(0.819152,-0.5735765,0.));
#14443=AXIS2_PLACEMENT_3D('',#14384,#14407,$);
#14479=PLANE('',#14443);
#14515=POLY_LOOP('',(#14384,#14363,#14383));
#14551=FACE_OUTER_BOUND('',#14515,.T.);
#14587=FACE_SURFACE('',(#14551),#14479,.T.);
#14408=DIRECTION('',(0.9063095,-0.4226146,0.));
#14444=AXIS2_PLACEMENT_3D('',#14385,#14408,$);
#14480=PLANE('',#14444);
#14516=POLY_LOOP('',(#14385,#14365,#14364));
#14552=FACE_OUTER_BOUND('',#14516,.T.);
#14588=FACE_SURFACE('',(#14552),#14480,.T.);
#14409=DIRECTION('',(0.9063095,-0.4226146,0.));
#14445=AXIS2_PLACEMENT_3D('',#14385,#14409,$);
#14481=PLANE('',#14445);
#14517=POLY_LOOP('',(#14385,#14364,#14384));
#14553=FACE_OUTER_BOUND('',#14517,.T.);
#14589=FACE_SURFACE('',(#14553),#14481,.T.);
#14410=DIRECTION('',(0.9659252,-0.2588215,0.));
#14446=AXIS2_PLACEMENT_3D('',#14386,#14410,$);
#14482=PLANE('',#14446);
#14518=POLY_LOOP('',(#14386,#14366,#14365));
#14554=FACE_OUTER_BOUND('',#14518,.T.);
#14590=FACE_SURFACE('',(#14554),#14482,.T.);
#14411=DIRECTION('',(0.9659252,-0.2588215,0.));
#14447=AXIS2_PLACEMENT_3D('',#14386,#14411,$);
#14483=PLANE('',#14447);
#14519=POLY_LOOP('',(#14386,#14365,#14385));
#14555=FACE_OUTER_BOUND('',#14519,.T.);
#14591=FACE_SURFACE('',(#14555),#14483,.T.);
#14412=DIRECTION('',(0.9961947,-0.08715547,0.));
#14448=AXIS2_PLACEMENT_3D('',#14387,#14412,$);
#14484=PLANE('',#14448);
#14520=POLY_LOOP('',(#14387,#14367,#14366));
#14556=FACE_OUTER_BOUND('',#14520,.T.);
#14592=FACE_SURFACE('',(#14556),#14484,.T.);
#14413=DIRECTION('',(0.9961947,-0.08715547,0.));
#14449=AXIS2_PLACEMENT_3D('',#14387,#14413,$);
#14485=PLANE('',#14449);
#14521=POLY_LOOP('',(#14387,#14366,#14386));
#14557=FACE_OUTER_BOUND('',#14521,.T.);
#14593=FACE_SURFACE('',(#14557),#14485,.T.);
#14414=DIRECTION('',(0.9961947,0.08715547,0.));
#14450=AXIS2_PLACEMENT_3D('',#14388,#14414,$);
#14486=PLANE('',#14450);
#14522=POLY_LOOP('',(#14388,#14368,#14367));
#14558=FACE_OUTER_BOUND('',#14522,.T.);
#14594=FACE_SURFACE('',(#14558),#14486,.T.);
#14415=DIRECTION('',(0.9961947,0.08715547,0.));
#14451=AXIS2_PLACEMENT_3D('',#14388,#14415,$);
#14487=PLANE('',#14451);
#14523=POLY_LOOP('',(#14388,#14367,#14387));
#14559=FACE_OUTER_BOUND('',#14523,.T.);
#14595=FACE_SURFACE('',(#14559),#14487,.T.);
#14416=DIRECTION('',(0.9659252,0.2588215,0.));
#14452=AXIS2_PLACEMENT_3D('',#14389,#14416,$);
#14488=PLANE('',#14452);
#14524=POLY_LOOP('',(#14389,#14369,#14368));
#14560=FACE_OUTER_BOUND('',#14524,.T.);
#14596=FACE_SURFACE('',(#14560),#14488,.T.);
#14417=DIRECTION('',(0.9659252,0.2588215,0.));
#14453=AXIS2_PLACEMENT_3D('',#14389,#14417,$);
#14489=PLANE('',#14453);
#14525=POLY_LOOP('',(#14389,#14368,#14388));
#14561=FACE_OUTER_BOUND('',#14525,.T.);
#14597=FACE_SURFACE('',(#14561),#14489,.T.);
#14418=DIRECTION('',(0.9063095,0.4226147,0.));
#14454=AXIS2_PLACEMENT_3D('',#14390,#14418,$);
#14490=PLANE('',#14454);
#14526=POLY_LOOP('',(#14390,#14370,#14369));
#14562=FACE_OUTER_BOUND('',#14526,.T.);
#14598=FACE_SURFACE('',(#14562),#14490,.T.);
#14419=DIRECTION('',(0.9063095,0.4226147,0.));
#14455=AXIS2_PLACEMENT_3D('',#14390,#14419,$);
#14491=PLANE('',#14455);
#14527=POLY_LOOP('',(#14390,#14369,#14389));
#14563=FACE_OUTER_BOUND('',#14527,.T.);
#14599=FACE_SURFACE('',(#14563),#14491,.T.);
#14420=DIRECTION('',(0.819152,0.5735766,0.));
#14456=AXIS2_PLACEMENT_3D('',#14391,#14420,$);
#14492=PLANE('',#14456);
#14528=POLY_LOOP('',(#14391,#14371,#14370));
#14564=FACE_OUTER_BOUND('',#14528,.T.);
#14600=FACE_SURFACE('',(#14564),#14492,.T.);
#14421=DIRECTION('',(0.819152,0.5735766,0.));
#14457=AXIS2_PLACEMENT_3D('',#14391,#14421,$);
#14493=PLANE('',#14457);
#14529=POLY_LOOP('',(#14391,#14370,#14390));
#14565=FACE_OUTER_BOUND('',#14529,.T.);
#14601=FACE_SURFACE('',(#14565),#14493,.T.);
#14422=DIRECTION('',(0.7071062,0.7071074,0.));
#14458=AXIS2_PLACEMENT_3D('',#14392,#14422,$);
#14494=PLANE('',#14458);
#14530=POLY_LOOP('',(#14392,#14372,#14371));
#14566=FACE_OUTER_BOUND('',#14530,.T.);
#14602=FACE_SURFACE('',(#14566),#14494,.T.);
#14423=DIRECTION('',(0.7071062,0.7071074,0.));
#14459=AXIS2_PLACEMENT_3D('',#14392,#14423,$);
#14495=PLANE('',#14459);
#14531=POLY_LOOP('',(#14392,#14371,#14391));
#14567=FACE_OUTER_BOUND('',#14531,.T.);
#14603=FACE_SURFACE('',(#14567),#14495,.T.);
#14424=DIRECTION('',(0.5735753,0.8191528,0.));
#14460=AXIS2_PLACEMENT_3D('',#14393,#14424,$);
#14496=PLANE('',#14460);
#14532=POLY_LOOP('',(#14393,#14372,#14392));
#14568=FACE_OUTER_BOUND('',#14532,.T.);
#14604=FACE_SURFACE('',(#14568),#14496,.T.);
#14425=DIRECTION('',(0.5735753,0.8191528,0.));
#14461=AXIS2_PLACEMENT_3D('',#14393,#14425,$);
#14497=PLANE('',#14461);
#14533=POLY_LOOP('',(#14393,#14373,#14372));
#14569=FACE_OUTER_BOUND('',#14533,.T.);
#14605=FACE_SURFACE('',(#14569),#14497,.T.);
#14426=DIRECTION('',(0.4226201,0.9063069,0.));
#14462=AXIS2_PLACEMENT_3D('',#14394,#14426,$);
#14498=PLANE('',#14462);
#14534=POLY_LOOP('',(#14394,#14373,#14393));
#14570=FACE_OUTER_BOUND('',#14534,.T.);
#14606=FACE_SURFACE('',(#14570),#14498,.T.);
#14427=DIRECTION('',(0.4226201,0.9063069,0.));
#14463=AXIS2_PLACEMENT_3D('',#14394,#14427,$);
#14499=PLANE('',#14463);
#14535=POLY_LOOP('',(#14394,#14374,#14373));
#14571=FACE_OUTER_BOUND('',#14535,.T.);
#14607=FACE_SURFACE('',(#14571),#14499,.T.);
#14428=DIRECTION('',(0.2588178,0.9659262,0.));
#14464=AXIS2_PLACEMENT_3D('',#14395,#14428,$);
#14500=PLANE('',#14464);
#14536=POLY_LOOP('',(#14395,#14374,#14394));
#14572=FACE_OUTER_BOUND('',#14536,.T.);
#14608=FACE_SURFACE('',(#14572),#14500,.T.);
#14429=DIRECTION('',(0.2588178,0.9659262,0.));
#14465=AXIS2_PLACEMENT_3D('',#14395,#14429,$);
#14501=PLANE('',#14465);
#14537=POLY_LOOP('',(#14395,#14375,#14374));
#14573=FACE_OUTER_BOUND('',#14537,.T.);
#14609=FACE_SURFACE('',(#14573),#14501,.T.);
#14430=DIRECTION('',(0.08715568,0.9961947,0.));
#14466=AXIS2_PLACEMENT_3D('',#14377,#14430,$);
#14502=PLANE('',#14466);
#14538=POLY_LOOP('',(#14377,#14375,#14395));
#14574=FACE_OUTER_BOUND('',#14538,.T.);
#14610=FACE_SURFACE('',(#14574),#14502,.T.);
#14431=DIRECTION('',(0.08715568,0.9961947,0.));
#14467=AXIS2_PLACEMENT_3D('',#14377,#14431,$);
#14503=PLANE('',#14467);
#14539=POLY_LOOP('',(#14377,#14376,#14375));
#14575=FACE_OUTER_BOUND('',#14539,.T.);
#14611=FACE_SURFACE('',(#14575),#14503,.T.);
#14612=CLOSED_SHELL('',(#14576,#14577,#14578,#14579,#14580,#14581,#14582,#14583,#14584,#14585,#14586,#14587,#14588,#14589,#14590,#14591,#14592,#14593,#14594,#14595,#14596,#14597,#14598,#14599,#14600,#14601,#14602,#14603,#14604,#14605,#14606,#14607,#14608,#14609,#14610,#14611));
#14613=FACETED_BREP('',#14612);
#14614=CARTESIAN_POINT('',(0.0015,-0.000106515,0.000025));
#14615=CARTESIAN_POINT('',(0.0012,-0.000106515,0.000025));
#14616=CARTESIAN_POINT('',(0.0015,-0.000106515,0.0001));
#14617=CARTESIAN_POINT('',(0.0012,-0.000106515,0.0001));
#14618=DIRECTION('',(0.,1.,0.));
#14620=AXIS2_PLACEMENT_3D('',#14616,#14618,$);
#14622=PLANE('',#14620);
#14624=POLY_LOOP('',(#14616,#14614,#14615));
#14626=FACE_OUTER_BOUND('',#14624,.T.);
#14628=FACE_SURFACE('',(#14626),#14622,.T.);
#14619=DIRECTION('',(0.,1.,0.));
#14621=AXIS2_PLACEMENT_3D('',#14616,#14619,$);
#14623=PLANE('',#14621);
#14625=POLY_LOOP('',(#14616,#14615,#14617));
#14627=FACE_OUTER_BOUND('',#14625,.T.);
#14629=FACE_SURFACE('',(#14627),#14623,.T.);
#14630=CLOSED_SHELL('',(#14628,#14629));
#14631=FACETED_BREP('',#14630);
#14632=CARTESIAN_POINT('',(0.0015,-0.000306515,0.000025));
#14633=CARTESIAN_POINT('',(0.0012,-0.000306515,0.000025));
#14634=CARTESIAN_POINT('',(0.0012,-0.000306515,0.0001));
#14635=CARTESIAN_POINT('',(0.0015,-0.000306515,0.0001));
#14636=DIRECTION('',(0.,-1.,0.));
#14638=AXIS2_PLACEMENT_3D('',#14634,#14636,$);
#14640=PLANE('',#14638);
#14642=POLY_LOOP('',(#14634,#14633,#14632));
#14644=FACE_OUTER_BOUND('',#14642,.T.);
#14646=FACE_SURFACE('',(#14644),#14640,.T.);
#14637=DIRECTION('',(0.,-1.,0.));
#14639=AXIS2_PLACEMENT_3D('',#14634,#14637,$);
#14641=PLANE('',#14639);
#14643=POLY_LOOP('',(#14634,#14632,#14635));
#14645=FACE_OUTER_BOUND('',#14643,.T.);
#14647=FACE_SURFACE('',(#14645),#14641,.T.);
#14648=CLOSED_SHELL('',(#14646,#14647));
#14649=FACETED_BREP('',#14648);
#14650=CARTESIAN_POINT('',(0.0012,-0.000306515,0.000025));
#14651=CARTESIAN_POINT('',(0.001182635,-0.0003080342,0.000025));
#14652=CARTESIAN_POINT('',(0.001165798,-0.0003125457,0.000025));
#14653=CARTESIAN_POINT('',(0.00115,-0.0003199124,0.000025));
#14654=CARTESIAN_POINT('',(0.001135721,-0.0003299105,0.000025));
#14655=CARTESIAN_POINT('',(0.001123396,-0.0003422362,0.000025));
#14656=CARTESIAN_POINT('',(0.001113397,-0.000356515,0.000025));
#14657=CARTESIAN_POINT('',(0.001106031,-0.000372313,0.000025));
#14658=CARTESIAN_POINT('',(0.001101519,-0.0003891502,0.000025));
#14659=CARTESIAN_POINT('',(0.0011,-0.000406515,0.000025));
#14660=CARTESIAN_POINT('',(0.001101519,-0.0004238798,0.000025));
#14661=CARTESIAN_POINT('',(0.001106031,-0.000440717,0.000025));
#14662=CARTESIAN_POINT('',(0.001113397,-0.000456515,0.000025));
#14663=CARTESIAN_POINT('',(0.001123396,-0.0004707937,0.000025));
#14664=CARTESIAN_POINT('',(0.001135721,-0.0004831195,0.000025));
#14665=CARTESIAN_POINT('',(0.00115,-0.0004931175,0.000025));
#14666=CARTESIAN_POINT('',(0.001165798,-0.0005004843,0.000025));
#14667=CARTESIAN_POINT('',(0.001182635,-0.0005049958,0.000025));
#14668=CARTESIAN_POINT('',(0.0012,-0.000506515,0.000025));
#14669=CARTESIAN_POINT('',(0.0012,-0.000506515,0.0001));
#14670=CARTESIAN_POINT('',(0.0012,-0.000306515,0.0001));
#14671=CARTESIAN_POINT('',(0.001182635,-0.0003080342,0.0001));
#14672=CARTESIAN_POINT('',(0.001165798,-0.0003125457,0.0001));
#14673=CARTESIAN_POINT('',(0.00115,-0.0003199124,0.0001));
#14674=CARTESIAN_POINT('',(0.001135721,-0.0003299105,0.0001));
#14675=CARTESIAN_POINT('',(0.001123396,-0.0003422362,0.0001));
#14676=CARTESIAN_POINT('',(0.001113397,-0.000356515,0.0001));
#14677=CARTESIAN_POINT('',(0.001106031,-0.000372313,0.0001));
#14678=CARTESIAN_POINT('',(0.001101519,-0.0003891502,0.0001));
#14679=CARTESIAN_POINT('',(0.0011,-0.000406515,0.0001));
#14680=CARTESIAN_POINT('',(0.001101519,-0.0004238798,0.0001));
#14681=CARTESIAN_POINT('',(0.001106031,-0.000440717,0.0001));
#14682=CARTESIAN_POINT('',(0.001113397,-0.000456515,0.0001));
#14683=CARTESIAN_POINT('',(0.001123396,-0.0004707937,0.0001));
#14684=CARTESIAN_POINT('',(0.001135721,-0.0004831195,0.0001));
#14685=CARTESIAN_POINT('',(0.00115,-0.0004931175,0.0001));
#14686=CARTESIAN_POINT('',(0.001165798,-0.0005004843,0.0001));
#14687=CARTESIAN_POINT('',(0.001182635,-0.0005049958,0.0001));
#14688=DIRECTION('',(0.08715527,-0.9961947,0.));
#14724=AXIS2_PLACEMENT_3D('',#14671,#14688,$);
#14760=PLANE('',#14724);
#14796=POLY_LOOP('',(#14671,#14651,#14650));
#14832=FACE_OUTER_BOUND('',#14796,.T.);
#14868=FACE_SURFACE('',(#14832),#14760,.T.);
#14689=DIRECTION('',(0.08715527,-0.9961947,0.));
#14725=AXIS2_PLACEMENT_3D('',#14671,#14689,$);
#14761=PLANE('',#14725);
#14797=POLY_LOOP('',(#14671,#14650,#14670));
#14833=FACE_OUTER_BOUND('',#14797,.T.);
#14869=FACE_SURFACE('',(#14833),#14761,.T.);
#14690=DIRECTION('',(0.258819,-0.9659258,0.));
#14726=AXIS2_PLACEMENT_3D('',#14672,#14690,$);
#14762=PLANE('',#14726);
#14798=POLY_LOOP('',(#14672,#14652,#14651));
#14834=FACE_OUTER_BOUND('',#14798,.T.);
#14870=FACE_SURFACE('',(#14834),#14762,.T.);
#14691=DIRECTION('',(0.258819,-0.9659258,0.));
#14727=AXIS2_PLACEMENT_3D('',#14672,#14691,$);
#14763=PLANE('',#14727);
#14799=POLY_LOOP('',(#14672,#14651,#14671));
#14835=FACE_OUTER_BOUND('',#14799,.T.);
#14871=FACE_SURFACE('',(#14835),#14763,.T.);
#14692=DIRECTION('',(0.4226191,-0.9063074,0.));
#14728=AXIS2_PLACEMENT_3D('',#14673,#14692,$);
#14764=PLANE('',#14728);
#14800=POLY_LOOP('',(#14673,#14653,#14652));
#14836=FACE_OUTER_BOUND('',#14800,.T.);
#14872=FACE_SURFACE('',(#14836),#14764,.T.);
#14693=DIRECTION('',(0.4226191,-0.9063074,0.));
#14729=AXIS2_PLACEMENT_3D('',#14673,#14693,$);
#14765=PLANE('',#14729);
#14801=POLY_LOOP('',(#14673,#14652,#14672));
#14837=FACE_OUTER_BOUND('',#14801,.T.);
#14873=FACE_SURFACE('',(#14837),#14765,.T.);
#14694=DIRECTION('',(0.5735753,-0.8191528,0.));
#14730=AXIS2_PLACEMENT_3D('',#14674,#14694,$);
#14766=PLANE('',#14730);
#14802=POLY_LOOP('',(#14674,#14654,#14653));
#14838=FACE_OUTER_BOUND('',#14802,.T.);
#14874=FACE_SURFACE('',(#14838),#14766,.T.);
#14695=DIRECTION('',(0.5735753,-0.8191528,0.));
#14731=AXIS2_PLACEMENT_3D('',#14674,#14695,$);
#14767=PLANE('',#14731);
#14803=POLY_LOOP('',(#14674,#14653,#14673));
#14839=FACE_OUTER_BOUND('',#14803,.T.);
#14875=FACE_SURFACE('',(#14839),#14767,.T.);
#14696=DIRECTION('',(0.7071068,-0.7071068,0.));
#14732=AXIS2_PLACEMENT_3D('',#14675,#14696,$);
#14768=PLANE('',#14732);
#14804=POLY_LOOP('',(#14675,#14655,#14654));
#14840=FACE_OUTER_BOUND('',#14804,.T.);
#14876=FACE_SURFACE('',(#14840),#14768,.T.);
#14697=DIRECTION('',(0.7071068,-0.7071068,0.));
#14733=AXIS2_PLACEMENT_3D('',#14675,#14697,$);
#14769=PLANE('',#14733);
#14805=POLY_LOOP('',(#14675,#14654,#14674));
#14841=FACE_OUTER_BOUND('',#14805,.T.);
#14877=FACE_SURFACE('',(#14841),#14769,.T.);
#14698=DIRECTION('',(0.8191517,-0.5735769,0.));
#14734=AXIS2_PLACEMENT_3D('',#14676,#14698,$);
#14770=PLANE('',#14734);
#14806=POLY_LOOP('',(#14676,#14656,#14655));
#14842=FACE_OUTER_BOUND('',#14806,.T.);
#14878=FACE_SURFACE('',(#14842),#14770,.T.);
#14699=DIRECTION('',(0.8191517,-0.5735769,0.));
#14735=AXIS2_PLACEMENT_3D('',#14676,#14699,$);
#14771=PLANE('',#14735);
#14807=POLY_LOOP('',(#14676,#14655,#14675));
#14843=FACE_OUTER_BOUND('',#14807,.T.);
#14879=FACE_SURFACE('',(#14843),#14771,.T.);
#14700=DIRECTION('',(0.9063096,-0.4226144,0.));
#14736=AXIS2_PLACEMENT_3D('',#14677,#14700,$);
#14772=PLANE('',#14736);
#14808=POLY_LOOP('',(#14677,#14657,#14656));
#14844=FACE_OUTER_BOUND('',#14808,.T.);
#14880=FACE_SURFACE('',(#14844),#14772,.T.);
#14701=DIRECTION('',(0.9063096,-0.4226144,0.));
#14737=AXIS2_PLACEMENT_3D('',#14677,#14701,$);
#14773=PLANE('',#14737);
#14809=POLY_LOOP('',(#14677,#14656,#14676));
#14845=FACE_OUTER_BOUND('',#14809,.T.);
#14881=FACE_SURFACE('',(#14845),#14773,.T.);
#14702=DIRECTION('',(0.9659251,-0.2588218,0.));
#14738=AXIS2_PLACEMENT_3D('',#14678,#14702,$);
#14774=PLANE('',#14738);
#14810=POLY_LOOP('',(#14678,#14658,#14657));
#14846=FACE_OUTER_BOUND('',#14810,.T.);
#14882=FACE_SURFACE('',(#14846),#14774,.T.);
#14703=DIRECTION('',(0.9659251,-0.2588218,0.));
#14739=AXIS2_PLACEMENT_3D('',#14678,#14703,$);
#14775=PLANE('',#14739);
#14811=POLY_LOOP('',(#14678,#14657,#14677));
#14847=FACE_OUTER_BOUND('',#14811,.T.);
#14883=FACE_SURFACE('',(#14847),#14775,.T.);
#14704=DIRECTION('',(0.9961947,-0.08715541,0.));
#14740=AXIS2_PLACEMENT_3D('',#14679,#14704,$);
#14776=PLANE('',#14740);
#14812=POLY_LOOP('',(#14679,#14659,#14658));
#14848=FACE_OUTER_BOUND('',#14812,.T.);
#14884=FACE_SURFACE('',(#14848),#14776,.T.);
#14705=DIRECTION('',(0.9961947,-0.08715541,0.));
#14741=AXIS2_PLACEMENT_3D('',#14679,#14705,$);
#14777=PLANE('',#14741);
#14813=POLY_LOOP('',(#14679,#14658,#14678));
#14849=FACE_OUTER_BOUND('',#14813,.T.);
#14885=FACE_SURFACE('',(#14849),#14777,.T.);
#14706=DIRECTION('',(0.9961947,0.08715541,0.));
#14742=AXIS2_PLACEMENT_3D('',#14680,#14706,$);
#14778=PLANE('',#14742);
#14814=POLY_LOOP('',(#14680,#14660,#14659));
#14850=FACE_OUTER_BOUND('',#14814,.T.);
#14886=FACE_SURFACE('',(#14850),#14778,.T.);
#14707=DIRECTION('',(0.9961947,0.08715541,0.));
#14743=AXIS2_PLACEMENT_3D('',#14680,#14707,$);
#14779=PLANE('',#14743);
#14815=POLY_LOOP('',(#14680,#14659,#14679));
#14851=FACE_OUTER_BOUND('',#14815,.T.);
#14887=FACE_SURFACE('',(#14851),#14779,.T.);
#14708=DIRECTION('',(0.9659251,0.2588218,0.));
#14744=AXIS2_PLACEMENT_3D('',#14681,#14708,$);
#14780=PLANE('',#14744);
#14816=POLY_LOOP('',(#14681,#14661,#14660));
#14852=FACE_OUTER_BOUND('',#14816,.T.);
#14888=FACE_SURFACE('',(#14852),#14780,.T.);
#14709=DIRECTION('',(0.9659251,0.2588218,0.));
#14745=AXIS2_PLACEMENT_3D('',#14681,#14709,$);
#14781=PLANE('',#14745);
#14817=POLY_LOOP('',(#14681,#14660,#14680));
#14853=FACE_OUTER_BOUND('',#14817,.T.);
#14889=FACE_SURFACE('',(#14853),#14781,.T.);
#14710=DIRECTION('',(0.9063096,0.4226144,0.));
#14746=AXIS2_PLACEMENT_3D('',#14682,#14710,$);
#14782=PLANE('',#14746);
#14818=POLY_LOOP('',(#14682,#14662,#14661));
#14854=FACE_OUTER_BOUND('',#14818,.T.);
#14890=FACE_SURFACE('',(#14854),#14782,.T.);
#14711=DIRECTION('',(0.9063096,0.4226144,0.));
#14747=AXIS2_PLACEMENT_3D('',#14682,#14711,$);
#14783=PLANE('',#14747);
#14819=POLY_LOOP('',(#14682,#14661,#14681));
#14855=FACE_OUTER_BOUND('',#14819,.T.);
#14891=FACE_SURFACE('',(#14855),#14783,.T.);
#14712=DIRECTION('',(0.8191517,0.5735769,0.));
#14748=AXIS2_PLACEMENT_3D('',#14683,#14712,$);
#14784=PLANE('',#14748);
#14820=POLY_LOOP('',(#14683,#14663,#14662));
#14856=FACE_OUTER_BOUND('',#14820,.T.);
#14892=FACE_SURFACE('',(#14856),#14784,.T.);
#14713=DIRECTION('',(0.8191517,0.5735769,0.));
#14749=AXIS2_PLACEMENT_3D('',#14683,#14713,$);
#14785=PLANE('',#14749);
#14821=POLY_LOOP('',(#14683,#14662,#14682));
#14857=FACE_OUTER_BOUND('',#14821,.T.);
#14893=FACE_SURFACE('',(#14857),#14785,.T.);
#14714=DIRECTION('',(0.7071068,0.7071068,0.));
#14750=AXIS2_PLACEMENT_3D('',#14684,#14714,$);
#14786=PLANE('',#14750);
#14822=POLY_LOOP('',(#14684,#14664,#14663));
#14858=FACE_OUTER_BOUND('',#14822,.T.);
#14894=FACE_SURFACE('',(#14858),#14786,.T.);
#14715=DIRECTION('',(0.7071068,0.7071068,0.));
#14751=AXIS2_PLACEMENT_3D('',#14684,#14715,$);
#14787=PLANE('',#14751);
#14823=POLY_LOOP('',(#14684,#14663,#14683));
#14859=FACE_OUTER_BOUND('',#14823,.T.);
#14895=FACE_SURFACE('',(#14859),#14787,.T.);
#14716=DIRECTION('',(0.5735753,0.8191528,0.));
#14752=AXIS2_PLACEMENT_3D('',#14685,#14716,$);
#14788=PLANE('',#14752);
#14824=POLY_LOOP('',(#14685,#14664,#14684));
#14860=FACE_OUTER_BOUND('',#14824,.T.);
#14896=FACE_SURFACE('',(#14860),#14788,.T.);
#14717=DIRECTION('',(0.5735753,0.8191528,0.));
#14753=AXIS2_PLACEMENT_3D('',#14685,#14717,$);
#14789=PLANE('',#14753);
#14825=POLY_LOOP('',(#14685,#14665,#14664));
#14861=FACE_OUTER_BOUND('',#14825,.T.);
#14897=FACE_SURFACE('',(#14861),#14789,.T.);
#14718=DIRECTION('',(0.4226191,0.9063074,0.));
#14754=AXIS2_PLACEMENT_3D('',#14686,#14718,$);
#14790=PLANE('',#14754);
#14826=POLY_LOOP('',(#14686,#14665,#14685));
#14862=FACE_OUTER_BOUND('',#14826,.T.);
#14898=FACE_SURFACE('',(#14862),#14790,.T.);
#14719=DIRECTION('',(0.4226191,0.9063074,0.));
#14755=AXIS2_PLACEMENT_3D('',#14686,#14719,$);
#14791=PLANE('',#14755);
#14827=POLY_LOOP('',(#14686,#14666,#14665));
#14863=FACE_OUTER_BOUND('',#14827,.T.);
#14899=FACE_SURFACE('',(#14863),#14791,.T.);
#14720=DIRECTION('',(0.2588174,0.9659263,0.));
#14756=AXIS2_PLACEMENT_3D('',#14687,#14720,$);
#14792=PLANE('',#14756);
#14828=POLY_LOOP('',(#14687,#14666,#14686));
#14864=FACE_OUTER_BOUND('',#14828,.T.);
#14900=FACE_SURFACE('',(#14864),#14792,.T.);
#14721=DIRECTION('',(0.2588174,0.9659263,0.));
#14757=AXIS2_PLACEMENT_3D('',#14687,#14721,$);
#14793=PLANE('',#14757);
#14829=POLY_LOOP('',(#14687,#14667,#14666));
#14865=FACE_OUTER_BOUND('',#14829,.T.);
#14901=FACE_SURFACE('',(#14865),#14793,.T.);
#14722=DIRECTION('',(0.08715527,0.9961947,0.));
#14758=AXIS2_PLACEMENT_3D('',#14669,#14722,$);
#14794=PLANE('',#14758);
#14830=POLY_LOOP('',(#14669,#14667,#14687));
#14866=FACE_OUTER_BOUND('',#14830,.T.);
#14902=FACE_SURFACE('',(#14866),#14794,.T.);
#14723=DIRECTION('',(0.08715527,0.9961947,0.));
#14759=AXIS2_PLACEMENT_3D('',#14669,#14723,$);
#14795=PLANE('',#14759);
#14831=POLY_LOOP('',(#14669,#14668,#14667));
#14867=FACE_OUTER_BOUND('',#14831,.T.);
#14903=FACE_SURFACE('',(#14867),#14795,.T.);
#14904=CLOSED_SHELL('',(#14868,#14869,#14870,#14871,#14872,#14873,#14874,#14875,#14876,#14877,#14878,#14879,#14880,#14881,#14882,#14883,#14884,#14885,#14886,#14887,#14888,#14889,#14890,#14891,#14892,#14893,#14894,#14895,#14896,#14897,#14898,#14899,#14900,#14901,#14902,#14903));
#14905=FACETED_BREP('',#14904);
#14906=CARTESIAN_POINT('',(0.0015,-0.000506515,0.000025));
#14907=CARTESIAN_POINT('',(0.0012,-0.000506515,0.000025));
#14908=CARTESIAN_POINT('',(0.0015,-0.000506515,0.0001));
#14909=CARTESIAN_POINT('',(0.0012,-0.000506515,0.0001));
#14910=DIRECTION('',(0.,1.,0.));
#14912=AXIS2_PLACEMENT_3D('',#14908,#14910,$);
#14914=PLANE('',#14912);
#14916=POLY_LOOP('',(#14908,#14906,#14907));
#14918=FACE_OUTER_BOUND('',#14916,.T.);
#14920=FACE_SURFACE('',(#14918),#14914,.T.);
#14911=DIRECTION('',(0.,1.,0.));
#14913=AXIS2_PLACEMENT_3D('',#14908,#14911,$);
#14915=PLANE('',#14913);
#14917=POLY_LOOP('',(#14908,#14907,#14909));
#14919=FACE_OUTER_BOUND('',#14917,.T.);
#14921=FACE_SURFACE('',(#14919),#14915,.T.);
#14922=CLOSED_SHELL('',(#14920,#14921));
#14923=FACETED_BREP('',#14922);
#14924=CARTESIAN_POINT('',(0.0015,-0.00075,0.000025));
#14925=CARTESIAN_POINT('',(0.000875,-0.00075,0.000025));
#14926=CARTESIAN_POINT('',(0.000875,-0.00075,0.0001));
#14927=CARTESIAN_POINT('',(0.0015,-0.00075,0.0001));
#14928=DIRECTION('',(0.,-1.,0.));
#14930=AXIS2_PLACEMENT_3D('',#14926,#14928,$);
#14932=PLANE('',#14930);
#14934=POLY_LOOP('',(#14926,#14925,#14924));
#14936=FACE_OUTER_BOUND('',#14934,.T.);
#14938=FACE_SURFACE('',(#14936),#14932,.T.);
#14929=DIRECTION('',(0.,-1.,0.));
#14931=AXIS2_PLACEMENT_3D('',#14926,#14929,$);
#14933=PLANE('',#14931);
#14935=POLY_LOOP('',(#14926,#14924,#14927));
#14937=FACE_OUTER_BOUND('',#14935,.T.);
#14939=FACE_SURFACE('',(#14937),#14933,.T.);
#14940=CLOSED_SHELL('',(#14938,#14939));
#14941=FACETED_BREP('',#14940);
#14942=CARTESIAN_POINT('',(0.000875,-0.00125,0.000025));
#14943=CARTESIAN_POINT('',(0.000875,-0.00075,0.000025));
#14944=CARTESIAN_POINT('',(0.000875,-0.00125,0.0001));
#14945=CARTESIAN_POINT('',(0.000875,-0.00075,0.0001));
#14946=DIRECTION('',(1.,0.,0.));
#14948=AXIS2_PLACEMENT_3D('',#14944,#14946,$);
#14950=PLANE('',#14948);
#14952=POLY_LOOP('',(#14944,#14942,#14943));
#14954=FACE_OUTER_BOUND('',#14952,.T.);
#14956=FACE_SURFACE('',(#14954),#14950,.T.);
#14947=DIRECTION('',(1.,0.,0.));
#14949=AXIS2_PLACEMENT_3D('',#14944,#14947,$);
#14951=PLANE('',#14949);
#14953=POLY_LOOP('',(#14944,#14943,#14945));
#14955=FACE_OUTER_BOUND('',#14953,.T.);
#14957=FACE_SURFACE('',(#14955),#14951,.T.);
#14958=CLOSED_SHELL('',(#14956,#14957));
#14959=FACETED_BREP('',#14958);
#14960=CARTESIAN_POINT('',(-0.001125,0.00125,0.000025));
#14961=CARTESIAN_POINT('',(-0.001125,0.00095,0.000025));
#14962=CARTESIAN_POINT('',(-0.001125,0.00095,0.0001));
#14963=CARTESIAN_POINT('',(-0.001125,0.00125,0.0001));
#14964=DIRECTION('',(1.,0.,0.));
#14966=AXIS2_PLACEMENT_3D('',#14962,#14964,$);
#14968=PLANE('',#14966);
#14970=POLY_LOOP('',(#14962,#14961,#14960));
#14972=FACE_OUTER_BOUND('',#14970,.T.);
#14974=FACE_SURFACE('',(#14972),#14968,.T.);
#14965=DIRECTION('',(1.,0.,0.));
#14967=AXIS2_PLACEMENT_3D('',#14962,#14965,$);
#14969=PLANE('',#14967);
#14971=POLY_LOOP('',(#14962,#14960,#14963));
#14973=FACE_OUTER_BOUND('',#14971,.T.);
#14975=FACE_SURFACE('',(#14973),#14969,.T.);
#14976=CLOSED_SHELL('',(#14974,#14975));
#14977=FACETED_BREP('',#14976);
#14978=CARTESIAN_POINT('',(-0.000925,0.00125,0.000025));
#14979=CARTESIAN_POINT('',(-0.000925,0.0009,0.000025));
#14980=CARTESIAN_POINT('',(-0.000925,0.00125,0.0001));
#14981=CARTESIAN_POINT('',(-0.000925,0.0009,0.0001));
#14982=DIRECTION('',(-1.,0.,0.));
#14984=AXIS2_PLACEMENT_3D('',#14980,#14982,$);
#14986=PLANE('',#14984);
#14988=POLY_LOOP('',(#14980,#14978,#14979));
#14990=FACE_OUTER_BOUND('',#14988,.T.);
#14992=FACE_SURFACE('',(#14990),#14986,.T.);
#14983=DIRECTION('',(-1.,0.,0.));
#14985=AXIS2_PLACEMENT_3D('',#14980,#14983,$);
#14987=PLANE('',#14985);
#14989=POLY_LOOP('',(#14980,#14979,#14981));
#14991=FACE_OUTER_BOUND('',#14989,.T.);
#14993=FACE_SURFACE('',(#14991),#14987,.T.);
#14994=CLOSED_SHELL('',(#14992,#14993));
#14995=FACETED_BREP('',#14994);
#14996=CARTESIAN_POINT('',(-0.001075195,0.00075,0.000025));
#14997=CARTESIAN_POINT('',(-0.000925,0.0009,0.000025));
#14998=CARTESIAN_POINT('',(-0.000925,0.0009,0.0001));
#14999=CARTESIAN_POINT('',(-0.001075195,0.00075,0.0001));
#15000=DIRECTION('',(-0.7066472,0.7075661,0.));
#15002=AXIS2_PLACEMENT_3D('',#14998,#15000,$);
#15004=PLANE('',#15002);
#15006=POLY_LOOP('',(#14998,#14997,#14996));
#15008=FACE_OUTER_BOUND('',#15006,.T.);
#15010=FACE_SURFACE('',(#15008),#15004,.T.);
#15001=DIRECTION('',(-0.7066472,0.7075661,0.));
#15003=AXIS2_PLACEMENT_3D('',#14998,#15001,$);
#15005=PLANE('',#15003);
#15007=POLY_LOOP('',(#14998,#14996,#14999));
#15009=FACE_OUTER_BOUND('',#15007,.T.);
#15011=FACE_SURFACE('',(#15009),#15005,.T.);
#15012=CLOSED_SHELL('',(#15010,#15011));
#15013=FACETED_BREP('',#15012);
#15014=CARTESIAN_POINT('',(-0.0015,0.00075,0.000025));
#15015=CARTESIAN_POINT('',(-0.001075195,0.00075,0.000025));
#15016=CARTESIAN_POINT('',(-0.001075195,0.00075,0.0001));
#15017=CARTESIAN_POINT('',(-0.0015,0.00075,0.0001));
#15018=DIRECTION('',(0.,1.,0.));
#15020=AXIS2_PLACEMENT_3D('',#15016,#15018,$);
#15022=PLANE('',#15020);
#15024=POLY_LOOP('',(#15016,#15015,#15014));
#15026=FACE_OUTER_BOUND('',#15024,.T.);
#15028=FACE_SURFACE('',(#15026),#15022,.T.);
#15019=DIRECTION('',(0.,1.,0.));
#15021=AXIS2_PLACEMENT_3D('',#15016,#15019,$);
#15023=PLANE('',#15021);
#15025=POLY_LOOP('',(#15016,#15014,#15017));
#15027=FACE_OUTER_BOUND('',#15025,.T.);
#15029=FACE_SURFACE('',(#15027),#15023,.T.);
#15030=CLOSED_SHELL('',(#15028,#15029));
#15031=FACETED_BREP('',#15030);
#15032=CARTESIAN_POINT('',(-0.000725,0.00125,0.000025));
#15033=CARTESIAN_POINT('',(-0.000725,0.000931145,0.000025));
#15034=CARTESIAN_POINT('',(-0.000725,0.000931145,0.0001));
#15035=CARTESIAN_POINT('',(-0.000725,0.00125,0.0001));
#15036=DIRECTION('',(1.,0.,0.));
#15038=AXIS2_PLACEMENT_3D('',#15034,#15036,$);
#15040=PLANE('',#15038);
#15042=POLY_LOOP('',(#15034,#15033,#15032));
#15044=FACE_OUTER_BOUND('',#15042,.T.);
#15046=FACE_SURFACE('',(#15044),#15040,.T.);
#15037=DIRECTION('',(1.,0.,0.));
#15039=AXIS2_PLACEMENT_3D('',#15034,#15037,$);
#15041=PLANE('',#15039);
#15043=POLY_LOOP('',(#15034,#15032,#15035));
#15045=FACE_OUTER_BOUND('',#15043,.T.);
#15047=FACE_SURFACE('',(#15045),#15041,.T.);
#15048=CLOSED_SHELL('',(#15046,#15047));
#15049=FACETED_BREP('',#15048);
#15050=CARTESIAN_POINT('',(-0.000725,0.000931145,0.000025));
#15051=CARTESIAN_POINT('',(-0.0007234808,0.0009137802,0.000025));
#15052=CARTESIAN_POINT('',(-0.0007189693,0.000896943,0.000025));
#15053=CARTESIAN_POINT('',(-0.0007116026,0.000881145,0.000025));
#15054=CARTESIAN_POINT('',(-0.0007016045,0.0008668663,0.000025));
#15055=CARTESIAN_POINT('',(-0.0006892788,0.0008545406,0.000025));
#15056=CARTESIAN_POINT('',(-0.000675,0.0008445425,0.000025));
#15057=CARTESIAN_POINT('',(-0.000659202,0.0008371758,0.000025));
#15058=CARTESIAN_POINT('',(-0.0006423648,0.0008326642,0.000025));
#15059=CARTESIAN_POINT('',(-0.000625,0.000831145,0.000025));
#15060=CARTESIAN_POINT('',(-0.0006076352,0.0008326642,0.000025));
#15061=CARTESIAN_POINT('',(-0.000590798,0.0008371758,0.000025));
#15062=CARTESIAN_POINT('',(-0.000575,0.0008445425,0.000025));
#15063=CARTESIAN_POINT('',(-0.0005607213,0.0008545406,0.000025));
#15064=CARTESIAN_POINT('',(-0.0005483956,0.0008668663,0.000025));
#15065=CARTESIAN_POINT('',(-0.0005383975,0.000881145,0.000025));
#15066=CARTESIAN_POINT('',(-0.0005310308,0.000896943,0.000025));
#15067=CARTESIAN_POINT('',(-0.0005265192,0.0009137802,0.000025));
#15068=CARTESIAN_POINT('',(-0.000525,0.000931145,0.000025));
#15069=CARTESIAN_POINT('',(-0.000525,0.000931145,0.0001));
#15070=CARTESIAN_POINT('',(-0.000725,0.000931145,0.0001));
#15071=CARTESIAN_POINT('',(-0.0007234808,0.0009137802,0.0001));
#15072=CARTESIAN_POINT('',(-0.0007189693,0.000896943,0.0001));
#15073=CARTESIAN_POINT('',(-0.0007116026,0.000881145,0.0001));
#15074=CARTESIAN_POINT('',(-0.0007016045,0.0008668663,0.0001));
#15075=CARTESIAN_POINT('',(-0.0006892788,0.0008545406,0.0001));
#15076=CARTESIAN_POINT('',(-0.000675,0.0008445425,0.0001));
#15077=CARTESIAN_POINT('',(-0.000659202,0.0008371758,0.0001));
#15078=CARTESIAN_POINT('',(-0.0006423648,0.0008326642,0.0001));
#15079=CARTESIAN_POINT('',(-0.000625,0.000831145,0.0001));
#15080=CARTESIAN_POINT('',(-0.0006076352,0.0008326642,0.0001));
#15081=CARTESIAN_POINT('',(-0.000590798,0.0008371758,0.0001));
#15082=CARTESIAN_POINT('',(-0.000575,0.0008445425,0.0001));
#15083=CARTESIAN_POINT('',(-0.0005607213,0.0008545406,0.0001));
#15084=CARTESIAN_POINT('',(-0.0005483956,0.0008668663,0.0001));
#15085=CARTESIAN_POINT('',(-0.0005383975,0.000881145,0.0001));
#15086=CARTESIAN_POINT('',(-0.0005310308,0.000896943,0.0001));
#15087=CARTESIAN_POINT('',(-0.0005265192,0.0009137802,0.0001));
#15088=DIRECTION('',(0.9961947,0.08715556,0.));
#15124=AXIS2_PLACEMENT_3D('',#15071,#15088,$);
#15160=PLANE('',#15124);
#15196=POLY_LOOP('',(#15071,#15051,#15050));
#15232=FACE_OUTER_BOUND('',#15196,.T.);
#15268=FACE_SURFACE('',(#15232),#15160,.T.);
#15089=DIRECTION('',(0.9961947,0.08715556,0.));
#15125=AXIS2_PLACEMENT_3D('',#15071,#15089,$);
#15161=PLANE('',#15125);
#15197=POLY_LOOP('',(#15071,#15050,#15070));
#15233=FACE_OUTER_BOUND('',#15197,.T.);
#15269=FACE_SURFACE('',(#15233),#15161,.T.);
#15090=DIRECTION('',(0.965926,0.2588183,0.));
#15126=AXIS2_PLACEMENT_3D('',#15072,#15090,$);
#15162=PLANE('',#15126);
#15198=POLY_LOOP('',(#15072,#15052,#15051));
#15234=FACE_OUTER_BOUND('',#15198,.T.);
#15270=FACE_SURFACE('',(#15234),#15162,.T.);
#15091=DIRECTION('',(0.965926,0.2588183,0.));
#15127=AXIS2_PLACEMENT_3D('',#15072,#15091,$);
#15163=PLANE('',#15127);
#15199=POLY_LOOP('',(#15072,#15051,#15071));
#15235=FACE_OUTER_BOUND('',#15199,.T.);
#15271=FACE_SURFACE('',(#15235),#15163,.T.);
#15092=DIRECTION('',(0.906308,0.4226178,0.));
#15128=AXIS2_PLACEMENT_3D('',#15073,#15092,$);
#15164=PLANE('',#15128);
#15200=POLY_LOOP('',(#15073,#15053,#15052));
#15236=FACE_OUTER_BOUND('',#15200,.T.);
#15272=FACE_SURFACE('',(#15236),#15164,.T.);
#15093=DIRECTION('',(0.906308,0.4226178,0.));
#15129=AXIS2_PLACEMENT_3D('',#15073,#15093,$);
#15165=PLANE('',#15129);
#15201=POLY_LOOP('',(#15073,#15052,#15072));
#15237=FACE_OUTER_BOUND('',#15201,.T.);
#15273=FACE_SURFACE('',(#15237),#15165,.T.);
#15094=DIRECTION('',(0.8191517,0.5735769,0.));
#15130=AXIS2_PLACEMENT_3D('',#15074,#15094,$);
#15166=PLANE('',#15130);
#15202=POLY_LOOP('',(#15074,#15054,#15053));
#15238=FACE_OUTER_BOUND('',#15202,.T.);
#15274=FACE_SURFACE('',(#15238),#15166,.T.);
#15095=DIRECTION('',(0.8191517,0.5735769,0.));
#15131=AXIS2_PLACEMENT_3D('',#15074,#15095,$);
#15167=PLANE('',#15131);
#15203=POLY_LOOP('',(#15074,#15053,#15073));
#15239=FACE_OUTER_BOUND('',#15203,.T.);
#15275=FACE_SURFACE('',(#15239),#15167,.T.);
#15096=DIRECTION('',(0.7071068,0.7071068,0.));
#15132=AXIS2_PLACEMENT_3D('',#15075,#15096,$);
#15168=PLANE('',#15132);
#15204=POLY_LOOP('',(#15075,#15055,#15054));
#15240=FACE_OUTER_BOUND('',#15204,.T.);
#15276=FACE_SURFACE('',(#15240),#15168,.T.);
#15097=DIRECTION('',(0.7071068,0.7071068,0.));
#15133=AXIS2_PLACEMENT_3D('',#15075,#15097,$);
#15169=PLANE('',#15133);
#15205=POLY_LOOP('',(#15075,#15054,#15074));
#15241=FACE_OUTER_BOUND('',#15205,.T.);
#15277=FACE_SURFACE('',(#15241),#15169,.T.);
#15098=DIRECTION('',(0.5735769,0.8191517,0.));
#15134=AXIS2_PLACEMENT_3D('',#15076,#15098,$);
#15170=PLANE('',#15134);
#15206=POLY_LOOP('',(#15076,#15056,#15055));
#15242=FACE_OUTER_BOUND('',#15206,.T.);
#15278=FACE_SURFACE('',(#15242),#15170,.T.);
#15099=DIRECTION('',(0.5735769,0.8191517,0.));
#15135=AXIS2_PLACEMENT_3D('',#15076,#15099,$);
#15171=PLANE('',#15135);
#15207=POLY_LOOP('',(#15076,#15055,#15075));
#15243=FACE_OUTER_BOUND('',#15207,.T.);
#15279=FACE_SURFACE('',(#15243),#15171,.T.);
#15100=DIRECTION('',(0.4226165,0.9063086,0.));
#15136=AXIS2_PLACEMENT_3D('',#15077,#15100,$);
#15172=PLANE('',#15136);
#15208=POLY_LOOP('',(#15077,#15057,#15056));
#15244=FACE_OUTER_BOUND('',#15208,.T.);
#15280=FACE_SURFACE('',(#15244),#15172,.T.);
#15101=DIRECTION('',(0.4226165,0.9063086,0.));
#15137=AXIS2_PLACEMENT_3D('',#15077,#15101,$);
#15173=PLANE('',#15137);
#15209=POLY_LOOP('',(#15077,#15056,#15076));
#15245=FACE_OUTER_BOUND('',#15209,.T.);
#15281=FACE_SURFACE('',(#15245),#15173,.T.);
#15102=DIRECTION('',(0.2588222,0.965925,0.));
#15138=AXIS2_PLACEMENT_3D('',#15078,#15102,$);
#15174=PLANE('',#15138);
#15210=POLY_LOOP('',(#15078,#15058,#15057));
#15246=FACE_OUTER_BOUND('',#15210,.T.);
#15282=FACE_SURFACE('',(#15246),#15174,.T.);
#15103=DIRECTION('',(0.2588222,0.965925,0.));
#15139=AXIS2_PLACEMENT_3D('',#15078,#15103,$);
#15175=PLANE('',#15139);
#15211=POLY_LOOP('',(#15078,#15057,#15077));
#15247=FACE_OUTER_BOUND('',#15211,.T.);
#15283=FACE_SURFACE('',(#15247),#15175,.T.);
#15104=DIRECTION('',(0.08715527,0.9961947,0.));
#15140=AXIS2_PLACEMENT_3D('',#15079,#15104,$);
#15176=PLANE('',#15140);
#15212=POLY_LOOP('',(#15079,#15059,#15058));
#15248=FACE_OUTER_BOUND('',#15212,.T.);
#15284=FACE_SURFACE('',(#15248),#15176,.T.);
#15105=DIRECTION('',(0.08715527,0.9961947,0.));
#15141=AXIS2_PLACEMENT_3D('',#15079,#15105,$);
#15177=PLANE('',#15141);
#15213=POLY_LOOP('',(#15079,#15058,#15078));
#15249=FACE_OUTER_BOUND('',#15213,.T.);
#15285=FACE_SURFACE('',(#15249),#15177,.T.);
#15106=DIRECTION('',(-0.08715556,0.9961947,0.));
#15142=AXIS2_PLACEMENT_3D('',#15080,#15106,$);
#15178=PLANE('',#15142);
#15214=POLY_LOOP('',(#15080,#15060,#15059));
#15250=FACE_OUTER_BOUND('',#15214,.T.);
#15286=FACE_SURFACE('',(#15250),#15178,.T.);
#15107=DIRECTION('',(-0.08715556,0.9961947,0.));
#15143=AXIS2_PLACEMENT_3D('',#15080,#15107,$);
#15179=PLANE('',#15143);
#15215=POLY_LOOP('',(#15080,#15059,#15079));
#15251=FACE_OUTER_BOUND('',#15215,.T.);
#15287=FACE_SURFACE('',(#15251),#15179,.T.);
#15108=DIRECTION('',(-0.2588214,0.9659252,0.));
#15144=AXIS2_PLACEMENT_3D('',#15081,#15108,$);
#15180=PLANE('',#15144);
#15216=POLY_LOOP('',(#15081,#15061,#15060));
#15252=FACE_OUTER_BOUND('',#15216,.T.);
#15288=FACE_SURFACE('',(#15252),#15180,.T.);
#15109=DIRECTION('',(-0.2588214,0.9659252,0.));
#15145=AXIS2_PLACEMENT_3D('',#15081,#15109,$);
#15181=PLANE('',#15145);
#15217=POLY_LOOP('',(#15081,#15060,#15080));
#15253=FACE_OUTER_BOUND('',#15217,.T.);
#15289=FACE_SURFACE('',(#15253),#15181,.T.);
#15110=DIRECTION('',(-0.4226178,0.906308,0.));
#15146=AXIS2_PLACEMENT_3D('',#15082,#15110,$);
#15182=PLANE('',#15146);
#15218=POLY_LOOP('',(#15082,#15062,#15061));
#15254=FACE_OUTER_BOUND('',#15218,.T.);
#15290=FACE_SURFACE('',(#15254),#15182,.T.);
#15111=DIRECTION('',(-0.4226178,0.906308,0.));
#15147=AXIS2_PLACEMENT_3D('',#15082,#15111,$);
#15183=PLANE('',#15147);
#15219=POLY_LOOP('',(#15082,#15061,#15081));
#15255=FACE_OUTER_BOUND('',#15219,.T.);
#15291=FACE_SURFACE('',(#15255),#15183,.T.);
#15112=DIRECTION('',(-0.5735769,0.8191517,0.));
#15148=AXIS2_PLACEMENT_3D('',#15083,#15112,$);
#15184=PLANE('',#15148);
#15220=POLY_LOOP('',(#15083,#15063,#15062));
#15256=FACE_OUTER_BOUND('',#15220,.T.);
#15292=FACE_SURFACE('',(#15256),#15184,.T.);
#15113=DIRECTION('',(-0.5735769,0.8191517,0.));
#15149=AXIS2_PLACEMENT_3D('',#15083,#15113,$);
#15185=PLANE('',#15149);
#15221=POLY_LOOP('',(#15083,#15062,#15082));
#15257=FACE_OUTER_BOUND('',#15221,.T.);
#15293=FACE_SURFACE('',(#15257),#15185,.T.);
#15114=DIRECTION('',(-0.7071068,0.7071068,0.));
#15150=AXIS2_PLACEMENT_3D('',#15084,#15114,$);
#15186=PLANE('',#15150);
#15222=POLY_LOOP('',(#15084,#15064,#15063));
#15258=FACE_OUTER_BOUND('',#15222,.T.);
#15294=FACE_SURFACE('',(#15258),#15186,.T.);
#15115=DIRECTION('',(-0.7071068,0.7071068,0.));
#15151=AXIS2_PLACEMENT_3D('',#15084,#15115,$);
#15187=PLANE('',#15151);
#15223=POLY_LOOP('',(#15084,#15063,#15083));
#15259=FACE_OUTER_BOUND('',#15223,.T.);
#15295=FACE_SURFACE('',(#15259),#15187,.T.);
#15116=DIRECTION('',(-0.8191517,0.5735769,0.));
#15152=AXIS2_PLACEMENT_3D('',#15085,#15116,$);
#15188=PLANE('',#15152);
#15224=POLY_LOOP('',(#15085,#15064,#15084));
#15260=FACE_OUTER_BOUND('',#15224,.T.);
#15296=FACE_SURFACE('',(#15260),#15188,.T.);
#15117=DIRECTION('',(-0.8191517,0.5735769,0.));
#15153=AXIS2_PLACEMENT_3D('',#15085,#15117,$);
#15189=PLANE('',#15153);
#15225=POLY_LOOP('',(#15085,#15065,#15064));
#15261=FACE_OUTER_BOUND('',#15225,.T.);
#15297=FACE_SURFACE('',(#15261),#15189,.T.);
#15118=DIRECTION('',(-0.906308,0.4226178,0.));
#15154=AXIS2_PLACEMENT_3D('',#15086,#15118,$);
#15190=PLANE('',#15154);
#15226=POLY_LOOP('',(#15086,#15065,#15085));
#15262=FACE_OUTER_BOUND('',#15226,.T.);
#15298=FACE_SURFACE('',(#15262),#15190,.T.);
#15119=DIRECTION('',(-0.906308,0.4226178,0.));
#15155=AXIS2_PLACEMENT_3D('',#15086,#15119,$);
#15191=PLANE('',#15155);
#15227=POLY_LOOP('',(#15086,#15066,#15065));
#15263=FACE_OUTER_BOUND('',#15227,.T.);
#15299=FACE_SURFACE('',(#15263),#15191,.T.);
#15120=DIRECTION('',(-0.9659252,0.2588214,0.));
#15156=AXIS2_PLACEMENT_3D('',#15087,#15120,$);
#15192=PLANE('',#15156);
#15228=POLY_LOOP('',(#15087,#15066,#15086));
#15264=FACE_OUTER_BOUND('',#15228,.T.);
#15300=FACE_SURFACE('',(#15264),#15192,.T.);
#15121=DIRECTION('',(-0.9659252,0.2588214,0.));
#15157=AXIS2_PLACEMENT_3D('',#15087,#15121,$);
#15193=PLANE('',#15157);
#15229=POLY_LOOP('',(#15087,#15067,#15066));
#15265=FACE_OUTER_BOUND('',#15229,.T.);
#15301=FACE_SURFACE('',(#15265),#15193,.T.);
#15122=DIRECTION('',(-0.9961947,0.08715556,0.));
#15158=AXIS2_PLACEMENT_3D('',#15069,#15122,$);
#15194=PLANE('',#15158);
#15230=POLY_LOOP('',(#15069,#15067,#15087));
#15266=FACE_OUTER_BOUND('',#15230,.T.);
#15302=FACE_SURFACE('',(#15266),#15194,.T.);
#15123=DIRECTION('',(-0.9961947,0.08715556,0.));
#15159=AXIS2_PLACEMENT_3D('',#15069,#15123,$);
#15195=PLANE('',#15159);
#15231=POLY_LOOP('',(#15069,#15068,#15067));
#15267=FACE_OUTER_BOUND('',#15231,.T.);
#15303=FACE_SURFACE('',(#15267),#15195,.T.);
#15304=CLOSED_SHELL('',(#15268,#15269,#15270,#15271,#15272,#15273,#15274,#15275,#15276,#15277,#15278,#15279,#15280,#15281,#15282,#15283,#15284,#15285,#15286,#15287,#15288,#15289,#15290,#15291,#15292,#15293,#15294,#15295,#15296,#15297,#15298,#15299,#15300,#15301,#15302,#15303));
#15305=FACETED_BREP('',#15304);
#15306=CARTESIAN_POINT('',(-0.000525,0.00125,0.000025));
#15307=CARTESIAN_POINT('',(-0.000525,0.000931145,0.000025));
#15308=CARTESIAN_POINT('',(-0.000525,0.00125,0.0001));
#15309=CARTESIAN_POINT('',(-0.000525,0.000931145,0.0001));
#15310=DIRECTION('',(-1.,0.,0.));
#15312=AXIS2_PLACEMENT_3D('',#15308,#15310,$);
#15314=PLANE('',#15312);
#15316=POLY_LOOP('',(#15308,#15306,#15307));
#15318=FACE_OUTER_BOUND('',#15316,.T.);
#15320=FACE_SURFACE('',(#15318),#15314,.T.);
#15311=DIRECTION('',(-1.,0.,0.));
#15313=AXIS2_PLACEMENT_3D('',#15308,#15311,$);
#15315=PLANE('',#15313);
#15317=POLY_LOOP('',(#15308,#15307,#15309));
#15319=FACE_OUTER_BOUND('',#15317,.T.);
#15321=FACE_SURFACE('',(#15319),#15315,.T.);
#15322=CLOSED_SHELL('',(#15320,#15321));
#15323=FACETED_BREP('',#15322);
#15324=CARTESIAN_POINT('',(-0.000325,0.00125,0.000025));
#15325=CARTESIAN_POINT('',(-0.000325,0.00055,0.000025));
#15326=CARTESIAN_POINT('',(-0.000325,0.00055,0.0001));
#15327=CARTESIAN_POINT('',(-0.000325,0.00125,0.0001));
#15328=DIRECTION('',(1.,0.,0.));
#15330=AXIS2_PLACEMENT_3D('',#15326,#15328,$);
#15332=PLANE('',#15330);
#15334=POLY_LOOP('',(#15326,#15325,#15324));
#15336=FACE_OUTER_BOUND('',#15334,.T.);
#15338=FACE_SURFACE('',(#15336),#15332,.T.);
#15329=DIRECTION('',(1.,0.,0.));
#15331=AXIS2_PLACEMENT_3D('',#15326,#15329,$);
#15333=PLANE('',#15331);
#15335=POLY_LOOP('',(#15326,#15324,#15327));
#15337=FACE_OUTER_BOUND('',#15335,.T.);
#15339=FACE_SURFACE('',(#15337),#15333,.T.);
#15340=CLOSED_SHELL('',(#15338,#15339));
#15341=FACETED_BREP('',#15340);
#15342=CARTESIAN_POINT('',(-0.000325,0.00055,0.000025));
#15343=CARTESIAN_POINT('',(-0.0003234808,0.0005326352,0.000025));
#15344=CARTESIAN_POINT('',(-0.0003189693,0.000515798,0.000025));
#15345=CARTESIAN_POINT('',(-0.0003116025,0.0005,0.000025));
#15346=CARTESIAN_POINT('',(-0.0003016045,0.0004857212,0.000025));
#15347=CARTESIAN_POINT('',(-0.0002892788,0.0004733955,0.000025));
#15348=CARTESIAN_POINT('',(-0.000275,0.0004633974,0.000025));
#15349=CARTESIAN_POINT('',(-0.000259202,0.0004560307,0.000025));
#15350=CARTESIAN_POINT('',(-0.0002423648,0.0004515192,0.000025));
#15351=CARTESIAN_POINT('',(-0.000225,0.00045,0.000025));
#15352=CARTESIAN_POINT('',(-0.0002076352,0.0004515192,0.000025));
#15353=CARTESIAN_POINT('',(-0.000190798,0.0004560307,0.000025));
#15354=CARTESIAN_POINT('',(-0.000175,0.0004633974,0.000025));
#15355=CARTESIAN_POINT('',(-0.0001607212,0.0004733955,0.000025));
#15356=CARTESIAN_POINT('',(-0.0001483956,0.0004857212,0.000025));
#15357=CARTESIAN_POINT('',(-0.0001383975,0.0005,0.000025));
#15358=CARTESIAN_POINT('',(-0.0001310307,0.000515798,0.000025));
#15359=CARTESIAN_POINT('',(-0.0001265192,0.0005326352,0.000025));
#15360=CARTESIAN_POINT('',(-0.000125,0.00055,0.000025));
#15361=CARTESIAN_POINT('',(-0.000125,0.00055,0.0001));
#15362=CARTESIAN_POINT('',(-0.000325,0.00055,0.0001));
#15363=CARTESIAN_POINT('',(-0.0003234808,0.0005326352,0.0001));
#15364=CARTESIAN_POINT('',(-0.0003189693,0.000515798,0.0001));
#15365=CARTESIAN_POINT('',(-0.0003116025,0.0005,0.0001));
#15366=CARTESIAN_POINT('',(-0.0003016045,0.0004857212,0.0001));
#15367=CARTESIAN_POINT('',(-0.0002892788,0.0004733955,0.0001));
#15368=CARTESIAN_POINT('',(-0.000275,0.0004633974,0.0001));
#15369=CARTESIAN_POINT('',(-0.000259202,0.0004560307,0.0001));
#15370=CARTESIAN_POINT('',(-0.0002423648,0.0004515192,0.0001));
#15371=CARTESIAN_POINT('',(-0.000225,0.00045,0.0001));
#15372=CARTESIAN_POINT('',(-0.0002076352,0.0004515192,0.0001));
#15373=CARTESIAN_POINT('',(-0.000190798,0.0004560307,0.0001));
#15374=CARTESIAN_POINT('',(-0.000175,0.0004633974,0.0001));
#15375=CARTESIAN_POINT('',(-0.0001607212,0.0004733955,0.0001));
#15376=CARTESIAN_POINT('',(-0.0001483956,0.0004857212,0.0001));
#15377=CARTESIAN_POINT('',(-0.0001383975,0.0005,0.0001));
#15378=CARTESIAN_POINT('',(-0.0001310307,0.000515798,0.0001));
#15379=CARTESIAN_POINT('',(-0.0001265192,0.0005326352,0.0001));
#15380=DIRECTION('',(0.9961947,0.08715556,0.));
#15416=AXIS2_PLACEMENT_3D('',#15363,#15380,$);
#15452=PLANE('',#15416);
#15488=POLY_LOOP('',(#15363,#15343,#15342));
#15524=FACE_OUTER_BOUND('',#15488,.T.);
#15560=FACE_SURFACE('',(#15524),#15452,.T.);
#15381=DIRECTION('',(0.9961947,0.08715556,0.));
#15417=AXIS2_PLACEMENT_3D('',#15363,#15381,$);
#15453=PLANE('',#15417);
#15489=POLY_LOOP('',(#15363,#15342,#15362));
#15525=FACE_OUTER_BOUND('',#15489,.T.);
#15561=FACE_SURFACE('',(#15525),#15453,.T.);
#15382=DIRECTION('',(0.9659256,0.2588198,0.));
#15418=AXIS2_PLACEMENT_3D('',#15364,#15382,$);
#15454=PLANE('',#15418);
#15490=POLY_LOOP('',(#15364,#15344,#15343));
#15526=FACE_OUTER_BOUND('',#15490,.T.);
#15562=FACE_SURFACE('',(#15526),#15454,.T.);
#15383=DIRECTION('',(0.9659256,0.2588198,0.));
#15419=AXIS2_PLACEMENT_3D('',#15364,#15383,$);
#15455=PLANE('',#15419);
#15491=POLY_LOOP('',(#15364,#15343,#15363));
#15527=FACE_OUTER_BOUND('',#15491,.T.);
#15563=FACE_SURFACE('',(#15527),#15455,.T.);
#15384=DIRECTION('',(0.906308,0.4226178,0.));
#15420=AXIS2_PLACEMENT_3D('',#15365,#15384,$);
#15456=PLANE('',#15420);
#15492=POLY_LOOP('',(#15365,#15345,#15344));
#15528=FACE_OUTER_BOUND('',#15492,.T.);
#15564=FACE_SURFACE('',(#15528),#15456,.T.);
#15385=DIRECTION('',(0.906308,0.4226178,0.));
#15421=AXIS2_PLACEMENT_3D('',#15365,#15385,$);
#15457=PLANE('',#15421);
#15493=POLY_LOOP('',(#15365,#15344,#15364));
#15529=FACE_OUTER_BOUND('',#15493,.T.);
#15565=FACE_SURFACE('',(#15529),#15457,.T.);
#15386=DIRECTION('',(0.8191523,0.5735761,0.));
#15422=AXIS2_PLACEMENT_3D('',#15366,#15386,$);
#15458=PLANE('',#15422);
#15494=POLY_LOOP('',(#15366,#15346,#15345));
#15530=FACE_OUTER_BOUND('',#15494,.T.);
#15566=FACE_SURFACE('',(#15530),#15458,.T.);
#15387=DIRECTION('',(0.8191523,0.5735761,0.));
#15423=AXIS2_PLACEMENT_3D('',#15366,#15387,$);
#15459=PLANE('',#15423);
#15495=POLY_LOOP('',(#15366,#15345,#15365));
#15531=FACE_OUTER_BOUND('',#15495,.T.);
#15567=FACE_SURFACE('',(#15531),#15459,.T.);
#15388=DIRECTION('',(0.7071076,0.7071059,0.));
#15424=AXIS2_PLACEMENT_3D('',#15367,#15388,$);
#15460=PLANE('',#15424);
#15496=POLY_LOOP('',(#15367,#15347,#15346));
#15532=FACE_OUTER_BOUND('',#15496,.T.);
#15568=FACE_SURFACE('',(#15532),#15460,.T.);
#15389=DIRECTION('',(0.7071076,0.7071059,0.));
#15425=AXIS2_PLACEMENT_3D('',#15367,#15389,$);
#15461=PLANE('',#15425);
#15497=POLY_LOOP('',(#15367,#15346,#15366));
#15533=FACE_OUTER_BOUND('',#15497,.T.);
#15569=FACE_SURFACE('',(#15533),#15461,.T.);
#15390=DIRECTION('',(0.5735761,0.8191523,0.));
#15426=AXIS2_PLACEMENT_3D('',#15368,#15390,$);
#15462=PLANE('',#15426);
#15498=POLY_LOOP('',(#15368,#15348,#15347));
#15534=FACE_OUTER_BOUND('',#15498,.T.);
#15570=FACE_SURFACE('',(#15534),#15462,.T.);
#15391=DIRECTION('',(0.5735761,0.8191523,0.));
#15427=AXIS2_PLACEMENT_3D('',#15368,#15391,$);
#15463=PLANE('',#15427);
#15499=POLY_LOOP('',(#15368,#15347,#15367));
#15535=FACE_OUTER_BOUND('',#15499,.T.);
#15571=FACE_SURFACE('',(#15535),#15463,.T.);
#15392=DIRECTION('',(0.4226172,0.9063083,0.));
#15428=AXIS2_PLACEMENT_3D('',#15369,#15392,$);
#15464=PLANE('',#15428);
#15500=POLY_LOOP('',(#15369,#15349,#15348));
#15536=FACE_OUTER_BOUND('',#15500,.T.);
#15572=FACE_SURFACE('',(#15536),#15464,.T.);
#15393=DIRECTION('',(0.4226172,0.9063083,0.));
#15429=AXIS2_PLACEMENT_3D('',#15369,#15393,$);
#15465=PLANE('',#15429);
#15501=POLY_LOOP('',(#15369,#15348,#15368));
#15537=FACE_OUTER_BOUND('',#15501,.T.);
#15573=FACE_SURFACE('',(#15537),#15465,.T.);
#15394=DIRECTION('',(0.25882,0.9659256,0.));
#15430=AXIS2_PLACEMENT_3D('',#15370,#15394,$);
#15466=PLANE('',#15430);
#15502=POLY_LOOP('',(#15370,#15350,#15349));
#15538=FACE_OUTER_BOUND('',#15502,.T.);
#15574=FACE_SURFACE('',(#15538),#15466,.T.);
#15395=DIRECTION('',(0.25882,0.9659256,0.));
#15431=AXIS2_PLACEMENT_3D('',#15370,#15395,$);
#15467=PLANE('',#15431);
#15503=POLY_LOOP('',(#15370,#15349,#15369));
#15539=FACE_OUTER_BOUND('',#15503,.T.);
#15575=FACE_SURFACE('',(#15539),#15467,.T.);
#15396=DIRECTION('',(0.08715549,0.9961947,0.));
#15432=AXIS2_PLACEMENT_3D('',#15371,#15396,$);
#15468=PLANE('',#15432);
#15504=POLY_LOOP('',(#15371,#15351,#15350));
#15540=FACE_OUTER_BOUND('',#15504,.T.);
#15576=FACE_SURFACE('',(#15540),#15468,.T.);
#15397=DIRECTION('',(0.08715549,0.9961947,0.));
#15433=AXIS2_PLACEMENT_3D('',#15371,#15397,$);
#15469=PLANE('',#15433);
#15505=POLY_LOOP('',(#15371,#15350,#15370));
#15541=FACE_OUTER_BOUND('',#15505,.T.);
#15577=FACE_SURFACE('',(#15541),#15469,.T.);
#15398=DIRECTION('',(-0.08715549,0.9961947,0.));
#15434=AXIS2_PLACEMENT_3D('',#15372,#15398,$);
#15470=PLANE('',#15434);
#15506=POLY_LOOP('',(#15372,#15352,#15351));
#15542=FACE_OUTER_BOUND('',#15506,.T.);
#15578=FACE_SURFACE('',(#15542),#15470,.T.);
#15399=DIRECTION('',(-0.08715549,0.9961947,0.));
#15435=AXIS2_PLACEMENT_3D('',#15372,#15399,$);
#15471=PLANE('',#15435);
#15507=POLY_LOOP('',(#15372,#15351,#15371));
#15543=FACE_OUTER_BOUND('',#15507,.T.);
#15579=FACE_SURFACE('',(#15543),#15471,.T.);
#15400=DIRECTION('',(-0.25882,0.9659256,0.));
#15436=AXIS2_PLACEMENT_3D('',#15373,#15400,$);
#15472=PLANE('',#15436);
#15508=POLY_LOOP('',(#15373,#15353,#15352));
#15544=FACE_OUTER_BOUND('',#15508,.T.);
#15580=FACE_SURFACE('',(#15544),#15472,.T.);
#15401=DIRECTION('',(-0.25882,0.9659256,0.));
#15437=AXIS2_PLACEMENT_3D('',#15373,#15401,$);
#15473=PLANE('',#15437);
#15509=POLY_LOOP('',(#15373,#15352,#15372));
#15545=FACE_OUTER_BOUND('',#15509,.T.);
#15581=FACE_SURFACE('',(#15545),#15473,.T.);
#15402=DIRECTION('',(-0.4226172,0.9063083,0.));
#15438=AXIS2_PLACEMENT_3D('',#15374,#15402,$);
#15474=PLANE('',#15438);
#15510=POLY_LOOP('',(#15374,#15354,#15353));
#15546=FACE_OUTER_BOUND('',#15510,.T.);
#15582=FACE_SURFACE('',(#15546),#15474,.T.);
#15403=DIRECTION('',(-0.4226172,0.9063083,0.));
#15439=AXIS2_PLACEMENT_3D('',#15374,#15403,$);
#15475=PLANE('',#15439);
#15511=POLY_LOOP('',(#15374,#15353,#15373));
#15547=FACE_OUTER_BOUND('',#15511,.T.);
#15583=FACE_SURFACE('',(#15547),#15475,.T.);
#15404=DIRECTION('',(-0.5735765,0.819152,0.));
#15440=AXIS2_PLACEMENT_3D('',#15375,#15404,$);
#15476=PLANE('',#15440);
#15512=POLY_LOOP('',(#15375,#15355,#15354));
#15548=FACE_OUTER_BOUND('',#15512,.T.);
#15584=FACE_SURFACE('',(#15548),#15476,.T.);
#15405=DIRECTION('',(-0.5735765,0.819152,0.));
#15441=AXIS2_PLACEMENT_3D('',#15375,#15405,$);
#15477=PLANE('',#15441);
#15513=POLY_LOOP('',(#15375,#15354,#15374));
#15549=FACE_OUTER_BOUND('',#15513,.T.);
#15585=FACE_SURFACE('',(#15549),#15477,.T.);
#15406=DIRECTION('',(-0.7071076,0.7071059,0.));
#15442=AXIS2_PLACEMENT_3D('',#15376,#15406,$);
#15478=PLANE('',#15442);
#15514=POLY_LOOP('',(#15376,#15356,#15355));
#15550=FACE_OUTER_BOUND('',#15514,.T.);
#15586=FACE_SURFACE('',(#15550),#15478,.T.);
#15407=DIRECTION('',(-0.7071076,0.7071059,0.));
#15443=AXIS2_PLACEMENT_3D('',#15376,#15407,$);
#15479=PLANE('',#15443);
#15515=POLY_LOOP('',(#15376,#15355,#15375));
#15551=FACE_OUTER_BOUND('',#15515,.T.);
#15587=FACE_SURFACE('',(#15551),#15479,.T.);
#15408=DIRECTION('',(-0.8191523,0.5735761,0.));
#15444=AXIS2_PLACEMENT_3D('',#15377,#15408,$);
#15480=PLANE('',#15444);
#15516=POLY_LOOP('',(#15377,#15356,#15376));
#15552=FACE_OUTER_BOUND('',#15516,.T.);
#15588=FACE_SURFACE('',(#15552),#15480,.T.);
#15409=DIRECTION('',(-0.8191523,0.5735761,0.));
#15445=AXIS2_PLACEMENT_3D('',#15377,#15409,$);
#15481=PLANE('',#15445);
#15517=POLY_LOOP('',(#15377,#15357,#15356));
#15553=FACE_OUTER_BOUND('',#15517,.T.);
#15589=FACE_SURFACE('',(#15553),#15481,.T.);
#15410=DIRECTION('',(-0.9063077,0.4226185,0.));
#15446=AXIS2_PLACEMENT_3D('',#15378,#15410,$);
#15482=PLANE('',#15446);
#15518=POLY_LOOP('',(#15378,#15357,#15377));
#15554=FACE_OUTER_BOUND('',#15518,.T.);
#15590=FACE_SURFACE('',(#15554),#15482,.T.);
#15411=DIRECTION('',(-0.9063077,0.4226185,0.));
#15447=AXIS2_PLACEMENT_3D('',#15378,#15411,$);
#15483=PLANE('',#15447);
#15519=POLY_LOOP('',(#15378,#15358,#15357));
#15555=FACE_OUTER_BOUND('',#15519,.T.);
#15591=FACE_SURFACE('',(#15555),#15483,.T.);
#15412=DIRECTION('',(-0.9659258,0.258819,0.));
#15448=AXIS2_PLACEMENT_3D('',#15379,#15412,$);
#15484=PLANE('',#15448);
#15520=POLY_LOOP('',(#15379,#15358,#15378));
#15556=FACE_OUTER_BOUND('',#15520,.T.);
#15592=FACE_SURFACE('',(#15556),#15484,.T.);
#15413=DIRECTION('',(-0.9659258,0.258819,0.));
#15449=AXIS2_PLACEMENT_3D('',#15379,#15413,$);
#15485=PLANE('',#15449);
#15521=POLY_LOOP('',(#15379,#15359,#15358));
#15557=FACE_OUTER_BOUND('',#15521,.T.);
#15593=FACE_SURFACE('',(#15557),#15485,.T.);
#15414=DIRECTION('',(-0.9961947,0.08715556,0.));
#15450=AXIS2_PLACEMENT_3D('',#15361,#15414,$);
#15486=PLANE('',#15450);
#15522=POLY_LOOP('',(#15361,#15359,#15379));
#15558=FACE_OUTER_BOUND('',#15522,.T.);
#15594=FACE_SURFACE('',(#15558),#15486,.T.);
#15415=DIRECTION('',(-0.9961947,0.08715556,0.));
#15451=AXIS2_PLACEMENT_3D('',#15361,#15415,$);
#15487=PLANE('',#15451);
#15523=POLY_LOOP('',(#15361,#15360,#15359));
#15559=FACE_OUTER_BOUND('',#15523,.T.);
#15595=FACE_SURFACE('',(#15559),#15487,.T.);
#15596=CLOSED_SHELL('',(#15560,#15561,#15562,#15563,#15564,#15565,#15566,#15567,#15568,#15569,#15570,#15571,#15572,#15573,#15574,#15575,#15576,#15577,#15578,#15579,#15580,#15581,#15582,#15583,#15584,#15585,#15586,#15587,#15588,#15589,#15590,#15591,#15592,#15593,#15594,#15595));
#15597=FACETED_BREP('',#15596);
#15598=CARTESIAN_POINT('',(-0.000125,0.00125,0.000025));
#15599=CARTESIAN_POINT('',(-0.000125,0.00055,0.000025));
#15600=CARTESIAN_POINT('',(-0.000125,0.00125,0.0001));
#15601=CARTESIAN_POINT('',(-0.000125,0.00055,0.0001));
#15602=DIRECTION('',(-1.,0.,0.));
#15604=AXIS2_PLACEMENT_3D('',#15600,#15602,$);
#15606=PLANE('',#15604);
#15608=POLY_LOOP('',(#15600,#15598,#15599));
#15610=FACE_OUTER_BOUND('',#15608,.T.);
#15612=FACE_SURFACE('',(#15610),#15606,.T.);
#15603=DIRECTION('',(-1.,0.,0.));
#15605=AXIS2_PLACEMENT_3D('',#15600,#15603,$);
#15607=PLANE('',#15605);
#15609=POLY_LOOP('',(#15600,#15599,#15601));
#15611=FACE_OUTER_BOUND('',#15609,.T.);
#15613=FACE_SURFACE('',(#15611),#15607,.T.);
#15614=CLOSED_SHELL('',(#15612,#15613));
#15615=FACETED_BREP('',#15614);
#15616=CARTESIAN_POINT('',(0.000075,0.00125,0.000025));
#15617=CARTESIAN_POINT('',(0.000075,0.00055,0.000025));
#15618=CARTESIAN_POINT('',(0.000075,0.00055,0.0001));
#15619=CARTESIAN_POINT('',(0.000075,0.00125,0.0001));
#15620=DIRECTION('',(1.,0.,0.));
#15622=AXIS2_PLACEMENT_3D('',#15618,#15620,$);
#15624=PLANE('',#15622);
#15626=POLY_LOOP('',(#15618,#15617,#15616));
#15628=FACE_OUTER_BOUND('',#15626,.T.);
#15630=FACE_SURFACE('',(#15628),#15624,.T.);
#15621=DIRECTION('',(1.,0.,0.));
#15623=AXIS2_PLACEMENT_3D('',#15618,#15621,$);
#15625=PLANE('',#15623);
#15627=POLY_LOOP('',(#15618,#15616,#15619));
#15629=FACE_OUTER_BOUND('',#15627,.T.);
#15631=FACE_SURFACE('',(#15629),#15625,.T.);
#15632=CLOSED_SHELL('',(#15630,#15631));
#15633=FACETED_BREP('',#15632);
#15634=CARTESIAN_POINT('',(0.000075,0.00055,0.000025));
#15635=CARTESIAN_POINT('',(0.00007651922,0.0005326352,0.000025));
#15636=CARTESIAN_POINT('',(0.00008103074,0.000515798,0.000025));
#15637=CARTESIAN_POINT('',(0.00008839746,0.0005,0.000025));
#15638=CARTESIAN_POINT('',(0.00009839555,0.0004857212,0.000025));
#15639=CARTESIAN_POINT('',(0.0001107212,0.0004733955,0.000025));
#15640=CARTESIAN_POINT('',(0.000125,0.0004633974,0.000025));
#15641=CARTESIAN_POINT('',(0.000140798,0.0004560307,0.000025));
#15642=CARTESIAN_POINT('',(0.0001576352,0.0004515192,0.000025));
#15643=CARTESIAN_POINT('',(0.000175,0.00045,0.000025));
#15644=CARTESIAN_POINT('',(0.0001923648,0.0004515192,0.000025));
#15645=CARTESIAN_POINT('',(0.000209202,0.0004560307,0.000025));
#15646=CARTESIAN_POINT('',(0.000225,0.0004633974,0.000025));
#15647=CARTESIAN_POINT('',(0.0002392788,0.0004733955,0.000025));
#15648=CARTESIAN_POINT('',(0.0002516044,0.0004857212,0.000025));
#15649=CARTESIAN_POINT('',(0.0002616025,0.0005,0.000025));
#15650=CARTESIAN_POINT('',(0.0002689692,0.000515798,0.000025));
#15651=CARTESIAN_POINT('',(0.0002734808,0.0005326352,0.000025));
#15652=CARTESIAN_POINT('',(0.000275,0.00055,0.000025));
#15653=CARTESIAN_POINT('',(0.000275,0.00055,0.0001));
#15654=CARTESIAN_POINT('',(0.000075,0.00055,0.0001));
#15655=CARTESIAN_POINT('',(0.00007651922,0.0005326352,0.0001));
#15656=CARTESIAN_POINT('',(0.00008103074,0.000515798,0.0001));
#15657=CARTESIAN_POINT('',(0.00008839746,0.0005,0.0001));
#15658=CARTESIAN_POINT('',(0.00009839555,0.0004857212,0.0001));
#15659=CARTESIAN_POINT('',(0.0001107212,0.0004733955,0.0001));
#15660=CARTESIAN_POINT('',(0.000125,0.0004633974,0.0001));
#15661=CARTESIAN_POINT('',(0.000140798,0.0004560307,0.0001));
#15662=CARTESIAN_POINT('',(0.0001576352,0.0004515192,0.0001));
#15663=CARTESIAN_POINT('',(0.000175,0.00045,0.0001));
#15664=CARTESIAN_POINT('',(0.0001923648,0.0004515192,0.0001));
#15665=CARTESIAN_POINT('',(0.000209202,0.0004560307,0.0001));
#15666=CARTESIAN_POINT('',(0.000225,0.0004633974,0.0001));
#15667=CARTESIAN_POINT('',(0.0002392788,0.0004733955,0.0001));
#15668=CARTESIAN_POINT('',(0.0002516044,0.0004857212,0.0001));
#15669=CARTESIAN_POINT('',(0.0002616025,0.0005,0.0001));
#15670=CARTESIAN_POINT('',(0.0002689692,0.000515798,0.0001));
#15671=CARTESIAN_POINT('',(0.0002734808,0.0005326352,0.0001));
#15672=DIRECTION('',(0.9961947,0.08715556,0.));
#15708=AXIS2_PLACEMENT_3D('',#15655,#15672,$);
#15744=PLANE('',#15708);
#15780=POLY_LOOP('',(#15655,#15635,#15634));
#15816=FACE_OUTER_BOUND('',#15780,.T.);
#15852=FACE_SURFACE('',(#15816),#15744,.T.);
#15673=DIRECTION('',(0.9961947,0.08715556,0.));
#15709=AXIS2_PLACEMENT_3D('',#15655,#15673,$);
#15745=PLANE('',#15709);
#15781=POLY_LOOP('',(#15655,#15634,#15654));
#15817=FACE_OUTER_BOUND('',#15781,.T.);
#15853=FACE_SURFACE('',(#15817),#15745,.T.);
#15674=DIRECTION('',(0.9659258,0.258819,0.));
#15710=AXIS2_PLACEMENT_3D('',#15656,#15674,$);
#15746=PLANE('',#15710);
#15782=POLY_LOOP('',(#15656,#15636,#15635));
#15818=FACE_OUTER_BOUND('',#15782,.T.);
#15854=FACE_SURFACE('',(#15818),#15746,.T.);
#15675=DIRECTION('',(0.9659258,0.258819,0.));
#15711=AXIS2_PLACEMENT_3D('',#15656,#15675,$);
#15747=PLANE('',#15711);
#15783=POLY_LOOP('',(#15656,#15635,#15655));
#15819=FACE_OUTER_BOUND('',#15783,.T.);
#15855=FACE_SURFACE('',(#15819),#15747,.T.);
#15676=DIRECTION('',(0.9063077,0.4226185,0.));
#15712=AXIS2_PLACEMENT_3D('',#15657,#15676,$);
#15748=PLANE('',#15712);
#15784=POLY_LOOP('',(#15657,#15637,#15636));
#15820=FACE_OUTER_BOUND('',#15784,.T.);
#15856=FACE_SURFACE('',(#15820),#15748,.T.);
#15677=DIRECTION('',(0.9063077,0.4226185,0.));
#15713=AXIS2_PLACEMENT_3D('',#15657,#15677,$);
#15749=PLANE('',#15713);
#15785=POLY_LOOP('',(#15657,#15636,#15656));
#15821=FACE_OUTER_BOUND('',#15785,.T.);
#15857=FACE_SURFACE('',(#15821),#15749,.T.);
#15678=DIRECTION('',(0.8191523,0.5735761,0.));
#15714=AXIS2_PLACEMENT_3D('',#15658,#15678,$);
#15750=PLANE('',#15714);
#15786=POLY_LOOP('',(#15658,#15638,#15637));
#15822=FACE_OUTER_BOUND('',#15786,.T.);
#15858=FACE_SURFACE('',(#15822),#15750,.T.);
#15679=DIRECTION('',(0.8191523,0.5735761,0.));
#15715=AXIS2_PLACEMENT_3D('',#15658,#15679,$);
#15751=PLANE('',#15715);
#15787=POLY_LOOP('',(#15658,#15637,#15657));
#15823=FACE_OUTER_BOUND('',#15787,.T.);
#15859=FACE_SURFACE('',(#15823),#15751,.T.);
#15680=DIRECTION('',(0.7071074,0.7071062,0.));
#15716=AXIS2_PLACEMENT_3D('',#15659,#15680,$);
#15752=PLANE('',#15716);
#15788=POLY_LOOP('',(#15659,#15639,#15638));
#15824=FACE_OUTER_BOUND('',#15788,.T.);
#15860=FACE_SURFACE('',(#15824),#15752,.T.);
#15681=DIRECTION('',(0.7071074,0.7071062,0.));
#15717=AXIS2_PLACEMENT_3D('',#15659,#15681,$);
#15753=PLANE('',#15717);
#15789=POLY_LOOP('',(#15659,#15638,#15658));
#15825=FACE_OUTER_BOUND('',#15789,.T.);
#15861=FACE_SURFACE('',(#15825),#15753,.T.);
#15682=DIRECTION('',(0.5735763,0.8191522,0.));
#15718=AXIS2_PLACEMENT_3D('',#15660,#15682,$);
#15754=PLANE('',#15718);
#15790=POLY_LOOP('',(#15660,#15640,#15639));
#15826=FACE_OUTER_BOUND('',#15790,.T.);
#15862=FACE_SURFACE('',(#15826),#15754,.T.);
#15683=DIRECTION('',(0.5735763,0.8191522,0.));
#15719=AXIS2_PLACEMENT_3D('',#15660,#15683,$);
#15755=PLANE('',#15719);
#15791=POLY_LOOP('',(#15660,#15639,#15659));
#15827=FACE_OUTER_BOUND('',#15791,.T.);
#15863=FACE_SURFACE('',(#15827),#15755,.T.);
#15684=DIRECTION('',(0.4226175,0.9063081,0.));
#15720=AXIS2_PLACEMENT_3D('',#15661,#15684,$);
#15756=PLANE('',#15720);
#15792=POLY_LOOP('',(#15661,#15641,#15640));
#15828=FACE_OUTER_BOUND('',#15792,.T.);
#15864=FACE_SURFACE('',(#15828),#15756,.T.);
#15685=DIRECTION('',(0.4226175,0.9063081,0.));
#15721=AXIS2_PLACEMENT_3D('',#15661,#15685,$);
#15757=PLANE('',#15721);
#15793=POLY_LOOP('',(#15661,#15640,#15660));
#15829=FACE_OUTER_BOUND('',#15793,.T.);
#15865=FACE_SURFACE('',(#15829),#15757,.T.);
#15686=DIRECTION('',(0.25882,0.9659256,0.));
#15722=AXIS2_PLACEMENT_3D('',#15662,#15686,$);
#15758=PLANE('',#15722);
#15794=POLY_LOOP('',(#15662,#15642,#15641));
#15830=FACE_OUTER_BOUND('',#15794,.T.);
#15866=FACE_SURFACE('',(#15830),#15758,.T.);
#15687=DIRECTION('',(0.25882,0.9659256,0.));
#15723=AXIS2_PLACEMENT_3D('',#15662,#15687,$);
#15759=PLANE('',#15723);
#15795=POLY_LOOP('',(#15662,#15641,#15661));
#15831=FACE_OUTER_BOUND('',#15795,.T.);
#15867=FACE_SURFACE('',(#15831),#15759,.T.);
#15688=DIRECTION('',(0.08715549,0.9961947,0.));
#15724=AXIS2_PLACEMENT_3D('',#15663,#15688,$);
#15760=PLANE('',#15724);
#15796=POLY_LOOP('',(#15663,#15643,#15642));
#15832=FACE_OUTER_BOUND('',#15796,.T.);
#15868=FACE_SURFACE('',(#15832),#15760,.T.);
#15689=DIRECTION('',(0.08715549,0.9961947,0.));
#15725=AXIS2_PLACEMENT_3D('',#15663,#15689,$);
#15761=PLANE('',#15725);
#15797=POLY_LOOP('',(#15663,#15642,#15662));
#15833=FACE_OUTER_BOUND('',#15797,.T.);
#15869=FACE_SURFACE('',(#15833),#15761,.T.);
#15690=DIRECTION('',(-0.08715541,0.9961947,0.));
#15726=AXIS2_PLACEMENT_3D('',#15664,#15690,$);
#15762=PLANE('',#15726);
#15798=POLY_LOOP('',(#15664,#15644,#15643));
#15834=FACE_OUTER_BOUND('',#15798,.T.);
#15870=FACE_SURFACE('',(#15834),#15762,.T.);
#15691=DIRECTION('',(-0.08715541,0.9961947,0.));
#15727=AXIS2_PLACEMENT_3D('',#15664,#15691,$);
#15763=PLANE('',#15727);
#15799=POLY_LOOP('',(#15664,#15643,#15663));
#15835=FACE_OUTER_BOUND('',#15799,.T.);
#15871=FACE_SURFACE('',(#15835),#15763,.T.);
#15692=DIRECTION('',(-0.25882,0.9659256,0.));
#15728=AXIS2_PLACEMENT_3D('',#15665,#15692,$);
#15764=PLANE('',#15728);
#15800=POLY_LOOP('',(#15665,#15645,#15644));
#15836=FACE_OUTER_BOUND('',#15800,.T.);
#15872=FACE_SURFACE('',(#15836),#15764,.T.);
#15693=DIRECTION('',(-0.25882,0.9659256,0.));
#15729=AXIS2_PLACEMENT_3D('',#15665,#15693,$);
#15765=PLANE('',#15729);
#15801=POLY_LOOP('',(#15665,#15644,#15664));
#15837=FACE_OUTER_BOUND('',#15801,.T.);
#15873=FACE_SURFACE('',(#15837),#15765,.T.);
#15694=DIRECTION('',(-0.4226175,0.9063081,0.));
#15730=AXIS2_PLACEMENT_3D('',#15666,#15694,$);
#15766=PLANE('',#15730);
#15802=POLY_LOOP('',(#15666,#15646,#15645));
#15838=FACE_OUTER_BOUND('',#15802,.T.);
#15874=FACE_SURFACE('',(#15838),#15766,.T.);
#15695=DIRECTION('',(-0.4226175,0.9063081,0.));
#15731=AXIS2_PLACEMENT_3D('',#15666,#15695,$);
#15767=PLANE('',#15731);
#15803=POLY_LOOP('',(#15666,#15645,#15665));
#15839=FACE_OUTER_BOUND('',#15803,.T.);
#15875=FACE_SURFACE('',(#15839),#15767,.T.);
#15696=DIRECTION('',(-0.5735765,0.819152,0.));
#15732=AXIS2_PLACEMENT_3D('',#15667,#15696,$);
#15768=PLANE('',#15732);
#15804=POLY_LOOP('',(#15667,#15647,#15646));
#15840=FACE_OUTER_BOUND('',#15804,.T.);
#15876=FACE_SURFACE('',(#15840),#15768,.T.);
#15697=DIRECTION('',(-0.5735765,0.819152,0.));
#15733=AXIS2_PLACEMENT_3D('',#15667,#15697,$);
#15769=PLANE('',#15733);
#15805=POLY_LOOP('',(#15667,#15646,#15666));
#15841=FACE_OUTER_BOUND('',#15805,.T.);
#15877=FACE_SURFACE('',(#15841),#15769,.T.);
#15698=DIRECTION('',(-0.7071072,0.7071064,0.));
#15734=AXIS2_PLACEMENT_3D('',#15668,#15698,$);
#15770=PLANE('',#15734);
#15806=POLY_LOOP('',(#15668,#15648,#15647));
#15842=FACE_OUTER_BOUND('',#15806,.T.);
#15878=FACE_SURFACE('',(#15842),#15770,.T.);
#15699=DIRECTION('',(-0.7071072,0.7071064,0.));
#15735=AXIS2_PLACEMENT_3D('',#15668,#15699,$);
#15771=PLANE('',#15735);
#15807=POLY_LOOP('',(#15668,#15647,#15667));
#15843=FACE_OUTER_BOUND('',#15807,.T.);
#15879=FACE_SURFACE('',(#15843),#15771,.T.);
#15700=DIRECTION('',(-0.8191523,0.5735761,0.));
#15736=AXIS2_PLACEMENT_3D('',#15669,#15700,$);
#15772=PLANE('',#15736);
#15808=POLY_LOOP('',(#15669,#15648,#15668));
#15844=FACE_OUTER_BOUND('',#15808,.T.);
#15880=FACE_SURFACE('',(#15844),#15772,.T.);
#15701=DIRECTION('',(-0.8191523,0.5735761,0.));
#15737=AXIS2_PLACEMENT_3D('',#15669,#15701,$);
#15773=PLANE('',#15737);
#15809=POLY_LOOP('',(#15669,#15649,#15648));
#15845=FACE_OUTER_BOUND('',#15809,.T.);
#15881=FACE_SURFACE('',(#15845),#15773,.T.);
#15702=DIRECTION('',(-0.906308,0.4226178,0.));
#15738=AXIS2_PLACEMENT_3D('',#15670,#15702,$);
#15774=PLANE('',#15738);
#15810=POLY_LOOP('',(#15670,#15649,#15669));
#15846=FACE_OUTER_BOUND('',#15810,.T.);
#15882=FACE_SURFACE('',(#15846),#15774,.T.);
#15703=DIRECTION('',(-0.906308,0.4226178,0.));
#15739=AXIS2_PLACEMENT_3D('',#15670,#15703,$);
#15775=PLANE('',#15739);
#15811=POLY_LOOP('',(#15670,#15650,#15649));
#15847=FACE_OUTER_BOUND('',#15811,.T.);
#15883=FACE_SURFACE('',(#15847),#15775,.T.);
#15704=DIRECTION('',(-0.9659256,0.2588198,0.));
#15740=AXIS2_PLACEMENT_3D('',#15671,#15704,$);
#15776=PLANE('',#15740);
#15812=POLY_LOOP('',(#15671,#15650,#15670));
#15848=FACE_OUTER_BOUND('',#15812,.T.);
#15884=FACE_SURFACE('',(#15848),#15776,.T.);
#15705=DIRECTION('',(-0.9659256,0.2588198,0.));
#15741=AXIS2_PLACEMENT_3D('',#15671,#15705,$);
#15777=PLANE('',#15741);
#15813=POLY_LOOP('',(#15671,#15651,#15650));
#15849=FACE_OUTER_BOUND('',#15813,.T.);
#15885=FACE_SURFACE('',(#15849),#15777,.T.);
#15706=DIRECTION('',(-0.9961947,0.08715556,0.));
#15742=AXIS2_PLACEMENT_3D('',#15653,#15706,$);
#15778=PLANE('',#15742);
#15814=POLY_LOOP('',(#15653,#15651,#15671));
#15850=FACE_OUTER_BOUND('',#15814,.T.);
#15886=FACE_SURFACE('',(#15850),#15778,.T.);
#15707=DIRECTION('',(-0.9961947,0.08715556,0.));
#15743=AXIS2_PLACEMENT_3D('',#15653,#15707,$);
#15779=PLANE('',#15743);
#15815=POLY_LOOP('',(#15653,#15652,#15651));
#15851=FACE_OUTER_BOUND('',#15815,.T.);
#15887=FACE_SURFACE('',(#15851),#15779,.T.);
#15888=CLOSED_SHELL('',(#15852,#15853,#15854,#15855,#15856,#15857,#15858,#15859,#15860,#15861,#15862,#15863,#15864,#15865,#15866,#15867,#15868,#15869,#15870,#15871,#15872,#15873,#15874,#15875,#15876,#15877,#15878,#15879,#15880,#15881,#15882,#15883,#15884,#15885,#15886,#15887));
#15889=FACETED_BREP('',#15888);
#15890=CARTESIAN_POINT('',(0.000275,0.00125,0.000025));
#15891=CARTESIAN_POINT('',(0.000275,0.00055,0.000025));
#15892=CARTESIAN_POINT('',(0.000275,0.00125,0.0001));
#15893=CARTESIAN_POINT('',(0.000275,0.00055,0.0001));
#15894=DIRECTION('',(-1.,0.,0.));
#15896=AXIS2_PLACEMENT_3D('',#15892,#15894,$);
#15898=PLANE('',#15896);
#15900=POLY_LOOP('',(#15892,#15890,#15891));
#15902=FACE_OUTER_BOUND('',#15900,.T.);
#15904=FACE_SURFACE('',(#15902),#15898,.T.);
#15895=DIRECTION('',(-1.,0.,0.));
#15897=AXIS2_PLACEMENT_3D('',#15892,#15895,$);
#15899=PLANE('',#15897);
#15901=POLY_LOOP('',(#15892,#15891,#15893));
#15903=FACE_OUTER_BOUND('',#15901,.T.);
#15905=FACE_SURFACE('',(#15903),#15899,.T.);
#15906=CLOSED_SHELL('',(#15904,#15905));
#15907=FACETED_BREP('',#15906);
#15908=CARTESIAN_POINT('',(0.000475,0.00125,0.000025));
#15909=CARTESIAN_POINT('',(0.000475,0.00055,0.000025));
#15910=CARTESIAN_POINT('',(0.000475,0.00055,0.0001));
#15911=CARTESIAN_POINT('',(0.000475,0.00125,0.0001));
#15912=DIRECTION('',(1.,0.,0.));
#15914=AXIS2_PLACEMENT_3D('',#15910,#15912,$);
#15916=PLANE('',#15914);
#15918=POLY_LOOP('',(#15910,#15909,#15908));
#15920=FACE_OUTER_BOUND('',#15918,.T.);
#15922=FACE_SURFACE('',(#15920),#15916,.T.);
#15913=DIRECTION('',(1.,0.,0.));
#15915=AXIS2_PLACEMENT_3D('',#15910,#15913,$);
#15917=PLANE('',#15915);
#15919=POLY_LOOP('',(#15910,#15908,#15911));
#15921=FACE_OUTER_BOUND('',#15919,.T.);
#15923=FACE_SURFACE('',(#15921),#15917,.T.);
#15924=CLOSED_SHELL('',(#15922,#15923));
#15925=FACETED_BREP('',#15924);
#15926=CARTESIAN_POINT('',(0.000475,0.00055,0.000025));
#15927=CARTESIAN_POINT('',(0.0004765192,0.0005326352,0.000025));
#15928=CARTESIAN_POINT('',(0.0004810307,0.000515798,0.000025));
#15929=CARTESIAN_POINT('',(0.0004883974,0.0005,0.000025));
#15930=CARTESIAN_POINT('',(0.0004983955,0.0004857212,0.000025));
#15931=CARTESIAN_POINT('',(0.0005107212,0.0004733955,0.000025));
#15932=CARTESIAN_POINT('',(0.000525,0.0004633974,0.000025));
#15933=CARTESIAN_POINT('',(0.000540798,0.0004560307,0.000025));
#15934=CARTESIAN_POINT('',(0.0005576352,0.0004515192,0.000025));
#15935=CARTESIAN_POINT('',(0.000575,0.00045,0.000025));
#15936=CARTESIAN_POINT('',(0.0005923648,0.0004515192,0.000025));
#15937=CARTESIAN_POINT('',(0.000609202,0.0004560307,0.000025));
#15938=CARTESIAN_POINT('',(0.000625,0.0004633974,0.000025));
#15939=CARTESIAN_POINT('',(0.0006392787,0.0004733955,0.000025));
#15940=CARTESIAN_POINT('',(0.0006516044,0.0004857212,0.000025));
#15941=CARTESIAN_POINT('',(0.0006616025,0.0005,0.000025));
#15942=CARTESIAN_POINT('',(0.0006689692,0.000515798,0.000025));
#15943=CARTESIAN_POINT('',(0.0006734808,0.0005326352,0.000025));
#15944=CARTESIAN_POINT('',(0.000675,0.00055,0.000025));
#15945=CARTESIAN_POINT('',(0.000675,0.00055,0.0001));
#15946=CARTESIAN_POINT('',(0.000475,0.00055,0.0001));
#15947=CARTESIAN_POINT('',(0.0004765192,0.0005326352,0.0001));
#15948=CARTESIAN_POINT('',(0.0004810307,0.000515798,0.0001));
#15949=CARTESIAN_POINT('',(0.0004883974,0.0005,0.0001));
#15950=CARTESIAN_POINT('',(0.0004983955,0.0004857212,0.0001));
#15951=CARTESIAN_POINT('',(0.0005107212,0.0004733955,0.0001));
#15952=CARTESIAN_POINT('',(0.000525,0.0004633974,0.0001));
#15953=CARTESIAN_POINT('',(0.000540798,0.0004560307,0.0001));
#15954=CARTESIAN_POINT('',(0.0005576352,0.0004515192,0.0001));
#15955=CARTESIAN_POINT('',(0.000575,0.00045,0.0001));
#15956=CARTESIAN_POINT('',(0.0005923648,0.0004515192,0.0001));
#15957=CARTESIAN_POINT('',(0.000609202,0.0004560307,0.0001));
#15958=CARTESIAN_POINT('',(0.000625,0.0004633974,0.0001));
#15959=CARTESIAN_POINT('',(0.0006392787,0.0004733955,0.0001));
#15960=CARTESIAN_POINT('',(0.0006516044,0.0004857212,0.0001));
#15961=CARTESIAN_POINT('',(0.0006616025,0.0005,0.0001));
#15962=CARTESIAN_POINT('',(0.0006689692,0.000515798,0.0001));
#15963=CARTESIAN_POINT('',(0.0006734808,0.0005326352,0.0001));
#15964=DIRECTION('',(0.9961947,0.08715556,0.));
#16000=AXIS2_PLACEMENT_3D('',#15947,#15964,$);
#16036=PLANE('',#16000);
#16072=POLY_LOOP('',(#15947,#15927,#15926));
#16108=FACE_OUTER_BOUND('',#16072,.T.);
#16144=FACE_SURFACE('',(#16108),#16036,.T.);
#15965=DIRECTION('',(0.9961947,0.08715556,0.));
#16001=AXIS2_PLACEMENT_3D('',#15947,#15965,$);
#16037=PLANE('',#16001);
#16073=POLY_LOOP('',(#15947,#15926,#15946));
#16109=FACE_OUTER_BOUND('',#16073,.T.);
#16145=FACE_SURFACE('',(#16109),#16037,.T.);
#15966=DIRECTION('',(0.965926,0.2588183,0.));
#16002=AXIS2_PLACEMENT_3D('',#15948,#15966,$);
#16038=PLANE('',#16002);
#16074=POLY_LOOP('',(#15948,#15928,#15927));
#16110=FACE_OUTER_BOUND('',#16074,.T.);
#16146=FACE_SURFACE('',(#16110),#16038,.T.);
#15967=DIRECTION('',(0.965926,0.2588183,0.));
#16003=AXIS2_PLACEMENT_3D('',#15948,#15967,$);
#16039=PLANE('',#16003);
#16075=POLY_LOOP('',(#15948,#15927,#15947));
#16111=FACE_OUTER_BOUND('',#16075,.T.);
#16147=FACE_SURFACE('',(#16111),#16039,.T.);
#15968=DIRECTION('',(0.906308,0.4226178,0.));
#16004=AXIS2_PLACEMENT_3D('',#15949,#15968,$);
#16040=PLANE('',#16004);
#16076=POLY_LOOP('',(#15949,#15929,#15928));
#16112=FACE_OUTER_BOUND('',#16076,.T.);
#16148=FACE_SURFACE('',(#16112),#16040,.T.);
#15969=DIRECTION('',(0.906308,0.4226178,0.));
#16005=AXIS2_PLACEMENT_3D('',#15949,#15969,$);
#16041=PLANE('',#16005);
#16077=POLY_LOOP('',(#15949,#15928,#15948));
#16113=FACE_OUTER_BOUND('',#16077,.T.);
#16149=FACE_SURFACE('',(#16113),#16041,.T.);
#15970=DIRECTION('',(0.8191523,0.5735761,0.));
#16006=AXIS2_PLACEMENT_3D('',#15950,#15970,$);
#16042=PLANE('',#16006);
#16078=POLY_LOOP('',(#15950,#15930,#15929));
#16114=FACE_OUTER_BOUND('',#16078,.T.);
#16150=FACE_SURFACE('',(#16114),#16042,.T.);
#15971=DIRECTION('',(0.8191523,0.5735761,0.));
#16007=AXIS2_PLACEMENT_3D('',#15950,#15971,$);
#16043=PLANE('',#16007);
#16079=POLY_LOOP('',(#15950,#15929,#15949));
#16115=FACE_OUTER_BOUND('',#16079,.T.);
#16151=FACE_SURFACE('',(#16115),#16043,.T.);
#15972=DIRECTION('',(0.7071068,0.7071068,0.));
#16008=AXIS2_PLACEMENT_3D('',#15951,#15972,$);
#16044=PLANE('',#16008);
#16080=POLY_LOOP('',(#15951,#15931,#15930));
#16116=FACE_OUTER_BOUND('',#16080,.T.);
#16152=FACE_SURFACE('',(#16116),#16044,.T.);
#15973=DIRECTION('',(0.7071068,0.7071068,0.));
#16009=AXIS2_PLACEMENT_3D('',#15951,#15973,$);
#16045=PLANE('',#16009);
#16081=POLY_LOOP('',(#15951,#15930,#15950));
#16117=FACE_OUTER_BOUND('',#16081,.T.);
#16153=FACE_SURFACE('',(#16117),#16045,.T.);
#15974=DIRECTION('',(0.5735769,0.8191517,0.));
#16010=AXIS2_PLACEMENT_3D('',#15952,#15974,$);
#16046=PLANE('',#16010);
#16082=POLY_LOOP('',(#15952,#15932,#15931));
#16118=FACE_OUTER_BOUND('',#16082,.T.);
#16154=FACE_SURFACE('',(#16118),#16046,.T.);
#15975=DIRECTION('',(0.5735769,0.8191517,0.));
#16011=AXIS2_PLACEMENT_3D('',#15952,#15975,$);
#16047=PLANE('',#16011);
#16083=POLY_LOOP('',(#15952,#15931,#15951));
#16119=FACE_OUTER_BOUND('',#16083,.T.);
#16155=FACE_SURFACE('',(#16119),#16047,.T.);
#15976=DIRECTION('',(0.4226165,0.9063086,0.));
#16012=AXIS2_PLACEMENT_3D('',#15953,#15976,$);
#16048=PLANE('',#16012);
#16084=POLY_LOOP('',(#15953,#15933,#15932));
#16120=FACE_OUTER_BOUND('',#16084,.T.);
#16156=FACE_SURFACE('',(#16120),#16048,.T.);
#15977=DIRECTION('',(0.4226165,0.9063086,0.));
#16013=AXIS2_PLACEMENT_3D('',#15953,#15977,$);
#16049=PLANE('',#16013);
#16085=POLY_LOOP('',(#15953,#15932,#15952));
#16121=FACE_OUTER_BOUND('',#16085,.T.);
#16157=FACE_SURFACE('',(#16121),#16049,.T.);
#15978=DIRECTION('',(0.2588207,0.9659254,0.));
#16014=AXIS2_PLACEMENT_3D('',#15954,#15978,$);
#16050=PLANE('',#16014);
#16086=POLY_LOOP('',(#15954,#15934,#15933));
#16122=FACE_OUTER_BOUND('',#16086,.T.);
#16158=FACE_SURFACE('',(#16122),#16050,.T.);
#15979=DIRECTION('',(0.2588207,0.9659254,0.));
#16015=AXIS2_PLACEMENT_3D('',#15954,#15979,$);
#16051=PLANE('',#16015);
#16087=POLY_LOOP('',(#15954,#15933,#15953));
#16123=FACE_OUTER_BOUND('',#16087,.T.);
#16159=FACE_SURFACE('',(#16123),#16051,.T.);
#15980=DIRECTION('',(0.08715527,0.9961947,0.));
#16016=AXIS2_PLACEMENT_3D('',#15955,#15980,$);
#16052=PLANE('',#16016);
#16088=POLY_LOOP('',(#15955,#15935,#15934));
#16124=FACE_OUTER_BOUND('',#16088,.T.);
#16160=FACE_SURFACE('',(#16124),#16052,.T.);
#15981=DIRECTION('',(0.08715527,0.9961947,0.));
#16017=AXIS2_PLACEMENT_3D('',#15955,#15981,$);
#16053=PLANE('',#16017);
#16089=POLY_LOOP('',(#15955,#15934,#15954));
#16125=FACE_OUTER_BOUND('',#16089,.T.);
#16161=FACE_SURFACE('',(#16125),#16053,.T.);
#15982=DIRECTION('',(-0.08715556,0.9961947,0.));
#16018=AXIS2_PLACEMENT_3D('',#15956,#15982,$);
#16054=PLANE('',#16018);
#16090=POLY_LOOP('',(#15956,#15936,#15935));
#16126=FACE_OUTER_BOUND('',#16090,.T.);
#16162=FACE_SURFACE('',(#16126),#16054,.T.);
#15983=DIRECTION('',(-0.08715556,0.9961947,0.));
#16019=AXIS2_PLACEMENT_3D('',#15956,#15983,$);
#16055=PLANE('',#16019);
#16091=POLY_LOOP('',(#15956,#15935,#15955));
#16127=FACE_OUTER_BOUND('',#16091,.T.);
#16163=FACE_SURFACE('',(#16127),#16055,.T.);
#15984=DIRECTION('',(-0.2588198,0.9659256,0.));
#16020=AXIS2_PLACEMENT_3D('',#15957,#15984,$);
#16056=PLANE('',#16020);
#16092=POLY_LOOP('',(#15957,#15937,#15936));
#16128=FACE_OUTER_BOUND('',#16092,.T.);
#16164=FACE_SURFACE('',(#16128),#16056,.T.);
#15985=DIRECTION('',(-0.2588198,0.9659256,0.));
#16021=AXIS2_PLACEMENT_3D('',#15957,#15985,$);
#16057=PLANE('',#16021);
#16093=POLY_LOOP('',(#15957,#15936,#15956));
#16129=FACE_OUTER_BOUND('',#16093,.T.);
#16165=FACE_SURFACE('',(#16129),#16057,.T.);
#15986=DIRECTION('',(-0.4226178,0.906308,0.));
#16022=AXIS2_PLACEMENT_3D('',#15958,#15986,$);
#16058=PLANE('',#16022);
#16094=POLY_LOOP('',(#15958,#15938,#15937));
#16130=FACE_OUTER_BOUND('',#16094,.T.);
#16166=FACE_SURFACE('',(#16130),#16058,.T.);
#15987=DIRECTION('',(-0.4226178,0.906308,0.));
#16023=AXIS2_PLACEMENT_3D('',#15958,#15987,$);
#16059=PLANE('',#16023);
#16095=POLY_LOOP('',(#15958,#15937,#15957));
#16131=FACE_OUTER_BOUND('',#16095,.T.);
#16167=FACE_SURFACE('',(#16131),#16059,.T.);
#15988=DIRECTION('',(-0.5735769,0.8191517,0.));
#16024=AXIS2_PLACEMENT_3D('',#15959,#15988,$);
#16060=PLANE('',#16024);
#16096=POLY_LOOP('',(#15959,#15939,#15938));
#16132=FACE_OUTER_BOUND('',#16096,.T.);
#16168=FACE_SURFACE('',(#16132),#16060,.T.);
#15989=DIRECTION('',(-0.5735769,0.8191517,0.));
#16025=AXIS2_PLACEMENT_3D('',#15959,#15989,$);
#16061=PLANE('',#16025);
#16097=POLY_LOOP('',(#15959,#15938,#15958));
#16133=FACE_OUTER_BOUND('',#16097,.T.);
#16169=FACE_SURFACE('',(#16133),#16061,.T.);
#15990=DIRECTION('',(-0.7071068,0.7071068,0.));
#16026=AXIS2_PLACEMENT_3D('',#15960,#15990,$);
#16062=PLANE('',#16026);
#16098=POLY_LOOP('',(#15960,#15940,#15939));
#16134=FACE_OUTER_BOUND('',#16098,.T.);
#16170=FACE_SURFACE('',(#16134),#16062,.T.);
#15991=DIRECTION('',(-0.7071068,0.7071068,0.));
#16027=AXIS2_PLACEMENT_3D('',#15960,#15991,$);
#16063=PLANE('',#16027);
#16099=POLY_LOOP('',(#15960,#15939,#15959));
#16135=FACE_OUTER_BOUND('',#16099,.T.);
#16171=FACE_SURFACE('',(#16135),#16063,.T.);
#15992=DIRECTION('',(-0.8191523,0.5735761,0.));
#16028=AXIS2_PLACEMENT_3D('',#15961,#15992,$);
#16064=PLANE('',#16028);
#16100=POLY_LOOP('',(#15961,#15940,#15960));
#16136=FACE_OUTER_BOUND('',#16100,.T.);
#16172=FACE_SURFACE('',(#16136),#16064,.T.);
#15993=DIRECTION('',(-0.8191523,0.5735761,0.));
#16029=AXIS2_PLACEMENT_3D('',#15961,#15993,$);
#16065=PLANE('',#16029);
#16101=POLY_LOOP('',(#15961,#15941,#15940));
#16137=FACE_OUTER_BOUND('',#16101,.T.);
#16173=FACE_SURFACE('',(#16137),#16065,.T.);
#15994=DIRECTION('',(-0.906308,0.4226178,0.));
#16030=AXIS2_PLACEMENT_3D('',#15962,#15994,$);
#16066=PLANE('',#16030);
#16102=POLY_LOOP('',(#15962,#15941,#15961));
#16138=FACE_OUTER_BOUND('',#16102,.T.);
#16174=FACE_SURFACE('',(#16138),#16066,.T.);
#15995=DIRECTION('',(-0.906308,0.4226178,0.));
#16031=AXIS2_PLACEMENT_3D('',#15962,#15995,$);
#16067=PLANE('',#16031);
#16103=POLY_LOOP('',(#15962,#15942,#15941));
#16139=FACE_OUTER_BOUND('',#16103,.T.);
#16175=FACE_SURFACE('',(#16139),#16067,.T.);
#15996=DIRECTION('',(-0.9659252,0.2588214,0.));
#16032=AXIS2_PLACEMENT_3D('',#15963,#15996,$);
#16068=PLANE('',#16032);
#16104=POLY_LOOP('',(#15963,#15942,#15962));
#16140=FACE_OUTER_BOUND('',#16104,.T.);
#16176=FACE_SURFACE('',(#16140),#16068,.T.);
#15997=DIRECTION('',(-0.9659252,0.2588214,0.));
#16033=AXIS2_PLACEMENT_3D('',#15963,#15997,$);
#16069=PLANE('',#16033);
#16105=POLY_LOOP('',(#15963,#15943,#15942));
#16141=FACE_OUTER_BOUND('',#16105,.T.);
#16177=FACE_SURFACE('',(#16141),#16069,.T.);
#15998=DIRECTION('',(-0.9961947,0.08715556,0.));
#16034=AXIS2_PLACEMENT_3D('',#15945,#15998,$);
#16070=PLANE('',#16034);
#16106=POLY_LOOP('',(#15945,#15943,#15963));
#16142=FACE_OUTER_BOUND('',#16106,.T.);
#16178=FACE_SURFACE('',(#16142),#16070,.T.);
#15999=DIRECTION('',(-0.9961947,0.08715556,0.));
#16035=AXIS2_PLACEMENT_3D('',#15945,#15999,$);
#16071=PLANE('',#16035);
#16107=POLY_LOOP('',(#15945,#15944,#15943));
#16143=FACE_OUTER_BOUND('',#16107,.T.);
#16179=FACE_SURFACE('',(#16143),#16071,.T.);
#16180=CLOSED_SHELL('',(#16144,#16145,#16146,#16147,#16148,#16149,#16150,#16151,#16152,#16153,#16154,#16155,#16156,#16157,#16158,#16159,#16160,#16161,#16162,#16163,#16164,#16165,#16166,#16167,#16168,#16169,#16170,#16171,#16172,#16173,#16174,#16175,#16176,#16177,#16178,#16179));
#16181=FACETED_BREP('',#16180);
#16182=CARTESIAN_POINT('',(0.000675,0.00125,0.000025));
#16183=CARTESIAN_POINT('',(0.000675,0.00055,0.000025));
#16184=CARTESIAN_POINT('',(0.000675,0.00125,0.0001));
#16185=CARTESIAN_POINT('',(0.000675,0.00055,0.0001));
#16186=DIRECTION('',(-1.,0.,0.));
#16188=AXIS2_PLACEMENT_3D('',#16184,#16186,$);
#16190=PLANE('',#16188);
#16192=POLY_LOOP('',(#16184,#16182,#16183));
#16194=FACE_OUTER_BOUND('',#16192,.T.);
#16196=FACE_SURFACE('',(#16194),#16190,.T.);
#16187=DIRECTION('',(-1.,0.,0.));
#16189=AXIS2_PLACEMENT_3D('',#16184,#16187,$);
#16191=PLANE('',#16189);
#16193=POLY_LOOP('',(#16184,#16183,#16185));
#16195=FACE_OUTER_BOUND('',#16193,.T.);
#16197=FACE_SURFACE('',(#16195),#16191,.T.);
#16198=CLOSED_SHELL('',(#16196,#16197));
#16199=FACETED_BREP('',#16198);
#16200=CARTESIAN_POINT('',(0.000675,-0.00125,0.000025));
#16201=CARTESIAN_POINT('',(0.000675,-0.00055,0.000025));
#16202=CARTESIAN_POINT('',(0.000675,-0.00055,0.0001));
#16203=CARTESIAN_POINT('',(0.000675,-0.00125,0.0001));
#16204=DIRECTION('',(-1.,0.,0.));
#16206=AXIS2_PLACEMENT_3D('',#16202,#16204,$);
#16208=PLANE('',#16206);
#16210=POLY_LOOP('',(#16202,#16201,#16200));
#16212=FACE_OUTER_BOUND('',#16210,.T.);
#16214=FACE_SURFACE('',(#16212),#16208,.T.);
#16205=DIRECTION('',(-1.,0.,0.));
#16207=AXIS2_PLACEMENT_3D('',#16202,#16205,$);
#16209=PLANE('',#16207);
#16211=POLY_LOOP('',(#16202,#16200,#16203));
#16213=FACE_OUTER_BOUND('',#16211,.T.);
#16215=FACE_SURFACE('',(#16213),#16209,.T.);
#16216=CLOSED_SHELL('',(#16214,#16215));
#16217=FACETED_BREP('',#16216);
#16218=CARTESIAN_POINT('',(0.000675,-0.00055,0.000025));
#16219=CARTESIAN_POINT('',(0.0006734808,-0.0005326352,0.000025));
#16220=CARTESIAN_POINT('',(0.0006689692,-0.000515798,0.000025));
#16221=CARTESIAN_POINT('',(0.0006616025,-0.0005,0.000025));
#16222=CARTESIAN_POINT('',(0.0006516044,-0.0004857212,0.000025));
#16223=CARTESIAN_POINT('',(0.0006392787,-0.0004733955,0.000025));
#16224=CARTESIAN_POINT('',(0.000625,-0.0004633974,0.000025));
#16225=CARTESIAN_POINT('',(0.000609202,-0.0004560307,0.000025));
#16226=CARTESIAN_POINT('',(0.0005923648,-0.0004515192,0.000025));
#16227=CARTESIAN_POINT('',(0.000575,-0.00045,0.000025));
#16228=CARTESIAN_POINT('',(0.0005576352,-0.0004515192,0.000025));
#16229=CARTESIAN_POINT('',(0.000540798,-0.0004560307,0.000025));
#16230=CARTESIAN_POINT('',(0.000525,-0.0004633974,0.000025));
#16231=CARTESIAN_POINT('',(0.0005107212,-0.0004733955,0.000025));
#16232=CARTESIAN_POINT('',(0.0004983955,-0.0004857212,0.000025));
#16233=CARTESIAN_POINT('',(0.0004883974,-0.0005,0.000025));
#16234=CARTESIAN_POINT('',(0.0004810307,-0.000515798,0.000025));
#16235=CARTESIAN_POINT('',(0.0004765192,-0.0005326352,0.000025));
#16236=CARTESIAN_POINT('',(0.000475,-0.00055,0.000025));
#16237=CARTESIAN_POINT('',(0.000475,-0.00055,0.0001));
#16238=CARTESIAN_POINT('',(0.000675,-0.00055,0.0001));
#16239=CARTESIAN_POINT('',(0.0006734808,-0.0005326352,0.0001));
#16240=CARTESIAN_POINT('',(0.0006689692,-0.000515798,0.0001));
#16241=CARTESIAN_POINT('',(0.0006616025,-0.0005,0.0001));
#16242=CARTESIAN_POINT('',(0.0006516044,-0.0004857212,0.0001));
#16243=CARTESIAN_POINT('',(0.0006392787,-0.0004733955,0.0001));
#16244=CARTESIAN_POINT('',(0.000625,-0.0004633974,0.0001));
#16245=CARTESIAN_POINT('',(0.000609202,-0.0004560307,0.0001));
#16246=CARTESIAN_POINT('',(0.0005923648,-0.0004515192,0.0001));
#16247=CARTESIAN_POINT('',(0.000575,-0.00045,0.0001));
#16248=CARTESIAN_POINT('',(0.0005576352,-0.0004515192,0.0001));
#16249=CARTESIAN_POINT('',(0.000540798,-0.0004560307,0.0001));
#16250=CARTESIAN_POINT('',(0.000525,-0.0004633974,0.0001));
#16251=CARTESIAN_POINT('',(0.0005107212,-0.0004733955,0.0001));
#16252=CARTESIAN_POINT('',(0.0004983955,-0.0004857212,0.0001));
#16253=CARTESIAN_POINT('',(0.0004883974,-0.0005,0.0001));
#16254=CARTESIAN_POINT('',(0.0004810307,-0.000515798,0.0001));
#16255=CARTESIAN_POINT('',(0.0004765192,-0.0005326352,0.0001));
#16256=DIRECTION('',(-0.9961947,-0.08715556,0.));
#16292=AXIS2_PLACEMENT_3D('',#16239,#16256,$);
#16328=PLANE('',#16292);
#16364=POLY_LOOP('',(#16239,#16219,#16218));
#16400=FACE_OUTER_BOUND('',#16364,.T.);
#16436=FACE_SURFACE('',(#16400),#16328,.T.);
#16257=DIRECTION('',(-0.9961947,-0.08715556,0.));
#16293=AXIS2_PLACEMENT_3D('',#16239,#16257,$);
#16329=PLANE('',#16293);
#16365=POLY_LOOP('',(#16239,#16218,#16238));
#16401=FACE_OUTER_BOUND('',#16365,.T.);
#16437=FACE_SURFACE('',(#16401),#16329,.T.);
#16258=DIRECTION('',(-0.9659252,-0.2588214,0.));
#16294=AXIS2_PLACEMENT_3D('',#16240,#16258,$);
#16330=PLANE('',#16294);
#16366=POLY_LOOP('',(#16240,#16220,#16219));
#16402=FACE_OUTER_BOUND('',#16366,.T.);
#16438=FACE_SURFACE('',(#16402),#16330,.T.);
#16259=DIRECTION('',(-0.9659252,-0.2588214,0.));
#16295=AXIS2_PLACEMENT_3D('',#16240,#16259,$);
#16331=PLANE('',#16295);
#16367=POLY_LOOP('',(#16240,#16219,#16239));
#16403=FACE_OUTER_BOUND('',#16367,.T.);
#16439=FACE_SURFACE('',(#16403),#16331,.T.);
#16260=DIRECTION('',(-0.906308,-0.4226178,0.));
#16296=AXIS2_PLACEMENT_3D('',#16241,#16260,$);
#16332=PLANE('',#16296);
#16368=POLY_LOOP('',(#16241,#16221,#16220));
#16404=FACE_OUTER_BOUND('',#16368,.T.);
#16440=FACE_SURFACE('',(#16404),#16332,.T.);
#16261=DIRECTION('',(-0.906308,-0.4226178,0.));
#16297=AXIS2_PLACEMENT_3D('',#16241,#16261,$);
#16333=PLANE('',#16297);
#16369=POLY_LOOP('',(#16241,#16220,#16240));
#16405=FACE_OUTER_BOUND('',#16369,.T.);
#16441=FACE_SURFACE('',(#16405),#16333,.T.);
#16262=DIRECTION('',(-0.8191523,-0.5735761,0.));
#16298=AXIS2_PLACEMENT_3D('',#16242,#16262,$);
#16334=PLANE('',#16298);
#16370=POLY_LOOP('',(#16242,#16222,#16221));
#16406=FACE_OUTER_BOUND('',#16370,.T.);
#16442=FACE_SURFACE('',(#16406),#16334,.T.);
#16263=DIRECTION('',(-0.8191523,-0.5735761,0.));
#16299=AXIS2_PLACEMENT_3D('',#16242,#16263,$);
#16335=PLANE('',#16299);
#16371=POLY_LOOP('',(#16242,#16221,#16241));
#16407=FACE_OUTER_BOUND('',#16371,.T.);
#16443=FACE_SURFACE('',(#16407),#16335,.T.);
#16264=DIRECTION('',(-0.7071068,-0.7071068,0.));
#16300=AXIS2_PLACEMENT_3D('',#16243,#16264,$);
#16336=PLANE('',#16300);
#16372=POLY_LOOP('',(#16243,#16223,#16222));
#16408=FACE_OUTER_BOUND('',#16372,.T.);
#16444=FACE_SURFACE('',(#16408),#16336,.T.);
#16265=DIRECTION('',(-0.7071068,-0.7071068,0.));
#16301=AXIS2_PLACEMENT_3D('',#16243,#16265,$);
#16337=PLANE('',#16301);
#16373=POLY_LOOP('',(#16243,#16222,#16242));
#16409=FACE_OUTER_BOUND('',#16373,.T.);
#16445=FACE_SURFACE('',(#16409),#16337,.T.);
#16266=DIRECTION('',(-0.5735769,-0.8191517,0.));
#16302=AXIS2_PLACEMENT_3D('',#16244,#16266,$);
#16338=PLANE('',#16302);
#16374=POLY_LOOP('',(#16244,#16224,#16223));
#16410=FACE_OUTER_BOUND('',#16374,.T.);
#16446=FACE_SURFACE('',(#16410),#16338,.T.);
#16267=DIRECTION('',(-0.5735769,-0.8191517,0.));
#16303=AXIS2_PLACEMENT_3D('',#16244,#16267,$);
#16339=PLANE('',#16303);
#16375=POLY_LOOP('',(#16244,#16223,#16243));
#16411=FACE_OUTER_BOUND('',#16375,.T.);
#16447=FACE_SURFACE('',(#16411),#16339,.T.);
#16268=DIRECTION('',(-0.4226178,-0.906308,0.));
#16304=AXIS2_PLACEMENT_3D('',#16245,#16268,$);
#16340=PLANE('',#16304);
#16376=POLY_LOOP('',(#16245,#16225,#16224));
#16412=FACE_OUTER_BOUND('',#16376,.T.);
#16448=FACE_SURFACE('',(#16412),#16340,.T.);
#16269=DIRECTION('',(-0.4226178,-0.906308,0.));
#16305=AXIS2_PLACEMENT_3D('',#16245,#16269,$);
#16341=PLANE('',#16305);
#16377=POLY_LOOP('',(#16245,#16224,#16244));
#16413=FACE_OUTER_BOUND('',#16377,.T.);
#16449=FACE_SURFACE('',(#16413),#16341,.T.);
#16270=DIRECTION('',(-0.2588198,-0.9659256,0.));
#16306=AXIS2_PLACEMENT_3D('',#16246,#16270,$);
#16342=PLANE('',#16306);
#16378=POLY_LOOP('',(#16246,#16226,#16225));
#16414=FACE_OUTER_BOUND('',#16378,.T.);
#16450=FACE_SURFACE('',(#16414),#16342,.T.);
#16271=DIRECTION('',(-0.2588198,-0.9659256,0.));
#16307=AXIS2_PLACEMENT_3D('',#16246,#16271,$);
#16343=PLANE('',#16307);
#16379=POLY_LOOP('',(#16246,#16225,#16245));
#16415=FACE_OUTER_BOUND('',#16379,.T.);
#16451=FACE_SURFACE('',(#16415),#16343,.T.);
#16272=DIRECTION('',(-0.08715556,-0.9961947,0.));
#16308=AXIS2_PLACEMENT_3D('',#16247,#16272,$);
#16344=PLANE('',#16308);
#16380=POLY_LOOP('',(#16247,#16227,#16226));
#16416=FACE_OUTER_BOUND('',#16380,.T.);
#16452=FACE_SURFACE('',(#16416),#16344,.T.);
#16273=DIRECTION('',(-0.08715556,-0.9961947,0.));
#16309=AXIS2_PLACEMENT_3D('',#16247,#16273,$);
#16345=PLANE('',#16309);
#16381=POLY_LOOP('',(#16247,#16226,#16246));
#16417=FACE_OUTER_BOUND('',#16381,.T.);
#16453=FACE_SURFACE('',(#16417),#16345,.T.);
#16274=DIRECTION('',(0.08715527,-0.9961947,0.));
#16310=AXIS2_PLACEMENT_3D('',#16248,#16274,$);
#16346=PLANE('',#16310);
#16382=POLY_LOOP('',(#16248,#16228,#16227));
#16418=FACE_OUTER_BOUND('',#16382,.T.);
#16454=FACE_SURFACE('',(#16418),#16346,.T.);
#16275=DIRECTION('',(0.08715527,-0.9961947,0.));
#16311=AXIS2_PLACEMENT_3D('',#16248,#16275,$);
#16347=PLANE('',#16311);
#16383=POLY_LOOP('',(#16248,#16227,#16247));
#16419=FACE_OUTER_BOUND('',#16383,.T.);
#16455=FACE_SURFACE('',(#16419),#16347,.T.);
#16276=DIRECTION('',(0.2588207,-0.9659254,0.));
#16312=AXIS2_PLACEMENT_3D('',#16249,#16276,$);
#16348=PLANE('',#16312);
#16384=POLY_LOOP('',(#16249,#16229,#16228));
#16420=FACE_OUTER_BOUND('',#16384,.T.);
#16456=FACE_SURFACE('',(#16420),#16348,.T.);
#16277=DIRECTION('',(0.2588207,-0.9659254,0.));
#16313=AXIS2_PLACEMENT_3D('',#16249,#16277,$);
#16349=PLANE('',#16313);
#16385=POLY_LOOP('',(#16249,#16228,#16248));
#16421=FACE_OUTER_BOUND('',#16385,.T.);
#16457=FACE_SURFACE('',(#16421),#16349,.T.);
#16278=DIRECTION('',(0.4226165,-0.9063086,0.));
#16314=AXIS2_PLACEMENT_3D('',#16250,#16278,$);
#16350=PLANE('',#16314);
#16386=POLY_LOOP('',(#16250,#16230,#16229));
#16422=FACE_OUTER_BOUND('',#16386,.T.);
#16458=FACE_SURFACE('',(#16422),#16350,.T.);
#16279=DIRECTION('',(0.4226165,-0.9063086,0.));
#16315=AXIS2_PLACEMENT_3D('',#16250,#16279,$);
#16351=PLANE('',#16315);
#16387=POLY_LOOP('',(#16250,#16229,#16249));
#16423=FACE_OUTER_BOUND('',#16387,.T.);
#16459=FACE_SURFACE('',(#16423),#16351,.T.);
#16280=DIRECTION('',(0.5735769,-0.8191517,0.));
#16316=AXIS2_PLACEMENT_3D('',#16251,#16280,$);
#16352=PLANE('',#16316);
#16388=POLY_LOOP('',(#16251,#16231,#16230));
#16424=FACE_OUTER_BOUND('',#16388,.T.);
#16460=FACE_SURFACE('',(#16424),#16352,.T.);
#16281=DIRECTION('',(0.5735769,-0.8191517,0.));
#16317=AXIS2_PLACEMENT_3D('',#16251,#16281,$);
#16353=PLANE('',#16317);
#16389=POLY_LOOP('',(#16251,#16230,#16250));
#16425=FACE_OUTER_BOUND('',#16389,.T.);
#16461=FACE_SURFACE('',(#16425),#16353,.T.);
#16282=DIRECTION('',(0.7071068,-0.7071068,0.));
#16318=AXIS2_PLACEMENT_3D('',#16252,#16282,$);
#16354=PLANE('',#16318);
#16390=POLY_LOOP('',(#16252,#16232,#16231));
#16426=FACE_OUTER_BOUND('',#16390,.T.);
#16462=FACE_SURFACE('',(#16426),#16354,.T.);
#16283=DIRECTION('',(0.7071068,-0.7071068,0.));
#16319=AXIS2_PLACEMENT_3D('',#16252,#16283,$);
#16355=PLANE('',#16319);
#16391=POLY_LOOP('',(#16252,#16231,#16251));
#16427=FACE_OUTER_BOUND('',#16391,.T.);
#16463=FACE_SURFACE('',(#16427),#16355,.T.);
#16284=DIRECTION('',(0.8191523,-0.5735761,0.));
#16320=AXIS2_PLACEMENT_3D('',#16253,#16284,$);
#16356=PLANE('',#16320);
#16392=POLY_LOOP('',(#16253,#16232,#16252));
#16428=FACE_OUTER_BOUND('',#16392,.T.);
#16464=FACE_SURFACE('',(#16428),#16356,.T.);
#16285=DIRECTION('',(0.8191523,-0.5735761,0.));
#16321=AXIS2_PLACEMENT_3D('',#16253,#16285,$);
#16357=PLANE('',#16321);
#16393=POLY_LOOP('',(#16253,#16233,#16232));
#16429=FACE_OUTER_BOUND('',#16393,.T.);
#16465=FACE_SURFACE('',(#16429),#16357,.T.);
#16286=DIRECTION('',(0.906308,-0.4226178,0.));
#16322=AXIS2_PLACEMENT_3D('',#16254,#16286,$);
#16358=PLANE('',#16322);
#16394=POLY_LOOP('',(#16254,#16233,#16253));
#16430=FACE_OUTER_BOUND('',#16394,.T.);
#16466=FACE_SURFACE('',(#16430),#16358,.T.);
#16287=DIRECTION('',(0.906308,-0.4226178,0.));
#16323=AXIS2_PLACEMENT_3D('',#16254,#16287,$);
#16359=PLANE('',#16323);
#16395=POLY_LOOP('',(#16254,#16234,#16233));
#16431=FACE_OUTER_BOUND('',#16395,.T.);
#16467=FACE_SURFACE('',(#16431),#16359,.T.);
#16288=DIRECTION('',(0.965926,-0.2588183,0.));
#16324=AXIS2_PLACEMENT_3D('',#16255,#16288,$);
#16360=PLANE('',#16324);
#16396=POLY_LOOP('',(#16255,#16234,#16254));
#16432=FACE_OUTER_BOUND('',#16396,.T.);
#16468=FACE_SURFACE('',(#16432),#16360,.T.);
#16289=DIRECTION('',(0.965926,-0.2588183,0.));
#16325=AXIS2_PLACEMENT_3D('',#16255,#16289,$);
#16361=PLANE('',#16325);
#16397=POLY_LOOP('',(#16255,#16235,#16234));
#16433=FACE_OUTER_BOUND('',#16397,.T.);
#16469=FACE_SURFACE('',(#16433),#16361,.T.);
#16290=DIRECTION('',(0.9961947,-0.08715556,0.));
#16326=AXIS2_PLACEMENT_3D('',#16237,#16290,$);
#16362=PLANE('',#16326);
#16398=POLY_LOOP('',(#16237,#16235,#16255));
#16434=FACE_OUTER_BOUND('',#16398,.T.);
#16470=FACE_SURFACE('',(#16434),#16362,.T.);
#16291=DIRECTION('',(0.9961947,-0.08715556,0.));
#16327=AXIS2_PLACEMENT_3D('',#16237,#16291,$);
#16363=PLANE('',#16327);
#16399=POLY_LOOP('',(#16237,#16236,#16235));
#16435=FACE_OUTER_BOUND('',#16399,.T.);
#16471=FACE_SURFACE('',(#16435),#16363,.T.);
#16472=CLOSED_SHELL('',(#16436,#16437,#16438,#16439,#16440,#16441,#16442,#16443,#16444,#16445,#16446,#16447,#16448,#16449,#16450,#16451,#16452,#16453,#16454,#16455,#16456,#16457,#16458,#16459,#16460,#16461,#16462,#16463,#16464,#16465,#16466,#16467,#16468,#16469,#16470,#16471));
#16473=FACETED_BREP('',#16472);
#16474=CARTESIAN_POINT('',(0.000475,-0.00125,0.000025));
#16475=CARTESIAN_POINT('',(0.000475,-0.00055,0.000025));
#16476=CARTESIAN_POINT('',(0.000475,-0.00125,0.0001));
#16477=CARTESIAN_POINT('',(0.000475,-0.00055,0.0001));
#16478=DIRECTION('',(1.,0.,0.));
#16480=AXIS2_PLACEMENT_3D('',#16476,#16478,$);
#16482=PLANE('',#16480);
#16484=POLY_LOOP('',(#16476,#16474,#16475));
#16486=FACE_OUTER_BOUND('',#16484,.T.);
#16488=FACE_SURFACE('',(#16486),#16482,.T.);
#16479=DIRECTION('',(1.,0.,0.));
#16481=AXIS2_PLACEMENT_3D('',#16476,#16479,$);
#16483=PLANE('',#16481);
#16485=POLY_LOOP('',(#16476,#16475,#16477));
#16487=FACE_OUTER_BOUND('',#16485,.T.);
#16489=FACE_SURFACE('',(#16487),#16483,.T.);
#16490=CLOSED_SHELL('',(#16488,#16489));
#16491=FACETED_BREP('',#16490);
#16492=CARTESIAN_POINT('',(0.000275,-0.00125,0.000025));
#16493=CARTESIAN_POINT('',(0.000275,-0.00055,0.000025));
#16494=CARTESIAN_POINT('',(0.000275,-0.00055,0.0001));
#16495=CARTESIAN_POINT('',(0.000275,-0.00125,0.0001));
#16496=DIRECTION('',(-1.,0.,0.));
#16498=AXIS2_PLACEMENT_3D('',#16494,#16496,$);
#16500=PLANE('',#16498);
#16502=POLY_LOOP('',(#16494,#16493,#16492));
#16504=FACE_OUTER_BOUND('',#16502,.T.);
#16506=FACE_SURFACE('',(#16504),#16500,.T.);
#16497=DIRECTION('',(-1.,0.,0.));
#16499=AXIS2_PLACEMENT_3D('',#16494,#16497,$);
#16501=PLANE('',#16499);
#16503=POLY_LOOP('',(#16494,#16492,#16495));
#16505=FACE_OUTER_BOUND('',#16503,.T.);
#16507=FACE_SURFACE('',(#16505),#16501,.T.);
#16508=CLOSED_SHELL('',(#16506,#16507));
#16509=FACETED_BREP('',#16508);
#16510=CARTESIAN_POINT('',(0.000275,-0.00055,0.000025));
#16511=CARTESIAN_POINT('',(0.0002734808,-0.0005326352,0.000025));
#16512=CARTESIAN_POINT('',(0.0002689692,-0.000515798,0.000025));
#16513=CARTESIAN_POINT('',(0.0002616025,-0.0005,0.000025));
#16514=CARTESIAN_POINT('',(0.0002516044,-0.0004857212,0.000025));
#16515=CARTESIAN_POINT('',(0.0002392788,-0.0004733955,0.000025));
#16516=CARTESIAN_POINT('',(0.000225,-0.0004633974,0.000025));
#16517=CARTESIAN_POINT('',(0.000209202,-0.0004560307,0.000025));
#16518=CARTESIAN_POINT('',(0.0001923648,-0.0004515192,0.000025));
#16519=CARTESIAN_POINT('',(0.000175,-0.00045,0.000025));
#16520=CARTESIAN_POINT('',(0.0001576352,-0.0004515192,0.000025));
#16521=CARTESIAN_POINT('',(0.000140798,-0.0004560307,0.000025));
#16522=CARTESIAN_POINT('',(0.000125,-0.0004633974,0.000025));
#16523=CARTESIAN_POINT('',(0.0001107212,-0.0004733955,0.000025));
#16524=CARTESIAN_POINT('',(0.00009839555,-0.0004857212,0.000025));
#16525=CARTESIAN_POINT('',(0.00008839746,-0.0005,0.000025));
#16526=CARTESIAN_POINT('',(0.00008103074,-0.000515798,0.000025));
#16527=CARTESIAN_POINT('',(0.00007651922,-0.0005326352,0.000025));
#16528=CARTESIAN_POINT('',(0.000075,-0.00055,0.000025));
#16529=CARTESIAN_POINT('',(0.000075,-0.00055,0.0001));
#16530=CARTESIAN_POINT('',(0.000275,-0.00055,0.0001));
#16531=CARTESIAN_POINT('',(0.0002734808,-0.0005326352,0.0001));
#16532=CARTESIAN_POINT('',(0.0002689692,-0.000515798,0.0001));
#16533=CARTESIAN_POINT('',(0.0002616025,-0.0005,0.0001));
#16534=CARTESIAN_POINT('',(0.0002516044,-0.0004857212,0.0001));
#16535=CARTESIAN_POINT('',(0.0002392788,-0.0004733955,0.0001));
#16536=CARTESIAN_POINT('',(0.000225,-0.0004633974,0.0001));
#16537=CARTESIAN_POINT('',(0.000209202,-0.0004560307,0.0001));
#16538=CARTESIAN_POINT('',(0.0001923648,-0.0004515192,0.0001));
#16539=CARTESIAN_POINT('',(0.000175,-0.00045,0.0001));
#16540=CARTESIAN_POINT('',(0.0001576352,-0.0004515192,0.0001));
#16541=CARTESIAN_POINT('',(0.000140798,-0.0004560307,0.0001));
#16542=CARTESIAN_POINT('',(0.000125,-0.0004633974,0.0001));
#16543=CARTESIAN_POINT('',(0.0001107212,-0.0004733955,0.0001));
#16544=CARTESIAN_POINT('',(0.00009839555,-0.0004857212,0.0001));
#16545=CARTESIAN_POINT('',(0.00008839746,-0.0005,0.0001));
#16546=CARTESIAN_POINT('',(0.00008103074,-0.000515798,0.0001));
#16547=CARTESIAN_POINT('',(0.00007651922,-0.0005326352,0.0001));
#16548=DIRECTION('',(-0.9961947,-0.08715556,0.));
#16584=AXIS2_PLACEMENT_3D('',#16531,#16548,$);
#16620=PLANE('',#16584);
#16656=POLY_LOOP('',(#16531,#16511,#16510));
#16692=FACE_OUTER_BOUND('',#16656,.T.);
#16728=FACE_SURFACE('',(#16692),#16620,.T.);
#16549=DIRECTION('',(-0.9961947,-0.08715556,0.));
#16585=AXIS2_PLACEMENT_3D('',#16531,#16549,$);
#16621=PLANE('',#16585);
#16657=POLY_LOOP('',(#16531,#16510,#16530));
#16693=FACE_OUTER_BOUND('',#16657,.T.);
#16729=FACE_SURFACE('',(#16693),#16621,.T.);
#16550=DIRECTION('',(-0.9659256,-0.2588198,0.));
#16586=AXIS2_PLACEMENT_3D('',#16532,#16550,$);
#16622=PLANE('',#16586);
#16658=POLY_LOOP('',(#16532,#16512,#16511));
#16694=FACE_OUTER_BOUND('',#16658,.T.);
#16730=FACE_SURFACE('',(#16694),#16622,.T.);
#16551=DIRECTION('',(-0.9659256,-0.2588198,0.));
#16587=AXIS2_PLACEMENT_3D('',#16532,#16551,$);
#16623=PLANE('',#16587);
#16659=POLY_LOOP('',(#16532,#16511,#16531));
#16695=FACE_OUTER_BOUND('',#16659,.T.);
#16731=FACE_SURFACE('',(#16695),#16623,.T.);
#16552=DIRECTION('',(-0.906308,-0.4226178,0.));
#16588=AXIS2_PLACEMENT_3D('',#16533,#16552,$);
#16624=PLANE('',#16588);
#16660=POLY_LOOP('',(#16533,#16513,#16512));
#16696=FACE_OUTER_BOUND('',#16660,.T.);
#16732=FACE_SURFACE('',(#16696),#16624,.T.);
#16553=DIRECTION('',(-0.906308,-0.4226178,0.));
#16589=AXIS2_PLACEMENT_3D('',#16533,#16553,$);
#16625=PLANE('',#16589);
#16661=POLY_LOOP('',(#16533,#16512,#16532));
#16697=FACE_OUTER_BOUND('',#16661,.T.);
#16733=FACE_SURFACE('',(#16697),#16625,.T.);
#16554=DIRECTION('',(-0.8191523,-0.5735761,0.));
#16590=AXIS2_PLACEMENT_3D('',#16534,#16554,$);
#16626=PLANE('',#16590);
#16662=POLY_LOOP('',(#16534,#16514,#16513));
#16698=FACE_OUTER_BOUND('',#16662,.T.);
#16734=FACE_SURFACE('',(#16698),#16626,.T.);
#16555=DIRECTION('',(-0.8191523,-0.5735761,0.));
#16591=AXIS2_PLACEMENT_3D('',#16534,#16555,$);
#16627=PLANE('',#16591);
#16663=POLY_LOOP('',(#16534,#16513,#16533));
#16699=FACE_OUTER_BOUND('',#16663,.T.);
#16735=FACE_SURFACE('',(#16699),#16627,.T.);
#16556=DIRECTION('',(-0.7071072,-0.7071064,0.));
#16592=AXIS2_PLACEMENT_3D('',#16535,#16556,$);
#16628=PLANE('',#16592);
#16664=POLY_LOOP('',(#16535,#16515,#16514));
#16700=FACE_OUTER_BOUND('',#16664,.T.);
#16736=FACE_SURFACE('',(#16700),#16628,.T.);
#16557=DIRECTION('',(-0.7071072,-0.7071064,0.));
#16593=AXIS2_PLACEMENT_3D('',#16535,#16557,$);
#16629=PLANE('',#16593);
#16665=POLY_LOOP('',(#16535,#16514,#16534));
#16701=FACE_OUTER_BOUND('',#16665,.T.);
#16737=FACE_SURFACE('',(#16701),#16629,.T.);
#16558=DIRECTION('',(-0.5735765,-0.819152,0.));
#16594=AXIS2_PLACEMENT_3D('',#16536,#16558,$);
#16630=PLANE('',#16594);
#16666=POLY_LOOP('',(#16536,#16516,#16515));
#16702=FACE_OUTER_BOUND('',#16666,.T.);
#16738=FACE_SURFACE('',(#16702),#16630,.T.);
#16559=DIRECTION('',(-0.5735765,-0.819152,0.));
#16595=AXIS2_PLACEMENT_3D('',#16536,#16559,$);
#16631=PLANE('',#16595);
#16667=POLY_LOOP('',(#16536,#16515,#16535));
#16703=FACE_OUTER_BOUND('',#16667,.T.);
#16739=FACE_SURFACE('',(#16703),#16631,.T.);
#16560=DIRECTION('',(-0.4226175,-0.9063081,0.));
#16596=AXIS2_PLACEMENT_3D('',#16537,#16560,$);
#16632=PLANE('',#16596);
#16668=POLY_LOOP('',(#16537,#16517,#16516));
#16704=FACE_OUTER_BOUND('',#16668,.T.);
#16740=FACE_SURFACE('',(#16704),#16632,.T.);
#16561=DIRECTION('',(-0.4226175,-0.9063081,0.));
#16597=AXIS2_PLACEMENT_3D('',#16537,#16561,$);
#16633=PLANE('',#16597);
#16669=POLY_LOOP('',(#16537,#16516,#16536));
#16705=FACE_OUTER_BOUND('',#16669,.T.);
#16741=FACE_SURFACE('',(#16705),#16633,.T.);
#16562=DIRECTION('',(-0.25882,-0.9659256,0.));
#16598=AXIS2_PLACEMENT_3D('',#16538,#16562,$);
#16634=PLANE('',#16598);
#16670=POLY_LOOP('',(#16538,#16518,#16517));
#16706=FACE_OUTER_BOUND('',#16670,.T.);
#16742=FACE_SURFACE('',(#16706),#16634,.T.);
#16563=DIRECTION('',(-0.25882,-0.9659256,0.));
#16599=AXIS2_PLACEMENT_3D('',#16538,#16563,$);
#16635=PLANE('',#16599);
#16671=POLY_LOOP('',(#16538,#16517,#16537));
#16707=FACE_OUTER_BOUND('',#16671,.T.);
#16743=FACE_SURFACE('',(#16707),#16635,.T.);
#16564=DIRECTION('',(-0.08715541,-0.9961947,0.));
#16600=AXIS2_PLACEMENT_3D('',#16539,#16564,$);
#16636=PLANE('',#16600);
#16672=POLY_LOOP('',(#16539,#16519,#16518));
#16708=FACE_OUTER_BOUND('',#16672,.T.);
#16744=FACE_SURFACE('',(#16708),#16636,.T.);
#16565=DIRECTION('',(-0.08715541,-0.9961947,0.));
#16601=AXIS2_PLACEMENT_3D('',#16539,#16565,$);
#16637=PLANE('',#16601);
#16673=POLY_LOOP('',(#16539,#16518,#16538));
#16709=FACE_OUTER_BOUND('',#16673,.T.);
#16745=FACE_SURFACE('',(#16709),#16637,.T.);
#16566=DIRECTION('',(0.08715549,-0.9961947,0.));
#16602=AXIS2_PLACEMENT_3D('',#16540,#16566,$);
#16638=PLANE('',#16602);
#16674=POLY_LOOP('',(#16540,#16520,#16519));
#16710=FACE_OUTER_BOUND('',#16674,.T.);
#16746=FACE_SURFACE('',(#16710),#16638,.T.);
#16567=DIRECTION('',(0.08715549,-0.9961947,0.));
#16603=AXIS2_PLACEMENT_3D('',#16540,#16567,$);
#16639=PLANE('',#16603);
#16675=POLY_LOOP('',(#16540,#16519,#16539));
#16711=FACE_OUTER_BOUND('',#16675,.T.);
#16747=FACE_SURFACE('',(#16711),#16639,.T.);
#16568=DIRECTION('',(0.25882,-0.9659256,0.));
#16604=AXIS2_PLACEMENT_3D('',#16541,#16568,$);
#16640=PLANE('',#16604);
#16676=POLY_LOOP('',(#16541,#16521,#16520));
#16712=FACE_OUTER_BOUND('',#16676,.T.);
#16748=FACE_SURFACE('',(#16712),#16640,.T.);
#16569=DIRECTION('',(0.25882,-0.9659256,0.));
#16605=AXIS2_PLACEMENT_3D('',#16541,#16569,$);
#16641=PLANE('',#16605);
#16677=POLY_LOOP('',(#16541,#16520,#16540));
#16713=FACE_OUTER_BOUND('',#16677,.T.);
#16749=FACE_SURFACE('',(#16713),#16641,.T.);
#16570=DIRECTION('',(0.4226175,-0.9063081,0.));
#16606=AXIS2_PLACEMENT_3D('',#16542,#16570,$);
#16642=PLANE('',#16606);
#16678=POLY_LOOP('',(#16542,#16522,#16521));
#16714=FACE_OUTER_BOUND('',#16678,.T.);
#16750=FACE_SURFACE('',(#16714),#16642,.T.);
#16571=DIRECTION('',(0.4226175,-0.9063081,0.));
#16607=AXIS2_PLACEMENT_3D('',#16542,#16571,$);
#16643=PLANE('',#16607);
#16679=POLY_LOOP('',(#16542,#16521,#16541));
#16715=FACE_OUTER_BOUND('',#16679,.T.);
#16751=FACE_SURFACE('',(#16715),#16643,.T.);
#16572=DIRECTION('',(0.5735763,-0.8191522,0.));
#16608=AXIS2_PLACEMENT_3D('',#16543,#16572,$);
#16644=PLANE('',#16608);
#16680=POLY_LOOP('',(#16543,#16523,#16522));
#16716=FACE_OUTER_BOUND('',#16680,.T.);
#16752=FACE_SURFACE('',(#16716),#16644,.T.);
#16573=DIRECTION('',(0.5735763,-0.8191522,0.));
#16609=AXIS2_PLACEMENT_3D('',#16543,#16573,$);
#16645=PLANE('',#16609);
#16681=POLY_LOOP('',(#16543,#16522,#16542));
#16717=FACE_OUTER_BOUND('',#16681,.T.);
#16753=FACE_SURFACE('',(#16717),#16645,.T.);
#16574=DIRECTION('',(0.7071074,-0.7071062,0.));
#16610=AXIS2_PLACEMENT_3D('',#16544,#16574,$);
#16646=PLANE('',#16610);
#16682=POLY_LOOP('',(#16544,#16524,#16523));
#16718=FACE_OUTER_BOUND('',#16682,.T.);
#16754=FACE_SURFACE('',(#16718),#16646,.T.);
#16575=DIRECTION('',(0.7071074,-0.7071062,0.));
#16611=AXIS2_PLACEMENT_3D('',#16544,#16575,$);
#16647=PLANE('',#16611);
#16683=POLY_LOOP('',(#16544,#16523,#16543));
#16719=FACE_OUTER_BOUND('',#16683,.T.);
#16755=FACE_SURFACE('',(#16719),#16647,.T.);
#16576=DIRECTION('',(0.8191523,-0.5735761,0.));
#16612=AXIS2_PLACEMENT_3D('',#16545,#16576,$);
#16648=PLANE('',#16612);
#16684=POLY_LOOP('',(#16545,#16524,#16544));
#16720=FACE_OUTER_BOUND('',#16684,.T.);
#16756=FACE_SURFACE('',(#16720),#16648,.T.);
#16577=DIRECTION('',(0.8191523,-0.5735761,0.));
#16613=AXIS2_PLACEMENT_3D('',#16545,#16577,$);
#16649=PLANE('',#16613);
#16685=POLY_LOOP('',(#16545,#16525,#16524));
#16721=FACE_OUTER_BOUND('',#16685,.T.);
#16757=FACE_SURFACE('',(#16721),#16649,.T.);
#16578=DIRECTION('',(0.9063077,-0.4226185,0.));
#16614=AXIS2_PLACEMENT_3D('',#16546,#16578,$);
#16650=PLANE('',#16614);
#16686=POLY_LOOP('',(#16546,#16525,#16545));
#16722=FACE_OUTER_BOUND('',#16686,.T.);
#16758=FACE_SURFACE('',(#16722),#16650,.T.);
#16579=DIRECTION('',(0.9063077,-0.4226185,0.));
#16615=AXIS2_PLACEMENT_3D('',#16546,#16579,$);
#16651=PLANE('',#16615);
#16687=POLY_LOOP('',(#16546,#16526,#16525));
#16723=FACE_OUTER_BOUND('',#16687,.T.);
#16759=FACE_SURFACE('',(#16723),#16651,.T.);
#16580=DIRECTION('',(0.9659258,-0.258819,0.));
#16616=AXIS2_PLACEMENT_3D('',#16547,#16580,$);
#16652=PLANE('',#16616);
#16688=POLY_LOOP('',(#16547,#16526,#16546));
#16724=FACE_OUTER_BOUND('',#16688,.T.);
#16760=FACE_SURFACE('',(#16724),#16652,.T.);
#16581=DIRECTION('',(0.9659258,-0.258819,0.));
#16617=AXIS2_PLACEMENT_3D('',#16547,#16581,$);
#16653=PLANE('',#16617);
#16689=POLY_LOOP('',(#16547,#16527,#16526));
#16725=FACE_OUTER_BOUND('',#16689,.T.);
#16761=FACE_SURFACE('',(#16725),#16653,.T.);
#16582=DIRECTION('',(0.9961947,-0.08715556,0.));
#16618=AXIS2_PLACEMENT_3D('',#16529,#16582,$);
#16654=PLANE('',#16618);
#16690=POLY_LOOP('',(#16529,#16527,#16547));
#16726=FACE_OUTER_BOUND('',#16690,.T.);
#16762=FACE_SURFACE('',(#16726),#16654,.T.);
#16583=DIRECTION('',(0.9961947,-0.08715556,0.));
#16619=AXIS2_PLACEMENT_3D('',#16529,#16583,$);
#16655=PLANE('',#16619);
#16691=POLY_LOOP('',(#16529,#16528,#16527));
#16727=FACE_OUTER_BOUND('',#16691,.T.);
#16763=FACE_SURFACE('',(#16727),#16655,.T.);
#16764=CLOSED_SHELL('',(#16728,#16729,#16730,#16731,#16732,#16733,#16734,#16735,#16736,#16737,#16738,#16739,#16740,#16741,#16742,#16743,#16744,#16745,#16746,#16747,#16748,#16749,#16750,#16751,#16752,#16753,#16754,#16755,#16756,#16757,#16758,#16759,#16760,#16761,#16762,#16763));
#16765=FACETED_BREP('',#16764);
#16766=CARTESIAN_POINT('',(0.000075,-0.00125,0.000025));
#16767=CARTESIAN_POINT('',(0.000075,-0.00055,0.000025));
#16768=CARTESIAN_POINT('',(0.000075,-0.00125,0.0001));
#16769=CARTESIAN_POINT('',(0.000075,-0.00055,0.0001));
#16770=DIRECTION('',(1.,0.,0.));
#16772=AXIS2_PLACEMENT_3D('',#16768,#16770,$);
#16774=PLANE('',#16772);
#16776=POLY_LOOP('',(#16768,#16766,#16767));
#16778=FACE_OUTER_BOUND('',#16776,.T.);
#16780=FACE_SURFACE('',(#16778),#16774,.T.);
#16771=DIRECTION('',(1.,0.,0.));
#16773=AXIS2_PLACEMENT_3D('',#16768,#16771,$);
#16775=PLANE('',#16773);
#16777=POLY_LOOP('',(#16768,#16767,#16769));
#16779=FACE_OUTER_BOUND('',#16777,.T.);
#16781=FACE_SURFACE('',(#16779),#16775,.T.);
#16782=CLOSED_SHELL('',(#16780,#16781));
#16783=FACETED_BREP('',#16782);
#16784=CARTESIAN_POINT('',(-0.000125,-0.00125,0.000025));
#16785=CARTESIAN_POINT('',(-0.000125,-0.000949995,0.000025));
#16786=CARTESIAN_POINT('',(-0.000125,-0.000949995,0.0001));
#16787=CARTESIAN_POINT('',(-0.000125,-0.00125,0.0001));
#16788=DIRECTION('',(-1.,0.,0.));
#16790=AXIS2_PLACEMENT_3D('',#16786,#16788,$);
#16792=PLANE('',#16790);
#16794=POLY_LOOP('',(#16786,#16785,#16784));
#16796=FACE_OUTER_BOUND('',#16794,.T.);
#16798=FACE_SURFACE('',(#16796),#16792,.T.);
#16789=DIRECTION('',(-1.,0.,0.));
#16791=AXIS2_PLACEMENT_3D('',#16786,#16789,$);
#16793=PLANE('',#16791);
#16795=POLY_LOOP('',(#16786,#16784,#16787));
#16797=FACE_OUTER_BOUND('',#16795,.T.);
#16799=FACE_SURFACE('',(#16797),#16793,.T.);
#16800=CLOSED_SHELL('',(#16798,#16799));
#16801=FACETED_BREP('',#16800);
#16802=CARTESIAN_POINT('',(-0.000125,-0.000949995,0.000025));
#16803=CARTESIAN_POINT('',(-0.0001265192,-0.0009326302,0.000025));
#16804=CARTESIAN_POINT('',(-0.0001310307,-0.000915793,0.000025));
#16805=CARTESIAN_POINT('',(-0.0001383975,-0.000899995,0.000025));
#16806=CARTESIAN_POINT('',(-0.0001483956,-0.0008857162,0.000025));
#16807=CARTESIAN_POINT('',(-0.0001607212,-0.0008733905,0.000025));
#16808=CARTESIAN_POINT('',(-0.000175,-0.0008633925,0.000025));
#16809=CARTESIAN_POINT('',(-0.000190798,-0.0008560257,0.000025));
#16810=CARTESIAN_POINT('',(-0.0002076352,-0.0008515142,0.000025));
#16811=CARTESIAN_POINT('',(-0.000225,-0.000849995,0.000025));
#16812=CARTESIAN_POINT('',(-0.0002423648,-0.0008515142,0.000025));
#16813=CARTESIAN_POINT('',(-0.000259202,-0.0008560257,0.000025));
#16814=CARTESIAN_POINT('',(-0.000275,-0.0008633925,0.000025));
#16815=CARTESIAN_POINT('',(-0.0002892788,-0.0008733905,0.000025));
#16816=CARTESIAN_POINT('',(-0.0003016045,-0.0008857162,0.000025));
#16817=CARTESIAN_POINT('',(-0.0003116025,-0.000899995,0.000025));
#16818=CARTESIAN_POINT('',(-0.0003189693,-0.000915793,0.000025));
#16819=CARTESIAN_POINT('',(-0.0003234808,-0.0009326302,0.000025));
#16820=CARTESIAN_POINT('',(-0.000325,-0.000949995,0.000025));
#16821=CARTESIAN_POINT('',(-0.000325,-0.000949995,0.0001));
#16822=CARTESIAN_POINT('',(-0.000125,-0.000949995,0.0001));
#16823=CARTESIAN_POINT('',(-0.0001265192,-0.0009326302,0.0001));
#16824=CARTESIAN_POINT('',(-0.0001310307,-0.000915793,0.0001));
#16825=CARTESIAN_POINT('',(-0.0001383975,-0.000899995,0.0001));
#16826=CARTESIAN_POINT('',(-0.0001483956,-0.0008857162,0.0001));
#16827=CARTESIAN_POINT('',(-0.0001607212,-0.0008733905,0.0001));
#16828=CARTESIAN_POINT('',(-0.000175,-0.0008633925,0.0001));
#16829=CARTESIAN_POINT('',(-0.000190798,-0.0008560257,0.0001));
#16830=CARTESIAN_POINT('',(-0.0002076352,-0.0008515142,0.0001));
#16831=CARTESIAN_POINT('',(-0.000225,-0.000849995,0.0001));
#16832=CARTESIAN_POINT('',(-0.0002423648,-0.0008515142,0.0001));
#16833=CARTESIAN_POINT('',(-0.000259202,-0.0008560257,0.0001));
#16834=CARTESIAN_POINT('',(-0.000275,-0.0008633925,0.0001));
#16835=CARTESIAN_POINT('',(-0.0002892788,-0.0008733905,0.0001));
#16836=CARTESIAN_POINT('',(-0.0003016045,-0.0008857162,0.0001));
#16837=CARTESIAN_POINT('',(-0.0003116025,-0.000899995,0.0001));
#16838=CARTESIAN_POINT('',(-0.0003189693,-0.000915793,0.0001));
#16839=CARTESIAN_POINT('',(-0.0003234808,-0.0009326302,0.0001));
#16840=DIRECTION('',(-0.9961947,-0.08715556,0.));
#16876=AXIS2_PLACEMENT_3D('',#16823,#16840,$);
#16912=PLANE('',#16876);
#16948=POLY_LOOP('',(#16823,#16803,#16802));
#16984=FACE_OUTER_BOUND('',#16948,.T.);
#17020=FACE_SURFACE('',(#16984),#16912,.T.);
#16841=DIRECTION('',(-0.9961947,-0.08715556,0.));
#16877=AXIS2_PLACEMENT_3D('',#16823,#16841,$);
#16913=PLANE('',#16877);
#16949=POLY_LOOP('',(#16823,#16802,#16822));
#16985=FACE_OUTER_BOUND('',#16949,.T.);
#17021=FACE_SURFACE('',(#16985),#16913,.T.);
#16842=DIRECTION('',(-0.9659258,-0.258819,0.));
#16878=AXIS2_PLACEMENT_3D('',#16824,#16842,$);
#16914=PLANE('',#16878);
#16950=POLY_LOOP('',(#16824,#16804,#16803));
#16986=FACE_OUTER_BOUND('',#16950,.T.);
#17022=FACE_SURFACE('',(#16986),#16914,.T.);
#16843=DIRECTION('',(-0.9659258,-0.258819,0.));
#16879=AXIS2_PLACEMENT_3D('',#16824,#16843,$);
#16915=PLANE('',#16879);
#16951=POLY_LOOP('',(#16824,#16803,#16823));
#16987=FACE_OUTER_BOUND('',#16951,.T.);
#17023=FACE_SURFACE('',(#16987),#16915,.T.);
#16844=DIRECTION('',(-0.9063083,-0.4226172,0.));
#16880=AXIS2_PLACEMENT_3D('',#16825,#16844,$);
#16916=PLANE('',#16880);
#16952=POLY_LOOP('',(#16825,#16805,#16804));
#16988=FACE_OUTER_BOUND('',#16952,.T.);
#17024=FACE_SURFACE('',(#16988),#16916,.T.);
#16845=DIRECTION('',(-0.9063083,-0.4226172,0.));
#16881=AXIS2_PLACEMENT_3D('',#16825,#16845,$);
#16917=PLANE('',#16881);
#16953=POLY_LOOP('',(#16825,#16804,#16824));
#16989=FACE_OUTER_BOUND('',#16953,.T.);
#17025=FACE_SURFACE('',(#16989),#16917,.T.);
#16846=DIRECTION('',(-0.8191517,-0.5735769,0.));
#16882=AXIS2_PLACEMENT_3D('',#16826,#16846,$);
#16918=PLANE('',#16882);
#16954=POLY_LOOP('',(#16826,#16806,#16805));
#16990=FACE_OUTER_BOUND('',#16954,.T.);
#17026=FACE_SURFACE('',(#16990),#16918,.T.);
#16847=DIRECTION('',(-0.8191517,-0.5735769,0.));
#16883=AXIS2_PLACEMENT_3D('',#16826,#16847,$);
#16919=PLANE('',#16883);
#16955=POLY_LOOP('',(#16826,#16805,#16825));
#16991=FACE_OUTER_BOUND('',#16955,.T.);
#17027=FACE_SURFACE('',(#16991),#16919,.T.);
#16848=DIRECTION('',(-0.7071076,-0.7071059,0.));
#16884=AXIS2_PLACEMENT_3D('',#16827,#16848,$);
#16920=PLANE('',#16884);
#16956=POLY_LOOP('',(#16827,#16807,#16806));
#16992=FACE_OUTER_BOUND('',#16956,.T.);
#17028=FACE_SURFACE('',(#16992),#16920,.T.);
#16849=DIRECTION('',(-0.7071076,-0.7071059,0.));
#16885=AXIS2_PLACEMENT_3D('',#16827,#16849,$);
#16921=PLANE('',#16885);
#16957=POLY_LOOP('',(#16827,#16806,#16826));
#16993=FACE_OUTER_BOUND('',#16957,.T.);
#17029=FACE_SURFACE('',(#16993),#16921,.T.);
#16850=DIRECTION('',(-0.5735742,-0.8191536,0.));
#16886=AXIS2_PLACEMENT_3D('',#16828,#16850,$);
#16922=PLANE('',#16886);
#16958=POLY_LOOP('',(#16828,#16808,#16807));
#16994=FACE_OUTER_BOUND('',#16958,.T.);
#17030=FACE_SURFACE('',(#16994),#16922,.T.);
#16851=DIRECTION('',(-0.5735742,-0.8191536,0.));
#16887=AXIS2_PLACEMENT_3D('',#16828,#16851,$);
#16923=PLANE('',#16887);
#16959=POLY_LOOP('',(#16828,#16807,#16827));
#16995=FACE_OUTER_BOUND('',#16959,.T.);
#17031=FACE_SURFACE('',(#16995),#16923,.T.);
#16852=DIRECTION('',(-0.4226199,-0.906307,0.));
#16888=AXIS2_PLACEMENT_3D('',#16829,#16852,$);
#16924=PLANE('',#16888);
#16960=POLY_LOOP('',(#16829,#16809,#16808));
#16996=FACE_OUTER_BOUND('',#16960,.T.);
#17032=FACE_SURFACE('',(#16996),#16924,.T.);
#16853=DIRECTION('',(-0.4226199,-0.906307,0.));
#16889=AXIS2_PLACEMENT_3D('',#16829,#16853,$);
#16925=PLANE('',#16889);
#16961=POLY_LOOP('',(#16829,#16808,#16828));
#16997=FACE_OUTER_BOUND('',#16961,.T.);
#17033=FACE_SURFACE('',(#16997),#16925,.T.);
#16854=DIRECTION('',(-0.2588185,-0.965926,0.));
#16890=AXIS2_PLACEMENT_3D('',#16830,#16854,$);
#16926=PLANE('',#16890);
#16962=POLY_LOOP('',(#16830,#16810,#16809));
#16998=FACE_OUTER_BOUND('',#16962,.T.);
#17034=FACE_SURFACE('',(#16998),#16926,.T.);
#16855=DIRECTION('',(-0.2588185,-0.965926,0.));
#16891=AXIS2_PLACEMENT_3D('',#16830,#16855,$);
#16927=PLANE('',#16891);
#16963=POLY_LOOP('',(#16830,#16809,#16829));
#16999=FACE_OUTER_BOUND('',#16963,.T.);
#17035=FACE_SURFACE('',(#16999),#16927,.T.);
#16856=DIRECTION('',(-0.08715549,-0.9961947,0.));
#16892=AXIS2_PLACEMENT_3D('',#16831,#16856,$);
#16928=PLANE('',#16892);
#16964=POLY_LOOP('',(#16831,#16811,#16810));
#17000=FACE_OUTER_BOUND('',#16964,.T.);
#17036=FACE_SURFACE('',(#17000),#16928,.T.);
#16857=DIRECTION('',(-0.08715549,-0.9961947,0.));
#16893=AXIS2_PLACEMENT_3D('',#16831,#16857,$);
#16929=PLANE('',#16893);
#16965=POLY_LOOP('',(#16831,#16810,#16830));
#17001=FACE_OUTER_BOUND('',#16965,.T.);
#17037=FACE_SURFACE('',(#17001),#16929,.T.);
#16858=DIRECTION('',(0.08715549,-0.9961947,0.));
#16894=AXIS2_PLACEMENT_3D('',#16832,#16858,$);
#16930=PLANE('',#16894);
#16966=POLY_LOOP('',(#16832,#16812,#16811));
#17002=FACE_OUTER_BOUND('',#16966,.T.);
#17038=FACE_SURFACE('',(#17002),#16930,.T.);
#16859=DIRECTION('',(0.08715549,-0.9961947,0.));
#16895=AXIS2_PLACEMENT_3D('',#16832,#16859,$);
#16931=PLANE('',#16895);
#16967=POLY_LOOP('',(#16832,#16811,#16831));
#17003=FACE_OUTER_BOUND('',#16967,.T.);
#17039=FACE_SURFACE('',(#17003),#16931,.T.);
#16860=DIRECTION('',(0.2588185,-0.965926,0.));
#16896=AXIS2_PLACEMENT_3D('',#16833,#16860,$);
#16932=PLANE('',#16896);
#16968=POLY_LOOP('',(#16833,#16813,#16812));
#17004=FACE_OUTER_BOUND('',#16968,.T.);
#17040=FACE_SURFACE('',(#17004),#16932,.T.);
#16861=DIRECTION('',(0.2588185,-0.965926,0.));
#16897=AXIS2_PLACEMENT_3D('',#16833,#16861,$);
#16933=PLANE('',#16897);
#16969=POLY_LOOP('',(#16833,#16812,#16832));
#17005=FACE_OUTER_BOUND('',#16969,.T.);
#17041=FACE_SURFACE('',(#17005),#16933,.T.);
#16862=DIRECTION('',(0.4226199,-0.906307,0.));
#16898=AXIS2_PLACEMENT_3D('',#16834,#16862,$);
#16934=PLANE('',#16898);
#16970=POLY_LOOP('',(#16834,#16814,#16813));
#17006=FACE_OUTER_BOUND('',#16970,.T.);
#17042=FACE_SURFACE('',(#17006),#16934,.T.);
#16863=DIRECTION('',(0.4226199,-0.906307,0.));
#16899=AXIS2_PLACEMENT_3D('',#16834,#16863,$);
#16935=PLANE('',#16899);
#16971=POLY_LOOP('',(#16834,#16813,#16833));
#17007=FACE_OUTER_BOUND('',#16971,.T.);
#17043=FACE_SURFACE('',(#17007),#16935,.T.);
#16864=DIRECTION('',(0.5735738,-0.8191539,0.));
#16900=AXIS2_PLACEMENT_3D('',#16835,#16864,$);
#16936=PLANE('',#16900);
#16972=POLY_LOOP('',(#16835,#16815,#16814));
#17008=FACE_OUTER_BOUND('',#16972,.T.);
#17044=FACE_SURFACE('',(#17008),#16936,.T.);
#16865=DIRECTION('',(0.5735738,-0.8191539,0.));
#16901=AXIS2_PLACEMENT_3D('',#16835,#16865,$);
#16937=PLANE('',#16901);
#16973=POLY_LOOP('',(#16835,#16814,#16834));
#17009=FACE_OUTER_BOUND('',#16973,.T.);
#17045=FACE_SURFACE('',(#17009),#16937,.T.);
#16866=DIRECTION('',(0.7071076,-0.7071059,0.));
#16902=AXIS2_PLACEMENT_3D('',#16836,#16866,$);
#16938=PLANE('',#16902);
#16974=POLY_LOOP('',(#16836,#16816,#16815));
#17010=FACE_OUTER_BOUND('',#16974,.T.);
#17046=FACE_SURFACE('',(#17010),#16938,.T.);
#16867=DIRECTION('',(0.7071076,-0.7071059,0.));
#16903=AXIS2_PLACEMENT_3D('',#16836,#16867,$);
#16939=PLANE('',#16903);
#16975=POLY_LOOP('',(#16836,#16815,#16835));
#17011=FACE_OUTER_BOUND('',#16975,.T.);
#17047=FACE_SURFACE('',(#17011),#16939,.T.);
#16868=DIRECTION('',(0.8191517,-0.5735769,0.));
#16904=AXIS2_PLACEMENT_3D('',#16837,#16868,$);
#16940=PLANE('',#16904);
#16976=POLY_LOOP('',(#16837,#16816,#16836));
#17012=FACE_OUTER_BOUND('',#16976,.T.);
#17048=FACE_SURFACE('',(#17012),#16940,.T.);
#16869=DIRECTION('',(0.8191517,-0.5735769,0.));
#16905=AXIS2_PLACEMENT_3D('',#16837,#16869,$);
#16941=PLANE('',#16905);
#16977=POLY_LOOP('',(#16837,#16817,#16816));
#17013=FACE_OUTER_BOUND('',#16977,.T.);
#17049=FACE_SURFACE('',(#17013),#16941,.T.);
#16870=DIRECTION('',(0.9063086,-0.4226165,0.));
#16906=AXIS2_PLACEMENT_3D('',#16838,#16870,$);
#16942=PLANE('',#16906);
#16978=POLY_LOOP('',(#16838,#16817,#16837));
#17014=FACE_OUTER_BOUND('',#16978,.T.);
#17050=FACE_SURFACE('',(#17014),#16942,.T.);
#16871=DIRECTION('',(0.9063086,-0.4226165,0.));
#16907=AXIS2_PLACEMENT_3D('',#16838,#16871,$);
#16943=PLANE('',#16907);
#16979=POLY_LOOP('',(#16838,#16818,#16817));
#17015=FACE_OUTER_BOUND('',#16979,.T.);
#17051=FACE_SURFACE('',(#17015),#16943,.T.);
#16872=DIRECTION('',(0.9659256,-0.2588198,0.));
#16908=AXIS2_PLACEMENT_3D('',#16839,#16872,$);
#16944=PLANE('',#16908);
#16980=POLY_LOOP('',(#16839,#16818,#16838));
#17016=FACE_OUTER_BOUND('',#16980,.T.);
#17052=FACE_SURFACE('',(#17016),#16944,.T.);
#16873=DIRECTION('',(0.9659256,-0.2588198,0.));
#16909=AXIS2_PLACEMENT_3D('',#16839,#16873,$);
#16945=PLANE('',#16909);
#16981=POLY_LOOP('',(#16839,#16819,#16818));
#17017=FACE_OUTER_BOUND('',#16981,.T.);
#17053=FACE_SURFACE('',(#17017),#16945,.T.);
#16874=DIRECTION('',(0.9961947,-0.08715556,0.));
#16910=AXIS2_PLACEMENT_3D('',#16821,#16874,$);
#16946=PLANE('',#16910);
#16982=POLY_LOOP('',(#16821,#16819,#16839));
#17018=FACE_OUTER_BOUND('',#16982,.T.);
#17054=FACE_SURFACE('',(#17018),#16946,.T.);
#16875=DIRECTION('',(0.9961947,-0.08715556,0.));
#16911=AXIS2_PLACEMENT_3D('',#16821,#16875,$);
#16947=PLANE('',#16911);
#16983=POLY_LOOP('',(#16821,#16820,#16819));
#17019=FACE_OUTER_BOUND('',#16983,.T.);
#17055=FACE_SURFACE('',(#17019),#16947,.T.);
#17056=CLOSED_SHELL('',(#17020,#17021,#17022,#17023,#17024,#17025,#17026,#17027,#17028,#17029,#17030,#17031,#17032,#17033,#17034,#17035,#17036,#17037,#17038,#17039,#17040,#17041,#17042,#17043,#17044,#17045,#17046,#17047,#17048,#17049,#17050,#17051,#17052,#17053,#17054,#17055));
#17057=FACETED_BREP('',#17056);
#17058=CARTESIAN_POINT('',(-0.000325,-0.00125,0.000025));
#17059=CARTESIAN_POINT('',(-0.000325,-0.000949995,0.000025));
#17060=CARTESIAN_POINT('',(-0.000325,-0.00125,0.0001));
#17061=CARTESIAN_POINT('',(-0.000325,-0.000949995,0.0001));
#17062=DIRECTION('',(1.,0.,0.));
#17064=AXIS2_PLACEMENT_3D('',#17060,#17062,$);
#17066=PLANE('',#17064);
#17068=POLY_LOOP('',(#17060,#17058,#17059));
#17070=FACE_OUTER_BOUND('',#17068,.T.);
#17072=FACE_SURFACE('',(#17070),#17066,.T.);
#17063=DIRECTION('',(1.,0.,0.));
#17065=AXIS2_PLACEMENT_3D('',#17060,#17063,$);
#17067=PLANE('',#17065);
#17069=POLY_LOOP('',(#17060,#17059,#17061));
#17071=FACE_OUTER_BOUND('',#17069,.T.);
#17073=FACE_SURFACE('',(#17071),#17067,.T.);
#17074=CLOSED_SHELL('',(#17072,#17073));
#17075=FACETED_BREP('',#17074);
#17076=CARTESIAN_POINT('',(-0.000525,-0.00125,0.000025));
#17077=CARTESIAN_POINT('',(-0.000525,-0.000949995,0.000025));
#17078=CARTESIAN_POINT('',(-0.000525,-0.000949995,0.0001));
#17079=CARTESIAN_POINT('',(-0.000525,-0.00125,0.0001));
#17080=DIRECTION('',(-1.,0.,0.));
#17082=AXIS2_PLACEMENT_3D('',#17078,#17080,$);
#17084=PLANE('',#17082);
#17086=POLY_LOOP('',(#17078,#17077,#17076));
#17088=FACE_OUTER_BOUND('',#17086,.T.);
#17090=FACE_SURFACE('',(#17088),#17084,.T.);
#17081=DIRECTION('',(-1.,0.,0.));
#17083=AXIS2_PLACEMENT_3D('',#17078,#17081,$);
#17085=PLANE('',#17083);
#17087=POLY_LOOP('',(#17078,#17076,#17079));
#17089=FACE_OUTER_BOUND('',#17087,.T.);
#17091=FACE_SURFACE('',(#17089),#17085,.T.);
#17092=CLOSED_SHELL('',(#17090,#17091));
#17093=FACETED_BREP('',#17092);
#17094=CARTESIAN_POINT('',(-0.000525,-0.000949995,0.000025));
#17095=CARTESIAN_POINT('',(-0.0005265192,-0.0009326302,0.000025));
#17096=CARTESIAN_POINT('',(-0.0005310308,-0.000915793,0.000025));
#17097=CARTESIAN_POINT('',(-0.0005383975,-0.000899995,0.000025));
#17098=CARTESIAN_POINT('',(-0.0005483956,-0.0008857162,0.000025));
#17099=CARTESIAN_POINT('',(-0.0005607213,-0.0008733905,0.000025));
#17100=CARTESIAN_POINT('',(-0.000575,-0.0008633925,0.000025));
#17101=CARTESIAN_POINT('',(-0.000590798,-0.0008560257,0.000025));
#17102=CARTESIAN_POINT('',(-0.0006076352,-0.0008515142,0.000025));
#17103=CARTESIAN_POINT('',(-0.000625,-0.000849995,0.000025));
#17104=CARTESIAN_POINT('',(-0.0006423648,-0.0008515142,0.000025));
#17105=CARTESIAN_POINT('',(-0.000659202,-0.0008560257,0.000025));
#17106=CARTESIAN_POINT('',(-0.000675,-0.0008633925,0.000025));
#17107=CARTESIAN_POINT('',(-0.0006892788,-0.0008733905,0.000025));
#17108=CARTESIAN_POINT('',(-0.0007016045,-0.0008857162,0.000025));
#17109=CARTESIAN_POINT('',(-0.0007116026,-0.000899995,0.000025));
#17110=CARTESIAN_POINT('',(-0.0007189693,-0.000915793,0.000025));
#17111=CARTESIAN_POINT('',(-0.0007234808,-0.0009326302,0.000025));
#17112=CARTESIAN_POINT('',(-0.000725,-0.000949995,0.000025));
#17113=CARTESIAN_POINT('',(-0.000725,-0.000949995,0.0001));
#17114=CARTESIAN_POINT('',(-0.000525,-0.000949995,0.0001));
#17115=CARTESIAN_POINT('',(-0.0005265192,-0.0009326302,0.0001));
#17116=CARTESIAN_POINT('',(-0.0005310308,-0.000915793,0.0001));
#17117=CARTESIAN_POINT('',(-0.0005383975,-0.000899995,0.0001));
#17118=CARTESIAN_POINT('',(-0.0005483956,-0.0008857162,0.0001));
#17119=CARTESIAN_POINT('',(-0.0005607213,-0.0008733905,0.0001));
#17120=CARTESIAN_POINT('',(-0.000575,-0.0008633925,0.0001));
#17121=CARTESIAN_POINT('',(-0.000590798,-0.0008560257,0.0001));
#17122=CARTESIAN_POINT('',(-0.0006076352,-0.0008515142,0.0001));
#17123=CARTESIAN_POINT('',(-0.000625,-0.000849995,0.0001));
#17124=CARTESIAN_POINT('',(-0.0006423648,-0.0008515142,0.0001));
#17125=CARTESIAN_POINT('',(-0.000659202,-0.0008560257,0.0001));
#17126=CARTESIAN_POINT('',(-0.000675,-0.0008633925,0.0001));
#17127=CARTESIAN_POINT('',(-0.0006892788,-0.0008733905,0.0001));
#17128=CARTESIAN_POINT('',(-0.0007016045,-0.0008857162,0.0001));
#17129=CARTESIAN_POINT('',(-0.0007116026,-0.000899995,0.0001));
#17130=CARTESIAN_POINT('',(-0.0007189693,-0.000915793,0.0001));
#17131=CARTESIAN_POINT('',(-0.0007234808,-0.0009326302,0.0001));
#17132=DIRECTION('',(-0.9961947,-0.08715556,0.));
#17168=AXIS2_PLACEMENT_3D('',#17115,#17132,$);
#17204=PLANE('',#17168);
#17240=POLY_LOOP('',(#17115,#17095,#17094));
#17276=FACE_OUTER_BOUND('',#17240,.T.);
#17312=FACE_SURFACE('',(#17276),#17204,.T.);
#17133=DIRECTION('',(-0.9961947,-0.08715556,0.));
#17169=AXIS2_PLACEMENT_3D('',#17115,#17133,$);
#17205=PLANE('',#17169);
#17241=POLY_LOOP('',(#17115,#17094,#17114));
#17277=FACE_OUTER_BOUND('',#17241,.T.);
#17313=FACE_SURFACE('',(#17277),#17205,.T.);
#17134=DIRECTION('',(-0.9659252,-0.2588214,0.));
#17170=AXIS2_PLACEMENT_3D('',#17116,#17134,$);
#17206=PLANE('',#17170);
#17242=POLY_LOOP('',(#17116,#17096,#17095));
#17278=FACE_OUTER_BOUND('',#17242,.T.);
#17314=FACE_SURFACE('',(#17278),#17206,.T.);
#17135=DIRECTION('',(-0.9659252,-0.2588214,0.));
#17171=AXIS2_PLACEMENT_3D('',#17116,#17135,$);
#17207=PLANE('',#17171);
#17243=POLY_LOOP('',(#17116,#17095,#17115));
#17279=FACE_OUTER_BOUND('',#17243,.T.);
#17315=FACE_SURFACE('',(#17279),#17207,.T.);
#17136=DIRECTION('',(-0.9063086,-0.4226165,0.));
#17172=AXIS2_PLACEMENT_3D('',#17117,#17136,$);
#17208=PLANE('',#17172);
#17244=POLY_LOOP('',(#17117,#17097,#17096));
#17280=FACE_OUTER_BOUND('',#17244,.T.);
#17316=FACE_SURFACE('',(#17280),#17208,.T.);
#17137=DIRECTION('',(-0.9063086,-0.4226165,0.));
#17173=AXIS2_PLACEMENT_3D('',#17117,#17137,$);
#17209=PLANE('',#17173);
#17245=POLY_LOOP('',(#17117,#17096,#17116));
#17281=FACE_OUTER_BOUND('',#17245,.T.);
#17317=FACE_SURFACE('',(#17281),#17209,.T.);
#17138=DIRECTION('',(-0.8191517,-0.5735769,0.));
#17174=AXIS2_PLACEMENT_3D('',#17118,#17138,$);
#17210=PLANE('',#17174);
#17246=POLY_LOOP('',(#17118,#17098,#17097));
#17282=FACE_OUTER_BOUND('',#17246,.T.);
#17318=FACE_SURFACE('',(#17282),#17210,.T.);
#17139=DIRECTION('',(-0.8191517,-0.5735769,0.));
#17175=AXIS2_PLACEMENT_3D('',#17118,#17139,$);
#17211=PLANE('',#17175);
#17247=POLY_LOOP('',(#17118,#17097,#17117));
#17283=FACE_OUTER_BOUND('',#17247,.T.);
#17319=FACE_SURFACE('',(#17283),#17211,.T.);
#17140=DIRECTION('',(-0.7071068,-0.7071068,0.));
#17176=AXIS2_PLACEMENT_3D('',#17119,#17140,$);
#17212=PLANE('',#17176);
#17248=POLY_LOOP('',(#17119,#17099,#17098));
#17284=FACE_OUTER_BOUND('',#17248,.T.);
#17320=FACE_SURFACE('',(#17284),#17212,.T.);
#17141=DIRECTION('',(-0.7071068,-0.7071068,0.));
#17177=AXIS2_PLACEMENT_3D('',#17119,#17141,$);
#17213=PLANE('',#17177);
#17249=POLY_LOOP('',(#17119,#17098,#17118));
#17285=FACE_OUTER_BOUND('',#17249,.T.);
#17321=FACE_SURFACE('',(#17285),#17213,.T.);
#17142=DIRECTION('',(-0.5735746,-0.8191533,0.));
#17178=AXIS2_PLACEMENT_3D('',#17120,#17142,$);
#17214=PLANE('',#17178);
#17250=POLY_LOOP('',(#17120,#17100,#17099));
#17286=FACE_OUTER_BOUND('',#17250,.T.);
#17322=FACE_SURFACE('',(#17286),#17214,.T.);
#17143=DIRECTION('',(-0.5735746,-0.8191533,0.));
#17179=AXIS2_PLACEMENT_3D('',#17120,#17143,$);
#17215=PLANE('',#17179);
#17251=POLY_LOOP('',(#17120,#17099,#17119));
#17287=FACE_OUTER_BOUND('',#17251,.T.);
#17323=FACE_SURFACE('',(#17287),#17215,.T.);
#17144=DIRECTION('',(-0.4226206,-0.9063067,0.));
#17180=AXIS2_PLACEMENT_3D('',#17121,#17144,$);
#17216=PLANE('',#17180);
#17252=POLY_LOOP('',(#17121,#17101,#17100));
#17288=FACE_OUTER_BOUND('',#17252,.T.);
#17324=FACE_SURFACE('',(#17288),#17216,.T.);
#17145=DIRECTION('',(-0.4226206,-0.9063067,0.));
#17181=AXIS2_PLACEMENT_3D('',#17121,#17145,$);
#17217=PLANE('',#17181);
#17253=POLY_LOOP('',(#17121,#17100,#17120));
#17289=FACE_OUTER_BOUND('',#17253,.T.);
#17325=FACE_SURFACE('',(#17289),#17217,.T.);
#17146=DIRECTION('',(-0.2588183,-0.965926,0.));
#17182=AXIS2_PLACEMENT_3D('',#17122,#17146,$);
#17218=PLANE('',#17182);
#17254=POLY_LOOP('',(#17122,#17102,#17101));
#17290=FACE_OUTER_BOUND('',#17254,.T.);
#17326=FACE_SURFACE('',(#17290),#17218,.T.);
#17147=DIRECTION('',(-0.2588183,-0.965926,0.));
#17183=AXIS2_PLACEMENT_3D('',#17122,#17147,$);
#17219=PLANE('',#17183);
#17255=POLY_LOOP('',(#17122,#17101,#17121));
#17291=FACE_OUTER_BOUND('',#17255,.T.);
#17327=FACE_SURFACE('',(#17291),#17219,.T.);
#17148=DIRECTION('',(-0.08715556,-0.9961947,0.));
#17184=AXIS2_PLACEMENT_3D('',#17123,#17148,$);
#17220=PLANE('',#17184);
#17256=POLY_LOOP('',(#17123,#17103,#17102));
#17292=FACE_OUTER_BOUND('',#17256,.T.);
#17328=FACE_SURFACE('',(#17292),#17220,.T.);
#17149=DIRECTION('',(-0.08715556,-0.9961947,0.));
#17185=AXIS2_PLACEMENT_3D('',#17123,#17149,$);
#17221=PLANE('',#17185);
#17257=POLY_LOOP('',(#17123,#17102,#17122));
#17293=FACE_OUTER_BOUND('',#17257,.T.);
#17329=FACE_SURFACE('',(#17293),#17221,.T.);
#17150=DIRECTION('',(0.08715527,-0.9961947,0.));
#17186=AXIS2_PLACEMENT_3D('',#17124,#17150,$);
#17222=PLANE('',#17186);
#17258=POLY_LOOP('',(#17124,#17104,#17103));
#17294=FACE_OUTER_BOUND('',#17258,.T.);
#17330=FACE_SURFACE('',(#17294),#17222,.T.);
#17151=DIRECTION('',(0.08715527,-0.9961947,0.));
#17187=AXIS2_PLACEMENT_3D('',#17124,#17151,$);
#17223=PLANE('',#17187);
#17259=POLY_LOOP('',(#17124,#17103,#17123));
#17295=FACE_OUTER_BOUND('',#17259,.T.);
#17331=FACE_SURFACE('',(#17295),#17223,.T.);
#17152=DIRECTION('',(0.2588191,-0.9659258,0.));
#17188=AXIS2_PLACEMENT_3D('',#17125,#17152,$);
#17224=PLANE('',#17188);
#17260=POLY_LOOP('',(#17125,#17105,#17104));
#17296=FACE_OUTER_BOUND('',#17260,.T.);
#17332=FACE_SURFACE('',(#17296),#17224,.T.);
#17153=DIRECTION('',(0.2588191,-0.9659258,0.));
#17189=AXIS2_PLACEMENT_3D('',#17125,#17153,$);
#17225=PLANE('',#17189);
#17261=POLY_LOOP('',(#17125,#17104,#17124));
#17297=FACE_OUTER_BOUND('',#17261,.T.);
#17333=FACE_SURFACE('',(#17297),#17225,.T.);
#17154=DIRECTION('',(0.4226193,-0.9063073,0.));
#17190=AXIS2_PLACEMENT_3D('',#17126,#17154,$);
#17226=PLANE('',#17190);
#17262=POLY_LOOP('',(#17126,#17106,#17105));
#17298=FACE_OUTER_BOUND('',#17262,.T.);
#17334=FACE_SURFACE('',(#17298),#17226,.T.);
#17155=DIRECTION('',(0.4226193,-0.9063073,0.));
#17191=AXIS2_PLACEMENT_3D('',#17126,#17155,$);
#17227=PLANE('',#17191);
#17263=POLY_LOOP('',(#17126,#17105,#17125));
#17299=FACE_OUTER_BOUND('',#17263,.T.);
#17335=FACE_SURFACE('',(#17299),#17227,.T.);
#17156=DIRECTION('',(0.5735746,-0.8191533,0.));
#17192=AXIS2_PLACEMENT_3D('',#17127,#17156,$);
#17228=PLANE('',#17192);
#17264=POLY_LOOP('',(#17127,#17107,#17106));
#17300=FACE_OUTER_BOUND('',#17264,.T.);
#17336=FACE_SURFACE('',(#17300),#17228,.T.);
#17157=DIRECTION('',(0.5735746,-0.8191533,0.));
#17193=AXIS2_PLACEMENT_3D('',#17127,#17157,$);
#17229=PLANE('',#17193);
#17265=POLY_LOOP('',(#17127,#17106,#17126));
#17301=FACE_OUTER_BOUND('',#17265,.T.);
#17337=FACE_SURFACE('',(#17301),#17229,.T.);
#17158=DIRECTION('',(0.7071068,-0.7071068,0.));
#17194=AXIS2_PLACEMENT_3D('',#17128,#17158,$);
#17230=PLANE('',#17194);
#17266=POLY_LOOP('',(#17128,#17108,#17107));
#17302=FACE_OUTER_BOUND('',#17266,.T.);
#17338=FACE_SURFACE('',(#17302),#17230,.T.);
#17159=DIRECTION('',(0.7071068,-0.7071068,0.));
#17195=AXIS2_PLACEMENT_3D('',#17128,#17159,$);
#17231=PLANE('',#17195);
#17267=POLY_LOOP('',(#17128,#17107,#17127));
#17303=FACE_OUTER_BOUND('',#17267,.T.);
#17339=FACE_SURFACE('',(#17303),#17231,.T.);
#17160=DIRECTION('',(0.8191517,-0.5735769,0.));
#17196=AXIS2_PLACEMENT_3D('',#17129,#17160,$);
#17232=PLANE('',#17196);
#17268=POLY_LOOP('',(#17129,#17108,#17128));
#17304=FACE_OUTER_BOUND('',#17268,.T.);
#17340=FACE_SURFACE('',(#17304),#17232,.T.);
#17161=DIRECTION('',(0.8191517,-0.5735769,0.));
#17197=AXIS2_PLACEMENT_3D('',#17129,#17161,$);
#17233=PLANE('',#17197);
#17269=POLY_LOOP('',(#17129,#17109,#17108));
#17305=FACE_OUTER_BOUND('',#17269,.T.);
#17341=FACE_SURFACE('',(#17305),#17233,.T.);
#17162=DIRECTION('',(0.9063086,-0.4226165,0.));
#17198=AXIS2_PLACEMENT_3D('',#17130,#17162,$);
#17234=PLANE('',#17198);
#17270=POLY_LOOP('',(#17130,#17109,#17129));
#17306=FACE_OUTER_BOUND('',#17270,.T.);
#17342=FACE_SURFACE('',(#17306),#17234,.T.);
#17163=DIRECTION('',(0.9063086,-0.4226165,0.));
#17199=AXIS2_PLACEMENT_3D('',#17130,#17163,$);
#17235=PLANE('',#17199);
#17271=POLY_LOOP('',(#17130,#17110,#17109));
#17307=FACE_OUTER_BOUND('',#17271,.T.);
#17343=FACE_SURFACE('',(#17307),#17235,.T.);
#17164=DIRECTION('',(0.965926,-0.2588183,0.));
#17200=AXIS2_PLACEMENT_3D('',#17131,#17164,$);
#17236=PLANE('',#17200);
#17272=POLY_LOOP('',(#17131,#17110,#17130));
#17308=FACE_OUTER_BOUND('',#17272,.T.);
#17344=FACE_SURFACE('',(#17308),#17236,.T.);
#17165=DIRECTION('',(0.965926,-0.2588183,0.));
#17201=AXIS2_PLACEMENT_3D('',#17131,#17165,$);
#17237=PLANE('',#17201);
#17273=POLY_LOOP('',(#17131,#17111,#17110));
#17309=FACE_OUTER_BOUND('',#17273,.T.);
#17345=FACE_SURFACE('',(#17309),#17237,.T.);
#17166=DIRECTION('',(0.9961947,-0.08715556,0.));
#17202=AXIS2_PLACEMENT_3D('',#17113,#17166,$);
#17238=PLANE('',#17202);
#17274=POLY_LOOP('',(#17113,#17111,#17131));
#17310=FACE_OUTER_BOUND('',#17274,.T.);
#17346=FACE_SURFACE('',(#17310),#17238,.T.);
#17167=DIRECTION('',(0.9961947,-0.08715556,0.));
#17203=AXIS2_PLACEMENT_3D('',#17113,#17167,$);
#17239=PLANE('',#17203);
#17275=POLY_LOOP('',(#17113,#17112,#17111));
#17311=FACE_OUTER_BOUND('',#17275,.T.);
#17347=FACE_SURFACE('',(#17311),#17239,.T.);
#17348=CLOSED_SHELL('',(#17312,#17313,#17314,#17315,#17316,#17317,#17318,#17319,#17320,#17321,#17322,#17323,#17324,#17325,#17326,#17327,#17328,#17329,#17330,#17331,#17332,#17333,#17334,#17335,#17336,#17337,#17338,#17339,#17340,#17341,#17342,#17343,#17344,#17345,#17346,#17347));
#17349=FACETED_BREP('',#17348);
#17350=CARTESIAN_POINT('',(-0.000725,-0.00125,0.000025));
#17351=CARTESIAN_POINT('',(-0.000725,-0.000949995,0.000025));
#17352=CARTESIAN_POINT('',(-0.000725,-0.00125,0.0001));
#17353=CARTESIAN_POINT('',(-0.000725,-0.000949995,0.0001));
#17354=DIRECTION('',(1.,0.,0.));
#17356=AXIS2_PLACEMENT_3D('',#17352,#17354,$);
#17358=PLANE('',#17356);
#17360=POLY_LOOP('',(#17352,#17350,#17351));
#17362=FACE_OUTER_BOUND('',#17360,.T.);
#17364=FACE_SURFACE('',(#17362),#17358,.T.);
#17355=DIRECTION('',(1.,0.,0.));
#17357=AXIS2_PLACEMENT_3D('',#17352,#17355,$);
#17359=PLANE('',#17357);
#17361=POLY_LOOP('',(#17352,#17351,#17353));
#17363=FACE_OUTER_BOUND('',#17361,.T.);
#17365=FACE_SURFACE('',(#17363),#17359,.T.);
#17366=CLOSED_SHELL('',(#17364,#17365));
#17367=FACETED_BREP('',#17366);
#17368=CARTESIAN_POINT('',(-0.000925,-0.00125,0.000025));
#17369=CARTESIAN_POINT('',(-0.000925,-0.00075,0.000025));
#17370=CARTESIAN_POINT('',(-0.000925,-0.00075,0.0001));
#17371=CARTESIAN_POINT('',(-0.000925,-0.00125,0.0001));
#17372=DIRECTION('',(-1.,0.,0.));
#17374=AXIS2_PLACEMENT_3D('',#17370,#17372,$);
#17376=PLANE('',#17374);
#17378=POLY_LOOP('',(#17370,#17369,#17368));
#17380=FACE_OUTER_BOUND('',#17378,.T.);
#17382=FACE_SURFACE('',(#17380),#17376,.T.);
#17373=DIRECTION('',(-1.,0.,0.));
#17375=AXIS2_PLACEMENT_3D('',#17370,#17373,$);
#17377=PLANE('',#17375);
#17379=POLY_LOOP('',(#17370,#17368,#17371));
#17381=FACE_OUTER_BOUND('',#17379,.T.);
#17383=FACE_SURFACE('',(#17381),#17377,.T.);
#17384=CLOSED_SHELL('',(#17382,#17383));
#17385=FACETED_BREP('',#17384);
#17386=CARTESIAN_POINT('',(-0.0015,-0.00075,0.000025));
#17387=CARTESIAN_POINT('',(-0.000925,-0.00075,0.000025));
#17388=CARTESIAN_POINT('',(-0.0015,-0.00075,0.0001));
#17389=CARTESIAN_POINT('',(-0.000925,-0.00075,0.0001));
#17390=DIRECTION('',(0.,-1.,0.));
#17392=AXIS2_PLACEMENT_3D('',#17388,#17390,$);
#17394=PLANE('',#17392);
#17396=POLY_LOOP('',(#17388,#17386,#17387));
#17398=FACE_OUTER_BOUND('',#17396,.T.);
#17400=FACE_SURFACE('',(#17398),#17394,.T.);
#17391=DIRECTION('',(0.,-1.,0.));
#17393=AXIS2_PLACEMENT_3D('',#17388,#17391,$);
#17395=PLANE('',#17393);
#17397=POLY_LOOP('',(#17388,#17387,#17389));
#17399=FACE_OUTER_BOUND('',#17397,.T.);
#17401=FACE_SURFACE('',(#17399),#17395,.T.);
#17402=CLOSED_SHELL('',(#17400,#17401));
#17403=FACETED_BREP('',#17402);
#17404=CARTESIAN_POINT('',(-0.0015,0.000293485,0.000025));
#17405=CARTESIAN_POINT('',(-0.001175,0.000293485,0.000025));
#17406=CARTESIAN_POINT('',(-0.001175,0.000293485,0.0001));
#17407=CARTESIAN_POINT('',(-0.0015,0.000293485,0.0001));
#17408=DIRECTION('',(0.,1.,0.));
#17410=AXIS2_PLACEMENT_3D('',#17406,#17408,$);
#17412=PLANE('',#17410);
#17414=POLY_LOOP('',(#17406,#17405,#17404));
#17416=FACE_OUTER_BOUND('',#17414,.T.);
#17418=FACE_SURFACE('',(#17416),#17412,.T.);
#17409=DIRECTION('',(0.,1.,0.));
#17411=AXIS2_PLACEMENT_3D('',#17406,#17409,$);
#17413=PLANE('',#17411);
#17415=POLY_LOOP('',(#17406,#17404,#17407));
#17417=FACE_OUTER_BOUND('',#17415,.T.);
#17419=FACE_SURFACE('',(#17417),#17413,.T.);
#17420=CLOSED_SHELL('',(#17418,#17419));
#17421=FACETED_BREP('',#17420);
#17422=CARTESIAN_POINT('',(-0.001175,0.000293485,0.000025));
#17423=CARTESIAN_POINT('',(-0.001157635,0.0002950042,0.000025));
#17424=CARTESIAN_POINT('',(-0.001140798,0.0002995157,0.000025));
#17425=CARTESIAN_POINT('',(-0.001125,0.0003068825,0.000025));
#17426=CARTESIAN_POINT('',(-0.001110721,0.0003168806,0.000025));
#17427=CARTESIAN_POINT('',(-0.001098396,0.0003292062,0.000025));
#17428=CARTESIAN_POINT('',(-0.001088397,0.000343485,0.000025));
#17429=CARTESIAN_POINT('',(-0.001081031,0.000359283,0.000025));
#17430=CARTESIAN_POINT('',(-0.001076519,0.0003761202,0.000025));
#17431=CARTESIAN_POINT('',(-0.001075,0.000393485,0.000025));
#17432=CARTESIAN_POINT('',(-0.001076519,0.0004108498,0.000025));
#17433=CARTESIAN_POINT('',(-0.001081031,0.000427687,0.000025));
#17434=CARTESIAN_POINT('',(-0.001088397,0.000443485,0.000025));
#17435=CARTESIAN_POINT('',(-0.001098396,0.0004577638,0.000025));
#17436=CARTESIAN_POINT('',(-0.001110721,0.0004700894,0.000025));
#17437=CARTESIAN_POINT('',(-0.001125,0.0004800875,0.000025));
#17438=CARTESIAN_POINT('',(-0.001140798,0.0004874543,0.000025));
#17439=CARTESIAN_POINT('',(-0.001157635,0.0004919658,0.000025));
#17440=CARTESIAN_POINT('',(-0.001175,0.000493485,0.000025));
#17441=CARTESIAN_POINT('',(-0.001175,0.000493485,0.0001));
#17442=CARTESIAN_POINT('',(-0.001175,0.000293485,0.0001));
#17443=CARTESIAN_POINT('',(-0.001157635,0.0002950042,0.0001));
#17444=CARTESIAN_POINT('',(-0.001140798,0.0002995157,0.0001));
#17445=CARTESIAN_POINT('',(-0.001125,0.0003068825,0.0001));
#17446=CARTESIAN_POINT('',(-0.001110721,0.0003168806,0.0001));
#17447=CARTESIAN_POINT('',(-0.001098396,0.0003292062,0.0001));
#17448=CARTESIAN_POINT('',(-0.001088397,0.000343485,0.0001));
#17449=CARTESIAN_POINT('',(-0.001081031,0.000359283,0.0001));
#17450=CARTESIAN_POINT('',(-0.001076519,0.0003761202,0.0001));
#17451=CARTESIAN_POINT('',(-0.001075,0.000393485,0.0001));
#17452=CARTESIAN_POINT('',(-0.001076519,0.0004108498,0.0001));
#17453=CARTESIAN_POINT('',(-0.001081031,0.000427687,0.0001));
#17454=CARTESIAN_POINT('',(-0.001088397,0.000443485,0.0001));
#17455=CARTESIAN_POINT('',(-0.001098396,0.0004577638,0.0001));
#17456=CARTESIAN_POINT('',(-0.001110721,0.0004700894,0.0001));
#17457=CARTESIAN_POINT('',(-0.001125,0.0004800875,0.0001));
#17458=CARTESIAN_POINT('',(-0.001140798,0.0004874543,0.0001));
#17459=CARTESIAN_POINT('',(-0.001157635,0.0004919658,0.0001));
#17460=DIRECTION('',(-0.08715527,0.9961947,0.));
#17496=AXIS2_PLACEMENT_3D('',#17443,#17460,$);
#17532=PLANE('',#17496);
#17568=POLY_LOOP('',(#17443,#17423,#17422));
#17604=FACE_OUTER_BOUND('',#17568,.T.);
#17640=FACE_SURFACE('',(#17604),#17532,.T.);
#17461=DIRECTION('',(-0.08715527,0.9961947,0.));
#17497=AXIS2_PLACEMENT_3D('',#17443,#17461,$);
#17533=PLANE('',#17497);
#17569=POLY_LOOP('',(#17443,#17422,#17442));
#17605=FACE_OUTER_BOUND('',#17569,.T.);
#17641=FACE_SURFACE('',(#17605),#17533,.T.);
#17462=DIRECTION('',(-0.2588191,0.9659258,0.));
#17498=AXIS2_PLACEMENT_3D('',#17444,#17462,$);
#17534=PLANE('',#17498);
#17570=POLY_LOOP('',(#17444,#17424,#17423));
#17606=FACE_OUTER_BOUND('',#17570,.T.);
#17642=FACE_SURFACE('',(#17606),#17534,.T.);
#17463=DIRECTION('',(-0.2588191,0.9659258,0.));
#17499=AXIS2_PLACEMENT_3D('',#17444,#17463,$);
#17535=PLANE('',#17499);
#17571=POLY_LOOP('',(#17444,#17423,#17443));
#17607=FACE_OUTER_BOUND('',#17571,.T.);
#17643=FACE_SURFACE('',(#17607),#17535,.T.);
#17464=DIRECTION('',(-0.4226179,0.906308,0.));
#17500=AXIS2_PLACEMENT_3D('',#17445,#17464,$);
#17536=PLANE('',#17500);
#17572=POLY_LOOP('',(#17445,#17425,#17424));
#17608=FACE_OUTER_BOUND('',#17572,.T.);
#17644=FACE_SURFACE('',(#17608),#17536,.T.);
#17465=DIRECTION('',(-0.4226179,0.906308,0.));
#17501=AXIS2_PLACEMENT_3D('',#17445,#17465,$);
#17537=PLANE('',#17501);
#17573=POLY_LOOP('',(#17445,#17424,#17444));
#17609=FACE_OUTER_BOUND('',#17573,.T.);
#17645=FACE_SURFACE('',(#17609),#17537,.T.);
#17466=DIRECTION('',(-0.5735784,0.8191506,0.));
#17502=AXIS2_PLACEMENT_3D('',#17446,#17466,$);
#17538=PLANE('',#17502);
#17574=POLY_LOOP('',(#17446,#17426,#17425));
#17610=FACE_OUTER_BOUND('',#17574,.T.);
#17646=FACE_SURFACE('',(#17610),#17538,.T.);
#17467=DIRECTION('',(-0.5735784,0.8191506,0.));
#17503=AXIS2_PLACEMENT_3D('',#17446,#17467,$);
#17539=PLANE('',#17503);
#17575=POLY_LOOP('',(#17446,#17425,#17445));
#17611=FACE_OUTER_BOUND('',#17575,.T.);
#17647=FACE_SURFACE('',(#17611),#17539,.T.);
#17468=DIRECTION('',(-0.7071059,0.7071076,0.));
#17504=AXIS2_PLACEMENT_3D('',#17447,#17468,$);
#17540=PLANE('',#17504);
#17576=POLY_LOOP('',(#17447,#17427,#17426));
#17612=FACE_OUTER_BOUND('',#17576,.T.);
#17648=FACE_SURFACE('',(#17612),#17540,.T.);
#17469=DIRECTION('',(-0.7071059,0.7071076,0.));
#17505=AXIS2_PLACEMENT_3D('',#17447,#17469,$);
#17541=PLANE('',#17505);
#17577=POLY_LOOP('',(#17447,#17426,#17446));
#17613=FACE_OUTER_BOUND('',#17577,.T.);
#17649=FACE_SURFACE('',(#17613),#17541,.T.);
#17470=DIRECTION('',(-0.8191523,0.5735761,0.));
#17506=AXIS2_PLACEMENT_3D('',#17448,#17470,$);
#17542=PLANE('',#17506);
#17578=POLY_LOOP('',(#17448,#17428,#17427));
#17614=FACE_OUTER_BOUND('',#17578,.T.);
#17650=FACE_SURFACE('',(#17614),#17542,.T.);
#17471=DIRECTION('',(-0.8191523,0.5735761,0.));
#17507=AXIS2_PLACEMENT_3D('',#17448,#17471,$);
#17543=PLANE('',#17507);
#17579=POLY_LOOP('',(#17448,#17427,#17447));
#17615=FACE_OUTER_BOUND('',#17579,.T.);
#17651=FACE_SURFACE('',(#17615),#17543,.T.);
#17472=DIRECTION('',(-0.9063067,0.4226206,0.));
#17508=AXIS2_PLACEMENT_3D('',#17449,#17472,$);
#17544=PLANE('',#17508);
#17580=POLY_LOOP('',(#17449,#17429,#17428));
#17616=FACE_OUTER_BOUND('',#17580,.T.);
#17652=FACE_SURFACE('',(#17616),#17544,.T.);
#17473=DIRECTION('',(-0.9063067,0.4226206,0.));
#17509=AXIS2_PLACEMENT_3D('',#17449,#17473,$);
#17545=PLANE('',#17509);
#17581=POLY_LOOP('',(#17449,#17428,#17448));
#17617=FACE_OUTER_BOUND('',#17581,.T.);
#17653=FACE_SURFACE('',(#17617),#17545,.T.);
#17474=DIRECTION('',(-0.9659269,0.2588151,0.));
#17510=AXIS2_PLACEMENT_3D('',#17450,#17474,$);
#17546=PLANE('',#17510);
#17582=POLY_LOOP('',(#17450,#17430,#17429));
#17618=FACE_OUTER_BOUND('',#17582,.T.);
#17654=FACE_SURFACE('',(#17618),#17546,.T.);
#17475=DIRECTION('',(-0.9659269,0.2588151,0.));
#17511=AXIS2_PLACEMENT_3D('',#17450,#17475,$);
#17547=PLANE('',#17511);
#17583=POLY_LOOP('',(#17450,#17429,#17449));
#17619=FACE_OUTER_BOUND('',#17583,.T.);
#17655=FACE_SURFACE('',(#17619),#17547,.T.);
#17476=DIRECTION('',(-0.9961947,0.08715541,0.));
#17512=AXIS2_PLACEMENT_3D('',#17451,#17476,$);
#17548=PLANE('',#17512);
#17584=POLY_LOOP('',(#17451,#17431,#17430));
#17620=FACE_OUTER_BOUND('',#17584,.T.);
#17656=FACE_SURFACE('',(#17620),#17548,.T.);
#17477=DIRECTION('',(-0.9961947,0.08715541,0.));
#17513=AXIS2_PLACEMENT_3D('',#17451,#17477,$);
#17549=PLANE('',#17513);
#17585=POLY_LOOP('',(#17451,#17430,#17450));
#17621=FACE_OUTER_BOUND('',#17585,.T.);
#17657=FACE_SURFACE('',(#17621),#17549,.T.);
#17478=DIRECTION('',(-0.9961947,-0.08715556,0.));
#17514=AXIS2_PLACEMENT_3D('',#17452,#17478,$);
#17550=PLANE('',#17514);
#17586=POLY_LOOP('',(#17452,#17432,#17431));
#17622=FACE_OUTER_BOUND('',#17586,.T.);
#17658=FACE_SURFACE('',(#17622),#17550,.T.);
#17479=DIRECTION('',(-0.9961947,-0.08715556,0.));
#17515=AXIS2_PLACEMENT_3D('',#17452,#17479,$);
#17551=PLANE('',#17515);
#17587=POLY_LOOP('',(#17452,#17431,#17451));
#17623=FACE_OUTER_BOUND('',#17587,.T.);
#17659=FACE_SURFACE('',(#17623),#17551,.T.);
#17480=DIRECTION('',(-0.9659269,-0.2588151,0.));
#17516=AXIS2_PLACEMENT_3D('',#17453,#17480,$);
#17552=PLANE('',#17516);
#17588=POLY_LOOP('',(#17453,#17433,#17432));
#17624=FACE_OUTER_BOUND('',#17588,.T.);
#17660=FACE_SURFACE('',(#17624),#17552,.T.);
#17481=DIRECTION('',(-0.9659269,-0.2588151,0.));
#17517=AXIS2_PLACEMENT_3D('',#17453,#17481,$);
#17553=PLANE('',#17517);
#17589=POLY_LOOP('',(#17453,#17432,#17452));
#17625=FACE_OUTER_BOUND('',#17589,.T.);
#17661=FACE_SURFACE('',(#17625),#17553,.T.);
#17482=DIRECTION('',(-0.906307,-0.4226199,0.));
#17518=AXIS2_PLACEMENT_3D('',#17454,#17482,$);
#17554=PLANE('',#17518);
#17590=POLY_LOOP('',(#17454,#17434,#17433));
#17626=FACE_OUTER_BOUND('',#17590,.T.);
#17662=FACE_SURFACE('',(#17626),#17554,.T.);
#17483=DIRECTION('',(-0.906307,-0.4226199,0.));
#17519=AXIS2_PLACEMENT_3D('',#17454,#17483,$);
#17555=PLANE('',#17519);
#17591=POLY_LOOP('',(#17454,#17433,#17453));
#17627=FACE_OUTER_BOUND('',#17591,.T.);
#17663=FACE_SURFACE('',(#17627),#17555,.T.);
#17484=DIRECTION('',(-0.8191517,-0.5735769,0.));
#17520=AXIS2_PLACEMENT_3D('',#17455,#17484,$);
#17556=PLANE('',#17520);
#17592=POLY_LOOP('',(#17455,#17435,#17434));
#17628=FACE_OUTER_BOUND('',#17592,.T.);
#17664=FACE_SURFACE('',(#17628),#17556,.T.);
#17485=DIRECTION('',(-0.8191517,-0.5735769,0.));
#17521=AXIS2_PLACEMENT_3D('',#17455,#17485,$);
#17557=PLANE('',#17521);
#17593=POLY_LOOP('',(#17455,#17434,#17454));
#17629=FACE_OUTER_BOUND('',#17593,.T.);
#17665=FACE_SURFACE('',(#17629),#17557,.T.);
#17486=DIRECTION('',(-0.7071059,-0.7071076,0.));
#17522=AXIS2_PLACEMENT_3D('',#17456,#17486,$);
#17558=PLANE('',#17522);
#17594=POLY_LOOP('',(#17456,#17436,#17435));
#17630=FACE_OUTER_BOUND('',#17594,.T.);
#17666=FACE_SURFACE('',(#17630),#17558,.T.);
#17487=DIRECTION('',(-0.7071059,-0.7071076,0.));
#17523=AXIS2_PLACEMENT_3D('',#17456,#17487,$);
#17559=PLANE('',#17523);
#17595=POLY_LOOP('',(#17456,#17435,#17455));
#17631=FACE_OUTER_BOUND('',#17595,.T.);
#17667=FACE_SURFACE('',(#17631),#17559,.T.);
#17488=DIRECTION('',(-0.5735784,-0.8191506,0.));
#17524=AXIS2_PLACEMENT_3D('',#17457,#17488,$);
#17560=PLANE('',#17524);
#17596=POLY_LOOP('',(#17457,#17436,#17456));
#17632=FACE_OUTER_BOUND('',#17596,.T.);
#17668=FACE_SURFACE('',(#17632),#17560,.T.);
#17489=DIRECTION('',(-0.5735784,-0.8191506,0.));
#17525=AXIS2_PLACEMENT_3D('',#17457,#17489,$);
#17561=PLANE('',#17525);
#17597=POLY_LOOP('',(#17457,#17437,#17436));
#17633=FACE_OUTER_BOUND('',#17597,.T.);
#17669=FACE_SURFACE('',(#17633),#17561,.T.);
#17490=DIRECTION('',(-0.4226179,-0.906308,0.));
#17526=AXIS2_PLACEMENT_3D('',#17458,#17490,$);
#17562=PLANE('',#17526);
#17598=POLY_LOOP('',(#17458,#17437,#17457));
#17634=FACE_OUTER_BOUND('',#17598,.T.);
#17670=FACE_SURFACE('',(#17634),#17562,.T.);
#17491=DIRECTION('',(-0.4226179,-0.906308,0.));
#17527=AXIS2_PLACEMENT_3D('',#17458,#17491,$);
#17563=PLANE('',#17527);
#17599=POLY_LOOP('',(#17458,#17438,#17437));
#17635=FACE_OUTER_BOUND('',#17599,.T.);
#17671=FACE_SURFACE('',(#17635),#17563,.T.);
#17492=DIRECTION('',(-0.2588207,-0.9659254,0.));
#17528=AXIS2_PLACEMENT_3D('',#17459,#17492,$);
#17564=PLANE('',#17528);
#17600=POLY_LOOP('',(#17459,#17438,#17458));
#17636=FACE_OUTER_BOUND('',#17600,.T.);
#17672=FACE_SURFACE('',(#17636),#17564,.T.);
#17493=DIRECTION('',(-0.2588207,-0.9659254,0.));
#17529=AXIS2_PLACEMENT_3D('',#17459,#17493,$);
#17565=PLANE('',#17529);
#17601=POLY_LOOP('',(#17459,#17439,#17438));
#17637=FACE_OUTER_BOUND('',#17601,.T.);
#17673=FACE_SURFACE('',(#17637),#17565,.T.);
#17494=DIRECTION('',(-0.08715527,-0.9961947,0.));
#17530=AXIS2_PLACEMENT_3D('',#17441,#17494,$);
#17566=PLANE('',#17530);
#17602=POLY_LOOP('',(#17441,#17439,#17459));
#17638=FACE_OUTER_BOUND('',#17602,.T.);
#17674=FACE_SURFACE('',(#17638),#17566,.T.);
#17495=DIRECTION('',(-0.08715527,-0.9961947,0.));
#17531=AXIS2_PLACEMENT_3D('',#17441,#17495,$);
#17567=PLANE('',#17531);
#17603=POLY_LOOP('',(#17441,#17440,#17439));
#17639=FACE_OUTER_BOUND('',#17603,.T.);
#17675=FACE_SURFACE('',(#17639),#17567,.T.);
#17676=CLOSED_SHELL('',(#17640,#17641,#17642,#17643,#17644,#17645,#17646,#17647,#17648,#17649,#17650,#17651,#17652,#17653,#17654,#17655,#17656,#17657,#17658,#17659,#17660,#17661,#17662,#17663,#17664,#17665,#17666,#17667,#17668,#17669,#17670,#17671,#17672,#17673,#17674,#17675));
#17677=FACETED_BREP('',#17676);
#17678=CARTESIAN_POINT('',(-0.0015,0.000493485,0.000025));
#17679=CARTESIAN_POINT('',(-0.001175,0.000493485,0.000025));
#17680=CARTESIAN_POINT('',(-0.0015,0.000493485,0.0001));
#17681=CARTESIAN_POINT('',(-0.001175,0.000493485,0.0001));
#17682=DIRECTION('',(0.,-1.,0.));
#17684=AXIS2_PLACEMENT_3D('',#17680,#17682,$);
#17686=PLANE('',#17684);
#17688=POLY_LOOP('',(#17680,#17678,#17679));
#17690=FACE_OUTER_BOUND('',#17688,.T.);
#17692=FACE_SURFACE('',(#17690),#17686,.T.);
#17683=DIRECTION('',(0.,-1.,0.));
#17685=AXIS2_PLACEMENT_3D('',#17680,#17683,$);
#17687=PLANE('',#17685);
#17689=POLY_LOOP('',(#17680,#17679,#17681));
#17691=FACE_OUTER_BOUND('',#17689,.T.);
#17693=FACE_SURFACE('',(#17691),#17687,.T.);
#17694=CLOSED_SHELL('',(#17692,#17693));
#17695=FACETED_BREP('',#17694);
#17696=CARTESIAN_POINT('',(-0.0015,-0.000106515,0.000025));
#17697=CARTESIAN_POINT('',(-0.001175,-0.000106515,0.000025));
#17698=CARTESIAN_POINT('',(-0.001175,-0.000106515,0.0001));
#17699=CARTESIAN_POINT('',(-0.0015,-0.000106515,0.0001));
#17700=DIRECTION('',(0.,1.,0.));
#17702=AXIS2_PLACEMENT_3D('',#17698,#17700,$);
#17704=PLANE('',#17702);
#17706=POLY_LOOP('',(#17698,#17697,#17696));
#17708=FACE_OUTER_BOUND('',#17706,.T.);
#17710=FACE_SURFACE('',(#17708),#17704,.T.);
#17701=DIRECTION('',(0.,1.,0.));
#17703=AXIS2_PLACEMENT_3D('',#17698,#17701,$);
#17705=PLANE('',#17703);
#17707=POLY_LOOP('',(#17698,#17696,#17699));
#17709=FACE_OUTER_BOUND('',#17707,.T.);
#17711=FACE_SURFACE('',(#17709),#17705,.T.);
#17712=CLOSED_SHELL('',(#17710,#17711));
#17713=FACETED_BREP('',#17712);
#17714=CARTESIAN_POINT('',(-0.001175,-0.000106515,0.000025));
#17715=CARTESIAN_POINT('',(-0.001157635,-0.0001049958,0.000025));
#17716=CARTESIAN_POINT('',(-0.001140798,-0.0001004843,0.000025));
#17717=CARTESIAN_POINT('',(-0.001125,-0.00009311754,0.000025));
#17718=CARTESIAN_POINT('',(-0.001110721,-0.00008311944,0.000025));
#17719=CARTESIAN_POINT('',(-0.001098396,-0.00007079376,0.000025));
#17720=CARTESIAN_POINT('',(-0.001088397,-0.000056515,0.000025));
#17721=CARTESIAN_POINT('',(-0.001081031,-0.00004071702,0.000025));
#17722=CARTESIAN_POINT('',(-0.001076519,-0.00002387982,0.000025));
#17723=CARTESIAN_POINT('',(-0.001075,-0.000006515,0.000025));
#17724=CARTESIAN_POINT('',(-0.001076519,0.00001084982,0.000025));
#17725=CARTESIAN_POINT('',(-0.001081031,0.00002768701,0.000025));
#17726=CARTESIAN_POINT('',(-0.001088397,0.000043485,0.000025));
#17727=CARTESIAN_POINT('',(-0.001098396,0.00005776376,0.000025));
#17728=CARTESIAN_POINT('',(-0.001110721,0.00007008945,0.000025));
#17729=CARTESIAN_POINT('',(-0.001125,0.00008008754,0.000025));
#17730=CARTESIAN_POINT('',(-0.001140798,0.00008745426,0.000025));
#17731=CARTESIAN_POINT('',(-0.001157635,0.00009196578,0.000025));
#17732=CARTESIAN_POINT('',(-0.001175,0.000093485,0.000025));
#17733=CARTESIAN_POINT('',(-0.001175,0.000093485,0.0001));
#17734=CARTESIAN_POINT('',(-0.001175,-0.000106515,0.0001));
#17735=CARTESIAN_POINT('',(-0.001157635,-0.0001049958,0.0001));
#17736=CARTESIAN_POINT('',(-0.001140798,-0.0001004843,0.0001));
#17737=CARTESIAN_POINT('',(-0.001125,-0.00009311754,0.0001));
#17738=CARTESIAN_POINT('',(-0.001110721,-0.00008311944,0.0001));
#17739=CARTESIAN_POINT('',(-0.001098396,-0.00007079376,0.0001));
#17740=CARTESIAN_POINT('',(-0.001088397,-0.000056515,0.0001));
#17741=CARTESIAN_POINT('',(-0.001081031,-0.00004071702,0.0001));
#17742=CARTESIAN_POINT('',(-0.001076519,-0.00002387982,0.0001));
#17743=CARTESIAN_POINT('',(-0.001075,-0.000006515,0.0001));
#17744=CARTESIAN_POINT('',(-0.001076519,0.00001084982,0.0001));
#17745=CARTESIAN_POINT('',(-0.001081031,0.00002768701,0.0001));
#17746=CARTESIAN_POINT('',(-0.001088397,0.000043485,0.0001));
#17747=CARTESIAN_POINT('',(-0.001098396,0.00005776376,0.0001));
#17748=CARTESIAN_POINT('',(-0.001110721,0.00007008945,0.0001));
#17749=CARTESIAN_POINT('',(-0.001125,0.00008008754,0.0001));
#17750=CARTESIAN_POINT('',(-0.001140798,0.00008745426,0.0001));
#17751=CARTESIAN_POINT('',(-0.001157635,0.00009196578,0.0001));
#17752=DIRECTION('',(-0.08715568,0.9961947,0.));
#17788=AXIS2_PLACEMENT_3D('',#17735,#17752,$);
#17824=PLANE('',#17788);
#17860=POLY_LOOP('',(#17735,#17715,#17714));
#17896=FACE_OUTER_BOUND('',#17860,.T.);
#17932=FACE_SURFACE('',(#17896),#17824,.T.);
#17753=DIRECTION('',(-0.08715568,0.9961947,0.));
#17789=AXIS2_PLACEMENT_3D('',#17735,#17753,$);
#17825=PLANE('',#17789);
#17861=POLY_LOOP('',(#17735,#17714,#17734));
#17897=FACE_OUTER_BOUND('',#17861,.T.);
#17933=FACE_SURFACE('',(#17897),#17825,.T.);
#17754=DIRECTION('',(-0.2588195,0.9659257,0.));
#17790=AXIS2_PLACEMENT_3D('',#17736,#17754,$);
#17826=PLANE('',#17790);
#17862=POLY_LOOP('',(#17736,#17716,#17715));
#17898=FACE_OUTER_BOUND('',#17862,.T.);
#17934=FACE_SURFACE('',(#17898),#17826,.T.);
#17755=DIRECTION('',(-0.2588195,0.9659257,0.));
#17791=AXIS2_PLACEMENT_3D('',#17736,#17755,$);
#17827=PLANE('',#17791);
#17863=POLY_LOOP('',(#17736,#17715,#17735));
#17899=FACE_OUTER_BOUND('',#17863,.T.);
#17935=FACE_SURFACE('',(#17899),#17827,.T.);
#17756=DIRECTION('',(-0.4226176,0.9063081,0.));
#17792=AXIS2_PLACEMENT_3D('',#17737,#17756,$);
#17828=PLANE('',#17792);
#17864=POLY_LOOP('',(#17737,#17717,#17716));
#17900=FACE_OUTER_BOUND('',#17864,.T.);
#17936=FACE_SURFACE('',(#17900),#17828,.T.);
#17757=DIRECTION('',(-0.4226176,0.9063081,0.));
#17793=AXIS2_PLACEMENT_3D('',#17737,#17757,$);
#17829=PLANE('',#17793);
#17865=POLY_LOOP('',(#17737,#17716,#17736));
#17901=FACE_OUTER_BOUND('',#17865,.T.);
#17937=FACE_SURFACE('',(#17901),#17829,.T.);
#17758=DIRECTION('',(-0.5735784,0.8191506,0.));
#17794=AXIS2_PLACEMENT_3D('',#17738,#17758,$);
#17830=PLANE('',#17794);
#17866=POLY_LOOP('',(#17738,#17718,#17717));
#17902=FACE_OUTER_BOUND('',#17866,.T.);
#17938=FACE_SURFACE('',(#17902),#17830,.T.);
#17759=DIRECTION('',(-0.5735784,0.8191506,0.));
#17795=AXIS2_PLACEMENT_3D('',#17738,#17759,$);
#17831=PLANE('',#17795);
#17867=POLY_LOOP('',(#17738,#17717,#17737));
#17903=FACE_OUTER_BOUND('',#17867,.T.);
#17939=FACE_SURFACE('',(#17903),#17831,.T.);
#17760=DIRECTION('',(-0.7071062,0.7071074,0.));
#17796=AXIS2_PLACEMENT_3D('',#17739,#17760,$);
#17832=PLANE('',#17796);
#17868=POLY_LOOP('',(#17739,#17719,#17718));
#17904=FACE_OUTER_BOUND('',#17868,.T.);
#17940=FACE_SURFACE('',(#17904),#17832,.T.);
#17761=DIRECTION('',(-0.7071062,0.7071074,0.));
#17797=AXIS2_PLACEMENT_3D('',#17739,#17761,$);
#17833=PLANE('',#17797);
#17869=POLY_LOOP('',(#17739,#17718,#17738));
#17905=FACE_OUTER_BOUND('',#17869,.T.);
#17941=FACE_SURFACE('',(#17905),#17833,.T.);
#17762=DIRECTION('',(-0.819152,0.5735766,0.));
#17798=AXIS2_PLACEMENT_3D('',#17740,#17762,$);
#17834=PLANE('',#17798);
#17870=POLY_LOOP('',(#17740,#17720,#17719));
#17906=FACE_OUTER_BOUND('',#17870,.T.);
#17942=FACE_SURFACE('',(#17906),#17834,.T.);
#17763=DIRECTION('',(-0.819152,0.5735766,0.));
#17799=AXIS2_PLACEMENT_3D('',#17740,#17763,$);
#17835=PLANE('',#17799);
#17871=POLY_LOOP('',(#17740,#17719,#17739));
#17907=FACE_OUTER_BOUND('',#17871,.T.);
#17943=FACE_SURFACE('',(#17907),#17835,.T.);
#17764=DIRECTION('',(-0.9063069,0.4226202,0.));
#17800=AXIS2_PLACEMENT_3D('',#17741,#17764,$);
#17836=PLANE('',#17800);
#17872=POLY_LOOP('',(#17741,#17721,#17720));
#17908=FACE_OUTER_BOUND('',#17872,.T.);
#17944=FACE_SURFACE('',(#17908),#17836,.T.);
#17765=DIRECTION('',(-0.9063069,0.4226202,0.));
#17801=AXIS2_PLACEMENT_3D('',#17741,#17765,$);
#17837=PLANE('',#17801);
#17873=POLY_LOOP('',(#17741,#17720,#17740));
#17909=FACE_OUTER_BOUND('',#17873,.T.);
#17945=FACE_SURFACE('',(#17909),#17837,.T.);
#17766=DIRECTION('',(-0.9659268,0.2588153,0.));
#17802=AXIS2_PLACEMENT_3D('',#17742,#17766,$);
#17838=PLANE('',#17802);
#17874=POLY_LOOP('',(#17742,#17722,#17721));
#17910=FACE_OUTER_BOUND('',#17874,.T.);
#17946=FACE_SURFACE('',(#17910),#17838,.T.);
#17767=DIRECTION('',(-0.9659268,0.2588153,0.));
#17803=AXIS2_PLACEMENT_3D('',#17742,#17767,$);
#17839=PLANE('',#17803);
#17875=POLY_LOOP('',(#17742,#17721,#17741));
#17911=FACE_OUTER_BOUND('',#17875,.T.);
#17947=FACE_SURFACE('',(#17911),#17839,.T.);
#17768=DIRECTION('',(-0.9961947,0.08715547,0.));
#17804=AXIS2_PLACEMENT_3D('',#17743,#17768,$);
#17840=PLANE('',#17804);
#17876=POLY_LOOP('',(#17743,#17723,#17722));
#17912=FACE_OUTER_BOUND('',#17876,.T.);
#17948=FACE_SURFACE('',(#17912),#17840,.T.);
#17769=DIRECTION('',(-0.9961947,0.08715547,0.));
#17805=AXIS2_PLACEMENT_3D('',#17743,#17769,$);
#17841=PLANE('',#17805);
#17877=POLY_LOOP('',(#17743,#17722,#17742));
#17913=FACE_OUTER_BOUND('',#17877,.T.);
#17949=FACE_SURFACE('',(#17913),#17841,.T.);
#17770=DIRECTION('',(-0.9961947,-0.08715547,0.));
#17806=AXIS2_PLACEMENT_3D('',#17744,#17770,$);
#17842=PLANE('',#17806);
#17878=POLY_LOOP('',(#17744,#17724,#17723));
#17914=FACE_OUTER_BOUND('',#17878,.T.);
#17950=FACE_SURFACE('',(#17914),#17842,.T.);
#17771=DIRECTION('',(-0.9961947,-0.08715547,0.));
#17807=AXIS2_PLACEMENT_3D('',#17744,#17771,$);
#17843=PLANE('',#17807);
#17879=POLY_LOOP('',(#17744,#17723,#17743));
#17915=FACE_OUTER_BOUND('',#17879,.T.);
#17951=FACE_SURFACE('',(#17915),#17843,.T.);
#17772=DIRECTION('',(-0.9659268,-0.2588153,0.));
#17808=AXIS2_PLACEMENT_3D('',#17745,#17772,$);
#17844=PLANE('',#17808);
#17880=POLY_LOOP('',(#17745,#17725,#17724));
#17916=FACE_OUTER_BOUND('',#17880,.T.);
#17952=FACE_SURFACE('',(#17916),#17844,.T.);
#17773=DIRECTION('',(-0.9659268,-0.2588153,0.));
#17809=AXIS2_PLACEMENT_3D('',#17745,#17773,$);
#17845=PLANE('',#17809);
#17881=POLY_LOOP('',(#17745,#17724,#17744));
#17917=FACE_OUTER_BOUND('',#17881,.T.);
#17953=FACE_SURFACE('',(#17917),#17845,.T.);
#17774=DIRECTION('',(-0.9063069,-0.4226201,0.));
#17810=AXIS2_PLACEMENT_3D('',#17746,#17774,$);
#17846=PLANE('',#17810);
#17882=POLY_LOOP('',(#17746,#17726,#17725));
#17918=FACE_OUTER_BOUND('',#17882,.T.);
#17954=FACE_SURFACE('',(#17918),#17846,.T.);
#17775=DIRECTION('',(-0.9063069,-0.4226201,0.));
#17811=AXIS2_PLACEMENT_3D('',#17746,#17775,$);
#17847=PLANE('',#17811);
#17883=POLY_LOOP('',(#17746,#17725,#17745));
#17919=FACE_OUTER_BOUND('',#17883,.T.);
#17955=FACE_SURFACE('',(#17919),#17847,.T.);
#17776=DIRECTION('',(-0.819152,-0.5735765,0.));
#17812=AXIS2_PLACEMENT_3D('',#17747,#17776,$);
#17848=PLANE('',#17812);
#17884=POLY_LOOP('',(#17747,#17727,#17726));
#17920=FACE_OUTER_BOUND('',#17884,.T.);
#17956=FACE_SURFACE('',(#17920),#17848,.T.);
#17777=DIRECTION('',(-0.819152,-0.5735765,0.));
#17813=AXIS2_PLACEMENT_3D('',#17747,#17777,$);
#17849=PLANE('',#17813);
#17885=POLY_LOOP('',(#17747,#17726,#17746));
#17921=FACE_OUTER_BOUND('',#17885,.T.);
#17957=FACE_SURFACE('',(#17921),#17849,.T.);
#17778=DIRECTION('',(-0.7071062,-0.7071074,0.));
#17814=AXIS2_PLACEMENT_3D('',#17748,#17778,$);
#17850=PLANE('',#17814);
#17886=POLY_LOOP('',(#17748,#17728,#17727));
#17922=FACE_OUTER_BOUND('',#17886,.T.);
#17958=FACE_SURFACE('',(#17922),#17850,.T.);
#17779=DIRECTION('',(-0.7071062,-0.7071074,0.));
#17815=AXIS2_PLACEMENT_3D('',#17748,#17779,$);
#17851=PLANE('',#17815);
#17887=POLY_LOOP('',(#17748,#17727,#17747));
#17923=FACE_OUTER_BOUND('',#17887,.T.);
#17959=FACE_SURFACE('',(#17923),#17851,.T.);
#17780=DIRECTION('',(-0.5735784,-0.8191506,0.));
#17816=AXIS2_PLACEMENT_3D('',#17749,#17780,$);
#17852=PLANE('',#17816);
#17888=POLY_LOOP('',(#17749,#17728,#17748));
#17924=FACE_OUTER_BOUND('',#17888,.T.);
#17960=FACE_SURFACE('',(#17924),#17852,.T.);
#17781=DIRECTION('',(-0.5735784,-0.8191506,0.));
#17817=AXIS2_PLACEMENT_3D('',#17749,#17781,$);
#17853=PLANE('',#17817);
#17889=POLY_LOOP('',(#17749,#17729,#17728));
#17925=FACE_OUTER_BOUND('',#17889,.T.);
#17961=FACE_SURFACE('',(#17925),#17853,.T.);
#17782=DIRECTION('',(-0.4226172,-0.9063083,0.));
#17818=AXIS2_PLACEMENT_3D('',#17750,#17782,$);
#17854=PLANE('',#17818);
#17890=POLY_LOOP('',(#17750,#17729,#17749));
#17926=FACE_OUTER_BOUND('',#17890,.T.);
#17962=FACE_SURFACE('',(#17926),#17854,.T.);
#17783=DIRECTION('',(-0.4226172,-0.9063083,0.));
#17819=AXIS2_PLACEMENT_3D('',#17750,#17783,$);
#17855=PLANE('',#17819);
#17891=POLY_LOOP('',(#17750,#17730,#17729));
#17927=FACE_OUTER_BOUND('',#17891,.T.);
#17963=FACE_SURFACE('',(#17927),#17855,.T.);
#17784=DIRECTION('',(-0.2588199,-0.9659256,0.));
#17820=AXIS2_PLACEMENT_3D('',#17751,#17784,$);
#17856=PLANE('',#17820);
#17892=POLY_LOOP('',(#17751,#17730,#17750));
#17928=FACE_OUTER_BOUND('',#17892,.T.);
#17964=FACE_SURFACE('',(#17928),#17856,.T.);
#17785=DIRECTION('',(-0.2588199,-0.9659256,0.));
#17821=AXIS2_PLACEMENT_3D('',#17751,#17785,$);
#17857=PLANE('',#17821);
#17893=POLY_LOOP('',(#17751,#17731,#17730));
#17929=FACE_OUTER_BOUND('',#17893,.T.);
#17965=FACE_SURFACE('',(#17929),#17857,.T.);
#17786=DIRECTION('',(-0.08715568,-0.9961947,0.));
#17822=AXIS2_PLACEMENT_3D('',#17733,#17786,$);
#17858=PLANE('',#17822);
#17894=POLY_LOOP('',(#17733,#17731,#17751));
#17930=FACE_OUTER_BOUND('',#17894,.T.);
#17966=FACE_SURFACE('',(#17930),#17858,.T.);
#17787=DIRECTION('',(-0.08715568,-0.9961947,0.));
#17823=AXIS2_PLACEMENT_3D('',#17733,#17787,$);
#17859=PLANE('',#17823);
#17895=POLY_LOOP('',(#17733,#17732,#17731));
#17931=FACE_OUTER_BOUND('',#17895,.T.);
#17967=FACE_SURFACE('',(#17931),#17859,.T.);
#17968=CLOSED_SHELL('',(#17932,#17933,#17934,#17935,#17936,#17937,#17938,#17939,#17940,#17941,#17942,#17943,#17944,#17945,#17946,#17947,#17948,#17949,#17950,#17951,#17952,#17953,#17954,#17955,#17956,#17957,#17958,#17959,#17960,#17961,#17962,#17963,#17964,#17965,#17966,#17967));
#17969=FACETED_BREP('',#17968);
#17970=CARTESIAN_POINT('',(-0.0015,0.000093485,0.000025));
#17971=CARTESIAN_POINT('',(-0.001175,0.000093485,0.000025));
#17972=CARTESIAN_POINT('',(-0.0015,0.000093485,0.0001));
#17973=CARTESIAN_POINT('',(-0.001175,0.000093485,0.0001));
#17974=DIRECTION('',(0.,-1.,0.));
#17976=AXIS2_PLACEMENT_3D('',#17972,#17974,$);
#17978=PLANE('',#17976);
#17980=POLY_LOOP('',(#17972,#17970,#17971));
#17982=FACE_OUTER_BOUND('',#17980,.T.);
#17984=FACE_SURFACE('',(#17982),#17978,.T.);
#17975=DIRECTION('',(0.,-1.,0.));
#17977=AXIS2_PLACEMENT_3D('',#17972,#17975,$);
#17979=PLANE('',#17977);
#17981=POLY_LOOP('',(#17972,#17971,#17973));
#17983=FACE_OUTER_BOUND('',#17981,.T.);
#17985=FACE_SURFACE('',(#17983),#17979,.T.);
#17986=CLOSED_SHELL('',(#17984,#17985));
#17987=FACETED_BREP('',#17986);
#17988=CARTESIAN_POINT('',(-0.0015,-0.000506515,0.000025));
#17989=CARTESIAN_POINT('',(-0.001175,-0.000506515,0.000025));
#17990=CARTESIAN_POINT('',(-0.001175,-0.000506515,0.0001));
#17991=CARTESIAN_POINT('',(-0.0015,-0.000506515,0.0001));
#17992=DIRECTION('',(0.,1.,0.));
#17994=AXIS2_PLACEMENT_3D('',#17990,#17992,$);
#17996=PLANE('',#17994);
#17998=POLY_LOOP('',(#17990,#17989,#17988));
#18000=FACE_OUTER_BOUND('',#17998,.T.);
#18002=FACE_SURFACE('',(#18000),#17996,.T.);
#17993=DIRECTION('',(0.,1.,0.));
#17995=AXIS2_PLACEMENT_3D('',#17990,#17993,$);
#17997=PLANE('',#17995);
#17999=POLY_LOOP('',(#17990,#17988,#17991));
#18001=FACE_OUTER_BOUND('',#17999,.T.);
#18003=FACE_SURFACE('',(#18001),#17997,.T.);
#18004=CLOSED_SHELL('',(#18002,#18003));
#18005=FACETED_BREP('',#18004);
#18006=CARTESIAN_POINT('',(-0.001175,-0.000506515,0.000025));
#18007=CARTESIAN_POINT('',(-0.001157635,-0.0005049958,0.000025));
#18008=CARTESIAN_POINT('',(-0.001140798,-0.0005004843,0.000025));
#18009=CARTESIAN_POINT('',(-0.001125,-0.0004931175,0.000025));
#18010=CARTESIAN_POINT('',(-0.001110721,-0.0004831195,0.000025));
#18011=CARTESIAN_POINT('',(-0.001098396,-0.0004707937,0.000025));
#18012=CARTESIAN_POINT('',(-0.001088397,-0.000456515,0.000025));
#18013=CARTESIAN_POINT('',(-0.001081031,-0.000440717,0.000025));
#18014=CARTESIAN_POINT('',(-0.001076519,-0.0004238798,0.000025));
#18015=CARTESIAN_POINT('',(-0.001075,-0.000406515,0.000025));
#18016=CARTESIAN_POINT('',(-0.001076519,-0.0003891502,0.000025));
#18017=CARTESIAN_POINT('',(-0.001081031,-0.000372313,0.000025));
#18018=CARTESIAN_POINT('',(-0.001088397,-0.000356515,0.000025));
#18019=CARTESIAN_POINT('',(-0.001098396,-0.0003422362,0.000025));
#18020=CARTESIAN_POINT('',(-0.001110721,-0.0003299105,0.000025));
#18021=CARTESIAN_POINT('',(-0.001125,-0.0003199124,0.000025));
#18022=CARTESIAN_POINT('',(-0.001140798,-0.0003125457,0.000025));
#18023=CARTESIAN_POINT('',(-0.001157635,-0.0003080342,0.000025));
#18024=CARTESIAN_POINT('',(-0.001175,-0.000306515,0.000025));
#18025=CARTESIAN_POINT('',(-0.001175,-0.000306515,0.0001));
#18026=CARTESIAN_POINT('',(-0.001175,-0.000506515,0.0001));
#18027=CARTESIAN_POINT('',(-0.001157635,-0.0005049958,0.0001));
#18028=CARTESIAN_POINT('',(-0.001140798,-0.0005004843,0.0001));
#18029=CARTESIAN_POINT('',(-0.001125,-0.0004931175,0.0001));
#18030=CARTESIAN_POINT('',(-0.001110721,-0.0004831195,0.0001));
#18031=CARTESIAN_POINT('',(-0.001098396,-0.0004707937,0.0001));
#18032=CARTESIAN_POINT('',(-0.001088397,-0.000456515,0.0001));
#18033=CARTESIAN_POINT('',(-0.001081031,-0.000440717,0.0001));
#18034=CARTESIAN_POINT('',(-0.001076519,-0.0004238798,0.0001));
#18035=CARTESIAN_POINT('',(-0.001075,-0.000406515,0.0001));
#18036=CARTESIAN_POINT('',(-0.001076519,-0.0003891502,0.0001));
#18037=CARTESIAN_POINT('',(-0.001081031,-0.000372313,0.0001));
#18038=CARTESIAN_POINT('',(-0.001088397,-0.000356515,0.0001));
#18039=CARTESIAN_POINT('',(-0.001098396,-0.0003422362,0.0001));
#18040=CARTESIAN_POINT('',(-0.001110721,-0.0003299105,0.0001));
#18041=CARTESIAN_POINT('',(-0.001125,-0.0003199124,0.0001));
#18042=CARTESIAN_POINT('',(-0.001140798,-0.0003125457,0.0001));
#18043=CARTESIAN_POINT('',(-0.001157635,-0.0003080342,0.0001));
#18044=DIRECTION('',(-0.08715527,0.9961947,0.));
#18080=AXIS2_PLACEMENT_3D('',#18027,#18044,$);
#18116=PLANE('',#18080);
#18152=POLY_LOOP('',(#18027,#18007,#18006));
#18188=FACE_OUTER_BOUND('',#18152,.T.);
#18224=FACE_SURFACE('',(#18188),#18116,.T.);
#18045=DIRECTION('',(-0.08715527,0.9961947,0.));
#18081=AXIS2_PLACEMENT_3D('',#18027,#18045,$);
#18117=PLANE('',#18081);
#18153=POLY_LOOP('',(#18027,#18006,#18026));
#18189=FACE_OUTER_BOUND('',#18153,.T.);
#18225=FACE_SURFACE('',(#18189),#18117,.T.);
#18046=DIRECTION('',(-0.2588191,0.9659258,0.));
#18082=AXIS2_PLACEMENT_3D('',#18028,#18046,$);
#18118=PLANE('',#18082);
#18154=POLY_LOOP('',(#18028,#18008,#18007));
#18190=FACE_OUTER_BOUND('',#18154,.T.);
#18226=FACE_SURFACE('',(#18190),#18118,.T.);
#18047=DIRECTION('',(-0.2588191,0.9659258,0.));
#18083=AXIS2_PLACEMENT_3D('',#18028,#18047,$);
#18119=PLANE('',#18083);
#18155=POLY_LOOP('',(#18028,#18007,#18027));
#18191=FACE_OUTER_BOUND('',#18155,.T.);
#18227=FACE_SURFACE('',(#18191),#18119,.T.);
#18048=DIRECTION('',(-0.4226165,0.9063086,0.));
#18084=AXIS2_PLACEMENT_3D('',#18029,#18048,$);
#18120=PLANE('',#18084);
#18156=POLY_LOOP('',(#18029,#18009,#18008));
#18192=FACE_OUTER_BOUND('',#18156,.T.);
#18228=FACE_SURFACE('',(#18192),#18120,.T.);
#18049=DIRECTION('',(-0.4226165,0.9063086,0.));
#18085=AXIS2_PLACEMENT_3D('',#18029,#18049,$);
#18121=PLANE('',#18085);
#18157=POLY_LOOP('',(#18029,#18008,#18028));
#18193=FACE_OUTER_BOUND('',#18157,.T.);
#18229=FACE_SURFACE('',(#18193),#18121,.T.);
#18050=DIRECTION('',(-0.5735784,0.8191506,0.));
#18086=AXIS2_PLACEMENT_3D('',#18030,#18050,$);
#18122=PLANE('',#18086);
#18158=POLY_LOOP('',(#18030,#18010,#18009));
#18194=FACE_OUTER_BOUND('',#18158,.T.);
#18230=FACE_SURFACE('',(#18194),#18122,.T.);
#18051=DIRECTION('',(-0.5735784,0.8191506,0.));
#18087=AXIS2_PLACEMENT_3D('',#18030,#18051,$);
#18123=PLANE('',#18087);
#18159=POLY_LOOP('',(#18030,#18009,#18029));
#18195=FACE_OUTER_BOUND('',#18159,.T.);
#18231=FACE_SURFACE('',(#18195),#18123,.T.);
#18052=DIRECTION('',(-0.7071068,0.7071068,0.));
#18088=AXIS2_PLACEMENT_3D('',#18031,#18052,$);
#18124=PLANE('',#18088);
#18160=POLY_LOOP('',(#18031,#18011,#18010));
#18196=FACE_OUTER_BOUND('',#18160,.T.);
#18232=FACE_SURFACE('',(#18196),#18124,.T.);
#18053=DIRECTION('',(-0.7071068,0.7071068,0.));
#18089=AXIS2_PLACEMENT_3D('',#18031,#18053,$);
#18125=PLANE('',#18089);
#18161=POLY_LOOP('',(#18031,#18010,#18030));
#18197=FACE_OUTER_BOUND('',#18161,.T.);
#18233=FACE_SURFACE('',(#18197),#18125,.T.);
#18054=DIRECTION('',(-0.8191517,0.5735769,0.));
#18090=AXIS2_PLACEMENT_3D('',#18032,#18054,$);
#18126=PLANE('',#18090);
#18162=POLY_LOOP('',(#18032,#18012,#18011));
#18198=FACE_OUTER_BOUND('',#18162,.T.);
#18234=FACE_SURFACE('',(#18198),#18126,.T.);
#18055=DIRECTION('',(-0.8191517,0.5735769,0.));
#18091=AXIS2_PLACEMENT_3D('',#18032,#18055,$);
#18127=PLANE('',#18091);
#18163=POLY_LOOP('',(#18032,#18011,#18031));
#18199=FACE_OUTER_BOUND('',#18163,.T.);
#18235=FACE_SURFACE('',(#18199),#18127,.T.);
#18056=DIRECTION('',(-0.906307,0.4226199,0.));
#18092=AXIS2_PLACEMENT_3D('',#18033,#18056,$);
#18128=PLANE('',#18092);
#18164=POLY_LOOP('',(#18033,#18013,#18012));
#18200=FACE_OUTER_BOUND('',#18164,.T.);
#18236=FACE_SURFACE('',(#18200),#18128,.T.);
#18057=DIRECTION('',(-0.906307,0.4226199,0.));
#18093=AXIS2_PLACEMENT_3D('',#18033,#18057,$);
#18129=PLANE('',#18093);
#18165=POLY_LOOP('',(#18033,#18012,#18032));
#18201=FACE_OUTER_BOUND('',#18165,.T.);
#18237=FACE_SURFACE('',(#18201),#18129,.T.);
#18058=DIRECTION('',(-0.9659268,0.2588156,0.));
#18094=AXIS2_PLACEMENT_3D('',#18034,#18058,$);
#18130=PLANE('',#18094);
#18166=POLY_LOOP('',(#18034,#18014,#18013));
#18202=FACE_OUTER_BOUND('',#18166,.T.);
#18238=FACE_SURFACE('',(#18202),#18130,.T.);
#18059=DIRECTION('',(-0.9659268,0.2588156,0.));
#18095=AXIS2_PLACEMENT_3D('',#18034,#18059,$);
#18131=PLANE('',#18095);
#18167=POLY_LOOP('',(#18034,#18013,#18033));
#18203=FACE_OUTER_BOUND('',#18167,.T.);
#18239=FACE_SURFACE('',(#18203),#18131,.T.);
#18060=DIRECTION('',(-0.9961947,0.08715541,0.));
#18096=AXIS2_PLACEMENT_3D('',#18035,#18060,$);
#18132=PLANE('',#18096);
#18168=POLY_LOOP('',(#18035,#18015,#18014));
#18204=FACE_OUTER_BOUND('',#18168,.T.);
#18240=FACE_SURFACE('',(#18204),#18132,.T.);
#18061=DIRECTION('',(-0.9961947,0.08715541,0.));
#18097=AXIS2_PLACEMENT_3D('',#18035,#18061,$);
#18133=PLANE('',#18097);
#18169=POLY_LOOP('',(#18035,#18014,#18034));
#18205=FACE_OUTER_BOUND('',#18169,.T.);
#18241=FACE_SURFACE('',(#18205),#18133,.T.);
#18062=DIRECTION('',(-0.9961947,-0.08715541,0.));
#18098=AXIS2_PLACEMENT_3D('',#18036,#18062,$);
#18134=PLANE('',#18098);
#18170=POLY_LOOP('',(#18036,#18016,#18015));
#18206=FACE_OUTER_BOUND('',#18170,.T.);
#18242=FACE_SURFACE('',(#18206),#18134,.T.);
#18063=DIRECTION('',(-0.9961947,-0.08715541,0.));
#18099=AXIS2_PLACEMENT_3D('',#18036,#18063,$);
#18135=PLANE('',#18099);
#18171=POLY_LOOP('',(#18036,#18015,#18035));
#18207=FACE_OUTER_BOUND('',#18171,.T.);
#18243=FACE_SURFACE('',(#18207),#18135,.T.);
#18064=DIRECTION('',(-0.9659268,-0.2588156,0.));
#18100=AXIS2_PLACEMENT_3D('',#18037,#18064,$);
#18136=PLANE('',#18100);
#18172=POLY_LOOP('',(#18037,#18017,#18016));
#18208=FACE_OUTER_BOUND('',#18172,.T.);
#18244=FACE_SURFACE('',(#18208),#18136,.T.);
#18065=DIRECTION('',(-0.9659268,-0.2588156,0.));
#18101=AXIS2_PLACEMENT_3D('',#18037,#18065,$);
#18137=PLANE('',#18101);
#18173=POLY_LOOP('',(#18037,#18016,#18036));
#18209=FACE_OUTER_BOUND('',#18173,.T.);
#18245=FACE_SURFACE('',(#18209),#18137,.T.);
#18066=DIRECTION('',(-0.906307,-0.4226199,0.));
#18102=AXIS2_PLACEMENT_3D('',#18038,#18066,$);
#18138=PLANE('',#18102);
#18174=POLY_LOOP('',(#18038,#18018,#18017));
#18210=FACE_OUTER_BOUND('',#18174,.T.);
#18246=FACE_SURFACE('',(#18210),#18138,.T.);
#18067=DIRECTION('',(-0.906307,-0.4226199,0.));
#18103=AXIS2_PLACEMENT_3D('',#18038,#18067,$);
#18139=PLANE('',#18103);
#18175=POLY_LOOP('',(#18038,#18017,#18037));
#18211=FACE_OUTER_BOUND('',#18175,.T.);
#18247=FACE_SURFACE('',(#18211),#18139,.T.);
#18068=DIRECTION('',(-0.8191517,-0.5735769,0.));
#18104=AXIS2_PLACEMENT_3D('',#18039,#18068,$);
#18140=PLANE('',#18104);
#18176=POLY_LOOP('',(#18039,#18019,#18018));
#18212=FACE_OUTER_BOUND('',#18176,.T.);
#18248=FACE_SURFACE('',(#18212),#18140,.T.);
#18069=DIRECTION('',(-0.8191517,-0.5735769,0.));
#18105=AXIS2_PLACEMENT_3D('',#18039,#18069,$);
#18141=PLANE('',#18105);
#18177=POLY_LOOP('',(#18039,#18018,#18038));
#18213=FACE_OUTER_BOUND('',#18177,.T.);
#18249=FACE_SURFACE('',(#18213),#18141,.T.);
#18070=DIRECTION('',(-0.7071068,-0.7071068,0.));
#18106=AXIS2_PLACEMENT_3D('',#18040,#18070,$);
#18142=PLANE('',#18106);
#18178=POLY_LOOP('',(#18040,#18020,#18019));
#18214=FACE_OUTER_BOUND('',#18178,.T.);
#18250=FACE_SURFACE('',(#18214),#18142,.T.);
#18071=DIRECTION('',(-0.7071068,-0.7071068,0.));
#18107=AXIS2_PLACEMENT_3D('',#18040,#18071,$);
#18143=PLANE('',#18107);
#18179=POLY_LOOP('',(#18040,#18019,#18039));
#18215=FACE_OUTER_BOUND('',#18179,.T.);
#18251=FACE_SURFACE('',(#18215),#18143,.T.);
#18072=DIRECTION('',(-0.5735784,-0.8191506,0.));
#18108=AXIS2_PLACEMENT_3D('',#18041,#18072,$);
#18144=PLANE('',#18108);
#18180=POLY_LOOP('',(#18041,#18020,#18040));
#18216=FACE_OUTER_BOUND('',#18180,.T.);
#18252=FACE_SURFACE('',(#18216),#18144,.T.);
#18073=DIRECTION('',(-0.5735784,-0.8191506,0.));
#18109=AXIS2_PLACEMENT_3D('',#18041,#18073,$);
#18145=PLANE('',#18109);
#18181=POLY_LOOP('',(#18041,#18021,#18020));
#18217=FACE_OUTER_BOUND('',#18181,.T.);
#18253=FACE_SURFACE('',(#18217),#18145,.T.);
#18074=DIRECTION('',(-0.4226165,-0.9063086,0.));
#18110=AXIS2_PLACEMENT_3D('',#18042,#18074,$);
#18146=PLANE('',#18110);
#18182=POLY_LOOP('',(#18042,#18021,#18041));
#18218=FACE_OUTER_BOUND('',#18182,.T.);
#18254=FACE_SURFACE('',(#18218),#18146,.T.);
#18075=DIRECTION('',(-0.4226165,-0.9063086,0.));
#18111=AXIS2_PLACEMENT_3D('',#18042,#18075,$);
#18147=PLANE('',#18111);
#18183=POLY_LOOP('',(#18042,#18022,#18021));
#18219=FACE_OUTER_BOUND('',#18183,.T.);
#18255=FACE_SURFACE('',(#18219),#18147,.T.);
#18076=DIRECTION('',(-0.2588207,-0.9659254,0.));
#18112=AXIS2_PLACEMENT_3D('',#18043,#18076,$);
#18148=PLANE('',#18112);
#18184=POLY_LOOP('',(#18043,#18022,#18042));
#18220=FACE_OUTER_BOUND('',#18184,.T.);
#18256=FACE_SURFACE('',(#18220),#18148,.T.);
#18077=DIRECTION('',(-0.2588207,-0.9659254,0.));
#18113=AXIS2_PLACEMENT_3D('',#18043,#18077,$);
#18149=PLANE('',#18113);
#18185=POLY_LOOP('',(#18043,#18023,#18022));
#18221=FACE_OUTER_BOUND('',#18185,.T.);
#18257=FACE_SURFACE('',(#18221),#18149,.T.);
#18078=DIRECTION('',(-0.08715527,-0.9961947,0.));
#18114=AXIS2_PLACEMENT_3D('',#18025,#18078,$);
#18150=PLANE('',#18114);
#18186=POLY_LOOP('',(#18025,#18023,#18043));
#18222=FACE_OUTER_BOUND('',#18186,.T.);
#18258=FACE_SURFACE('',(#18222),#18150,.T.);
#18079=DIRECTION('',(-0.08715527,-0.9961947,0.));
#18115=AXIS2_PLACEMENT_3D('',#18025,#18079,$);
#18151=PLANE('',#18115);
#18187=POLY_LOOP('',(#18025,#18024,#18023));
#18223=FACE_OUTER_BOUND('',#18187,.T.);
#18259=FACE_SURFACE('',(#18223),#18151,.T.);
#18260=CLOSED_SHELL('',(#18224,#18225,#18226,#18227,#18228,#18229,#18230,#18231,#18232,#18233,#18234,#18235,#18236,#18237,#18238,#18239,#18240,#18241,#18242,#18243,#18244,#18245,#18246,#18247,#18248,#18249,#18250,#18251,#18252,#18253,#18254,#18255,#18256,#18257,#18258,#18259));
#18261=FACETED_BREP('',#18260);
#18262=CARTESIAN_POINT('',(-0.0015,-0.000306515,0.000025));
#18263=CARTESIAN_POINT('',(-0.001175,-0.000306515,0.000025));
#18264=CARTESIAN_POINT('',(-0.0015,-0.000306515,0.0001));
#18265=CARTESIAN_POINT('',(-0.001175,-0.000306515,0.0001));
#18266=DIRECTION('',(0.,-1.,0.));
#18268=AXIS2_PLACEMENT_3D('',#18264,#18266,$);
#18270=PLANE('',#18268);
#18272=POLY_LOOP('',(#18264,#18262,#18263));
#18274=FACE_OUTER_BOUND('',#18272,.T.);
#18276=FACE_SURFACE('',(#18274),#18270,.T.);
#18267=DIRECTION('',(0.,-1.,0.));
#18269=AXIS2_PLACEMENT_3D('',#18264,#18267,$);
#18271=PLANE('',#18269);
#18273=POLY_LOOP('',(#18264,#18263,#18265));
#18275=FACE_OUTER_BOUND('',#18273,.T.);
#18277=FACE_SURFACE('',(#18275),#18271,.T.);
#18278=CLOSED_SHELL('',(#18276,#18277));
#18279=FACETED_BREP('',#18278);
#18289=ADVANCED_BREP_SHAPE_REPRESENTATION('',(#18283,#58,#76,#94,#112,#130,#148,#166,#184,#223,#360,#616,#634,#652,#670,#807,#944,#1200,#1218,#1236,#1254,#1391,#1528,#1784,#1802,#1820,#1838,#1975,#2007,#2025,#2043,#2061,#2079,#2097,#2115,#2147,#2284,#2540,#2558,#2576,#2594,#2731,#2868,#3124,#3142,#3160,#3178,#3315,#3452,#3708,#3726,#3744,#3762,#3899,#4036,#4292,#4310,#4328,#4346,#4483,#4515,#4533,#4551,#4569,#4587,#4605,#4623,#4655,#4792,#5048,#5066,#5084,#5102,#5239,#5376,#5632,#5650,#5668,#5686,#5823,#5960,#6216,#6234,#6252,#6270,#6407,#6439,#6457,#6475,#6493,#6511,#6529,#6547,#6579,#6716,#6734,#6752,#6770,#7026,#7163,#7300,#7318,#7336,#7354,#7610,#7747,#7884,#7902,#7920,#7938,#8194,#8331,#8468,#8486,#8504,#8522,#8778,#8915,#8933,#11072,#11090,#11108,#11126,#11144,#11302,#11334,#11471,#11608,#11745,#11882,#11914,#12051,#12188,#12325,#12357,#12494,#12631,#12768,#12905,#12944,#13081,#13218,#13355,#13541,#13559,#13577,#13595,#13781,#13799,#13817,#13975,#13993,#14011,#14029,#14047,#14065,#14321,#14339,#14357,#14613,#14631,#14649,#14905,#14923,#14941,#14959,#14977,#14995,#15013,#15031,#15049,#15305,#15323,#15341,#15597,#15615,#15633,#15889,#15907,#15925,#16181,#16199,#16217,#16473,#16491,#16509,#16765,#16783,#16801,#17057,#17075,#17093,#17349,#17367,#17385,#17403,#17421,#17677,#17695,#17713,#17969,#17987,#18005,#18261,#18279),#18288);
ENDSEC;
END-ISO-10303-21;
